{"type":"FeatureCollection","features":[{"type":"Feature","geometry":{"type":"Polygon","coordinates":[[[-118.66817600012067,34.189866999975415],[-118.66817000027288,34.187522999722695],[-118.66816900044796,34.18715499966833],[-118.66816400042509,34.18514800015236],[-118.66815600002919,34.1849799999097],[-118.66815299965614,34.184926000211838],[-118.66816299970188,34.184681000309006],[-118.66816199987696,34.184140999860752],[-118.66816100005204,34.183777999639553],[-118.66815799967901,34.182536000210732],[-118.66815600002919,34.181999999718848],[-118.66815400037935,34.181253000328574],[-118.66815699985412,34.181234999885582],[-118.66815299965614,34.176750000206674],[-118.66741100021461,34.176746999972991],[-118.66679500027146,34.176746999972991],[-118.66445799982213,34.176748999881085],[-118.66236300012051,34.176748999881085],[-118.66110500029491,34.176748999881085],[-118.65858899974546,34.176748999881085],[-118.65859499959326,34.176062999649197],[-118.65919200016815,34.175737000210262],[-118.65861899988271,34.175675000064999],[-118.65859499959326,34.175671999793089],[-118.65859799996633,34.175209000152442],[-118.65859799996633,34.175050999926491],[-118.65860899983697,34.173095000334946],[-118.65860899983697,34.17302499975019],[-118.65861800005781,34.171517000214401],[-118.65861800005781,34.171419000074103],[-118.65862899992847,34.169439999730351],[-118.65852699982121,34.169439000061303],[-118.65801700018326,34.169437999649041],[-118.65426399972465,34.16942700031602],[-118.65428100034141,34.165722000171336],[-118.65043599982127,34.165711000354072],[-118.64553400021536,34.165696000195538],[-118.64554500008602,34.163635999934115],[-118.64555000010888,34.162542000277924],[-118.64555299958363,34.161984999791336],[-118.64451700041423,34.161981999776089],[-118.64295200044198,34.161978000003351],[-118.64197499992552,34.161974999987862],[-118.64147699998314,34.161333999932772],[-118.64123799960855,34.161025999649141],[-118.64024699974665,34.159749999778796],[-118.64014299998959,34.159628999841033],[-118.64013999961654,34.159600999904434],[-118.64011500040048,34.159579999945862],[-118.63973499956059,34.159090999965557],[-118.63992299988155,34.159147999958627],[-118.63994200014814,34.159154000190391],[-118.63997399993519,34.159084999729316],[-118.64001099974509,34.15900500000761],[-118.63994999964571,34.158936999961533],[-118.63995800004163,34.158912999713607],[-118.640271999861,34.158737000164543],[-118.64028600010471,34.158729000311531],[-118.64029899962519,34.158722000253611],[-118.64083699975055,34.158502000262366],[-118.64093300000999,34.158462000134811],[-118.64109000036882,34.158398000337286],[-118.64123099993583,34.158340000037562],[-118.64126899957068,34.158325000056102],[-118.64126899957068,34.158314000018429],[-118.64126899957068,34.158136000358496],[-118.64126899957068,34.158103999970599],[-118.64127000029391,34.157924000257317],[-118.64127100011881,34.156784000348608],[-118.64127299976863,34.156717999640001],[-118.64121000001944,34.156744999969924],[-118.64094899990353,34.156850000262253],[-118.64069700000846,34.156941000013532],[-118.64041599980106,34.157030000034851],[-118.64016399990597,34.157110999956011],[-118.6396729996363,34.157258000137602],[-118.63914600027992,34.157413000041743],[-118.63882900008753,34.157518000246831],[-118.63877499966084,34.157542999957833],[-118.63863599974367,34.157606999660011],[-118.63853600018456,34.157655000148168],[-118.63848299958279,34.157597000081402],[-118.63734600013105,34.156324999725129],[-118.63216199959452,34.1505249996465],[-118.63210700024125,34.150558999717845],[-118.63160799957564,34.150865999632934],[-118.63143199984854,34.150961000179677],[-118.63125000027365,34.151087000074838],[-118.63051600032973,34.150565999708981],[-118.63025500021385,34.150381000067284],[-118.63019400011447,34.150195000123489],[-118.63007500028878,34.149833000249728],[-118.62993899984635,34.149864000153855],[-118.62981099979982,34.149893000245704],[-118.62979900010426,34.149857000104532],[-118.62971200006562,34.149590000127525],[-118.62956599957745,34.149145000025001],[-118.62942900020839,34.148725999813699],[-118.62897800012171,34.147349000330514],[-118.62899200036539,34.147273000368948],[-118.62451500000859,34.147267999968008],[-118.62378299971451,34.1472670000365],[-118.6228880001121,34.147267999968008],[-118.61906900042956,34.147273000368948],[-118.61699300009617,34.147276000163345],[-118.61663700044402,34.147273000368948],[-118.61497100018944,34.147277000094753],[-118.61497799986213,34.149267000024075],[-118.61258299968651,34.148357000161553],[-118.61224600030093,34.148229000070899],[-118.61219799972203,34.148207000337834],[-118.61214800039166,34.1481910001228],[-118.6101459996781,34.147429999871889],[-118.60964799973571,34.147239999650239],[-118.60626900026924,34.145956000066334],[-118.60581700035762,34.145785000024901],[-118.6056340000595,34.14571499984288],[-118.60456100018187,34.145306999964212],[-118.60191800030915,34.144302000069487],[-118.59850899980711,34.143006999895782],[-118.59546900027433,34.141851000199445],[-118.59193799957356,34.140508999848059],[-118.59030300017943,34.13988700005428],[-118.58949300006753,34.139579000366858],[-118.58897099983574,34.139381000134271],[-118.58403800026767,34.137515000027541],[-118.58203599955412,34.136757999752049],[-118.58127999986888,34.136471999633422],[-118.57761699982196,34.13506499965559],[-118.57573600038056,34.134341999646729],[-118.57414399974581,34.133739000073746],[-118.56873300032686,34.131687999888619],[-118.5658140002696,34.130573000112442],[-118.56531600032724,34.13038299990761],[-118.56499099973891,34.130258999888014],[-118.56475200026263,34.130167999650013],[-118.56494200023343,34.129860000233826],[-118.57249299955987,34.11762799990278],[-118.57277899979013,34.117165000336634],[-118.57547699991446,34.112795000021414],[-118.57632899985916,34.11141500010487],[-118.57738400019346,34.109705000035802],[-118.57898799962543,34.107105999770091],[-118.57994699970025,34.105551999878926],[-118.58460599963195,34.09800000010307],[-118.58575399985263,34.096139999698416],[-118.58690100024843,34.09427900026197],[-118.58711399978547,34.093934000351695],[-118.58716900003702,34.09384500009272],[-118.58759800038244,34.093149000081297],[-118.58827600024986,34.092050999811192],[-118.58984299987193,34.089510000351098],[-118.59123200011706,34.087259000245183],[-118.59321300001588,34.084047999705199],[-118.59330199970434,34.083903999978325],[-118.59346999993383,34.083629999697749],[-118.59463999989586,34.081735000323569],[-118.5951560002799,34.080898999963054],[-118.59563199958264,34.080126999865705],[-118.59778999993179,34.076629000339324],[-118.59788600019125,34.076473000350632],[-118.59804500019992,34.076214000254744],[-118.59898099981019,34.074698999718805],[-118.59912099955231,34.074472000215266],[-118.5991759998039,34.074382000283052],[-118.59918800039775,34.074362000037112],[-118.59920400029129,34.074337000281133],[-118.5981270002157,34.074149999669622],[-118.58798699964656,34.072394000066325],[-118.58703599996764,34.072229999865243],[-118.57750499966895,34.070578000097072],[-118.57039500038348,34.069345999983923],[-118.57037000026914,34.067428000209098],[-118.5703479996295,34.06571699982716],[-118.57029999994893,34.062083999743862],[-118.57016500022974,34.051728000170371],[-118.57012900024471,34.049083000085311],[-118.57012000002386,34.048186999904274],[-118.57010699960509,34.047117000283798],[-118.56989700044113,34.046724000138802],[-118.56793099971257,34.043039000097629],[-118.56733300021111,34.04191799982317],[-118.56731999979232,34.041888000241755],[-118.56725200002023,34.041761999948505],[-118.56714200041537,34.041559000116216],[-118.56714099969214,34.041382999739987],[-118.56716099978364,34.041328999847394],[-118.56717199965431,34.041274999920418],[-118.56717400020243,34.041262999849287],[-118.56717900022531,34.041228999762573],[-118.56772599967316,34.038349000170626],[-118.56772800022129,34.038338000160195],[-118.56792200039007,34.037385999946231],[-118.56864399974009,34.033502000011261],[-118.5692630000563,34.030234999922818],[-118.5706630001721,34.022887999764549],[-118.57157100019329,34.018032999660079],[-118.5733260001363,34.0086979997944],[-118.57361599966622,34.007325000136404],[-118.57102800004509,34.000012999873981],[-118.56907499973531,33.994517000334135],[-118.56835500003513,33.99249900026026],[-118.56698500005655,33.988628999787416],[-118.56684600013938,33.988267000137782],[-118.56968700037882,33.98881099972008],[-118.56923799994195,33.988711999890974],[-118.56638699965674,33.988084000207472],[-118.56313000038901,33.987824000194678],[-118.56311100012243,33.987822999869358],[-118.56259399991347,33.988251000228765],[-118.55686899977687,33.992987999928793],[-118.54837899956875,34.000011000255085],[-118.54608800004853,34.001906999876198],[-118.53461500020906,34.011215999633883],[-118.51942099969803,34.023543000153481],[-118.5176509996864,34.024979000007029],[-118.51761100040174,34.024939000020744],[-118.51741499968486,34.025180000285687],[-118.51607800021658,34.026261999655262],[-118.51603399983563,34.02630099989031],[-118.51596500023865,34.026356000286825],[-118.51593699975125,34.02638000017793],[-118.5159250000557,34.026389999634198],[-118.5152410003405,34.026939999929134],[-118.51518000024112,34.027070999963719],[-118.51498799972215,34.02754599986514],[-118.51471099971273,34.027873000284828],[-118.51461299980345,34.027929000259903],[-118.51453099978768,34.027996999914073],[-118.51412300025702,34.028421000207274],[-118.51405999960949,34.028490999904378],[-118.51397699976881,34.028567000105802],[-118.51388499970732,34.028630999869961],[-118.5138069998895,34.028678999847486],[-118.51372499987374,34.028739000153479],[-118.51350599959062,34.028990999784241],[-118.5132579998935,34.029285999857549],[-118.51264100012543,34.029928999814693],[-118.51232399993305,34.030194000354349],[-118.51195800023514,34.030497999861353],[-118.51188200006716,34.030551999948827],[-118.51168399970044,34.030668999896371],[-118.51150299995048,34.030800000129801],[-118.51138400012479,34.030944000022345],[-118.5112779998196,34.031066999814541],[-118.51113399987953,34.03116600015327],[-118.51087399958854,34.031303999801089],[-118.51069700003653,34.031414000028505],[-118.51060699962486,34.031512000151622],[-118.51046799970767,34.031712000036386],[-118.51036200030076,34.031840999790134],[-118.51024799959966,34.031961000354499],[-118.51010000035996,34.03207300008291],[-118.50994300000113,34.032190000166423],[-118.50981699960441,34.032322999887228],[-118.50971899969514,34.032453000000544],[-118.50962099978584,34.032571999901016],[-118.50947299964783,34.032701999632785],[-118.50934600032453,34.032794000238901],[-118.50920499985924,34.032843999684872],[-118.50890199991052,34.032914000199796],[-118.50867199975677,34.03297500028232],[-118.50871699996259,34.033033000198103],[-118.50869199984825,34.033087000161011],[-118.50866099988612,34.033151000238028],[-118.50875499959744,34.033272000228401],[-118.50880200035141,34.033357999993648],[-118.50870400044214,34.033961999939585],[-118.50821700037042,34.034835999855062],[-118.50816999961643,34.034962999785151],[-118.50778300000215,34.036012999783352],[-118.50768799956757,34.036268999905211],[-118.50794799985859,34.037468000300741],[-118.50808500012592,34.038099000258683],[-118.50821700037042,34.038091000159973],[-118.50821599964719,34.038185000341265],[-118.50818499968506,34.038336999685455],[-118.50826300040114,34.038349999900824],[-118.50815700009595,34.038781000127855],[-118.50811600008805,34.039077000124117],[-118.50834600024183,34.039154000240515],[-118.50832299977731,34.039205000124454],[-118.50809599999657,34.039130000240718],[-118.50755500039651,34.040069999995005],[-118.50753199993198,34.040075999742953],[-118.50731000017412,34.040195999824356],[-118.50659799997149,34.040582000287017],[-118.50522299997007,34.041058000170452],[-118.5046399996389,34.041260000017346],[-118.50458000026273,34.041292999651766],[-118.50427300011609,34.041009000054032],[-118.5039650001445,34.040723999803113],[-118.50360199992134,34.041100000141384],[-118.50253499989148,34.042204999897571],[-118.4988040000725,34.046069999706631],[-118.49774000041569,34.047171999838724],[-118.49687300040239,34.048070000300626],[-118.4954049996162,34.049590000075995],[-118.49533400036941,34.049721999712709],[-118.49490500002403,34.050209999945892],[-118.49485499979529,34.050345000360878],[-118.49464100043338,34.050162000242729],[-118.49447599967863,34.050432999854088],[-118.49453900032614,34.050486999903846],[-118.49446800018103,34.050560000247216],[-118.49434199978431,34.050450000286929],[-118.49386200028358,34.050044999642942],[-118.4937140001456,34.049921000236928],[-118.49364300000049,34.049862000365842],[-118.49302299985939,34.049328999732765],[-118.49295099988936,34.049266999900972],[-118.49273199960625,34.04907799983399],[-118.49267899990279,34.049032000187097],[-118.49225799995331,34.048650000149159],[-118.49201600010397,34.0484550002963],[-118.49182500030828,34.048302000120678],[-118.49148100035168,34.04801099988584],[-118.4914129996813,34.047956000130782],[-118.49128299998497,34.047841999807723],[-118.49111300010566,34.047692000363448],[-118.49051600042908,34.047183000192014],[-118.48998300032659,34.046724000138802],[-118.4896240003014,34.046417999963566],[-118.48938400010189,34.046213000092038],[-118.48888100013664,34.045781000029031],[-118.48879599974785,34.045708000037095],[-118.48842800040013,34.045397999840141],[-118.48782900017541,34.04488699999046],[-118.48726400028589,34.044398999639732],[-118.4870530003987,34.044224000352081],[-118.48697300003275,34.044157999629512],[-118.48690100006272,34.044099000214523],[-118.48678499971176,34.044002999816996],[-118.48656700015187,34.043820999819573],[-118.48617100031676,34.043479000322002],[-118.4856030000542,34.042995000247387],[-118.48537000042568,34.042797999944341],[-118.48522499976241,34.042672999937977],[-118.48515500034053,34.042612000129985],[-118.48501999972299,34.042495999959137],[-118.48496899966939,34.042451999827172],[-118.48444599961263,34.042007000305453],[-118.48414100001412,34.041761999948505],[-118.48398100018055,34.041634999776655],[-118.48376600009537,34.041430000252653],[-118.48349300028391,34.041658000120812],[-118.48307300015935,34.042003999755451],[-118.4828360003329,34.042188000044739],[-118.48214099984871,34.042721000158728],[-118.48197500016735,34.04284600009435],[-118.48194000000727,34.042873000306379],[-118.48187999973283,34.042924999863381],[-118.4815900002029,34.043171000255789],[-118.48094900014539,34.043682000024724],[-118.48001500018492,34.044456000273968],[-118.48016099977477,34.044528999855011],[-118.48005399964465,34.044600000060278],[-118.4799659997811,34.044524999736844],[-118.47974499984819,34.044703000346644],[-118.47964699993889,34.045107000059964],[-118.47946299981588,34.045075999722727],[-118.47937499995233,34.045147000214307],[-118.47929100028674,34.045215999859316],[-118.47913599957772,34.0451889996489],[-118.47901500010222,34.04568700007875],[-118.47843799961881,34.045628999883171],[-118.47836200034914,34.046151999852988],[-118.47834800010546,34.046264999834023],[-118.47832299999109,34.046268000233269],[-118.47821699968587,34.046285000012581],[-118.4780490003547,34.04632300033888],[-118.47786900042964,34.046379000044361],[-118.47785299963782,34.046383999710571],[-118.47771899974349,34.046438999740879],[-118.47769700000219,34.046448000175538],[-118.47754800003926,34.046523000286818],[-118.47746000017574,34.04657600021627],[-118.4774080002972,34.046607999638049],[-118.4772829997254,34.046698999672174],[-118.47719099966392,34.046619000064496],[-118.47654999960641,34.04606399963837],[-118.47625599987852,34.04581200010859],[-118.47446499995048,34.044279000294743],[-118.4743820001098,34.044207999820735],[-118.47437200006406,34.044224000352081],[-118.47434500029991,34.04425799998252],[-118.47427800035274,34.044314000307274],[-118.4737209999608,34.044035999872833],[-118.47127499973158,34.041941999778437],[-118.47151300028128,34.041749000256168],[-118.47137400036408,34.041629999830462],[-118.47096000008732,34.041276000360519],[-118.47088800011728,34.041333999811329],[-118.47038500015206,34.04090400034724],[-118.46972599965288,34.040340999851239],[-118.46953499985716,34.040177999860191],[-118.46929100035801,34.039969000203392],[-118.46821599993221,34.039050999914316],[-118.46817400009942,34.039015000240596],[-118.46772200018782,34.038629000090488],[-118.46720800035193,34.03818999974618],[-118.46615999969033,34.037295000340613],[-118.46502200041367,34.036323000041619],[-118.46463300025124,34.035990000141709],[-118.4645939998932,34.035956999932907],[-118.46455100023547,34.035919999931636],[-118.46418299998942,34.035605999895139],[-118.46302700027113,34.03461900000935],[-118.46145999975076,34.033280000037145],[-118.45993599978642,34.031978000023685],[-118.4591950001698,34.03134500032214],[-118.45917500007829,34.031327999781638],[-118.45908399984171,34.031346999947594],[-118.4577039998174,34.031638000037191],[-118.45765399958869,34.031473999889421],[-118.4574779998616,34.030878999951206],[-118.45746899964078,34.030850999825027],[-118.45744199987659,34.030762000293187],[-118.45738900017314,34.030582999638838],[-118.45715200034667,34.029783999857351],[-118.45713800010296,34.029735999760426],[-118.45707799982851,34.029712999905989],[-118.45692700021576,34.029650000046153],[-118.45672700019925,34.029569000157686],[-118.4564280004485,34.029447000262422],[-118.45631399974738,34.029400999646128],[-118.45619300027187,34.029350999660089],[-118.45585699981287,34.029213999651603],[-118.45544599990913,34.029046999765981],[-118.45532399971039,34.028997000315833],[-118.45527600002983,34.028976999782998],[-118.455190999641,34.028938999874441],[-118.45489699991315,34.028811999860622],[-118.45477700026252,34.028758999997905],[-118.45466400028465,34.028708999633565],[-118.45332500026824,34.028148999644749],[-118.45306499997722,34.028040000247579],[-118.45304499988575,34.028016000081443],[-118.4529999996799,34.027961000016347],[-118.45290000012079,34.027839999896671],[-118.45288599987707,34.027823000142853],[-118.45285699956476,34.027788999880606],[-118.4528370003716,34.027764999643544],[-118.45268500003564,34.027581000081788],[-118.45267499998988,34.027569000306919],[-118.45255799981402,34.027428000219338],[-118.45232299963737,34.027144000361325],[-118.45225099966737,34.027058000253533],[-118.45217299984955,34.026962999790712],[-118.45202300006171,34.026782000323067],[-118.45187300027389,34.026600999724835],[-118.45172299958776,34.026421000100292],[-118.45157299979992,34.026239000348212],[-118.4514230000121,34.026058000080795],[-118.45127300022428,34.025877000171832],[-118.45112400026134,34.025695999876881],[-118.45106300016197,34.025621999842521],[-118.45101100028346,34.02556099968519],[-118.45086200032053,34.025380000205246],[-118.45071099980949,34.025199000339256],[-118.45056199984656,34.025018000087229],[-118.45041100023381,34.024837000193635],[-118.45032099982215,34.024728000264844],[-118.45011199958476,34.02447499999294],[-118.44981200000912,34.024112999737177],[-118.44951200043346,34.023751000170826],[-118.44921199995949,34.023388999804993],[-118.44905899979861,34.023202999872076],[-118.44892900010228,34.023046999830228],[-118.44886600035309,34.02297099989687],[-118.44876300042093,34.022845999711464],[-118.44851800019852,34.022548999753724],[-118.44834499994616,34.022339999849784],[-118.44705699998339,34.020785000133444],[-118.44638699961355,34.019976000211898],[-118.44592700020435,34.019419999739746],[-118.44588500037153,34.019436999687649],[-118.4452700002533,34.018694000058048],[-118.44394499958226,34.017092999972327],[-118.4435169999601,34.016576000212083],[-118.44661000009464,34.014934000150319],[-118.44702799967106,34.014710999990641],[-118.44751200026805,34.014456000365719],[-118.45064800006028,34.01279200031319],[-118.45095799968168,34.012636999786309],[-118.45593499963068,34.010023000261036],[-118.45599499990514,34.009989999634385],[-118.45624000012752,34.009861000175846],[-118.45713399990501,34.009418999713773],[-118.45720500005012,34.009382000055894],[-118.45748000040973,34.009235999920442],[-118.45784399955949,34.009037000014963],[-118.45875699960355,34.008556000297133],[-118.45980199989214,34.00800999963019],[-118.46029800018466,34.007754999985906],[-118.4609280003715,34.007429999694423],[-118.46267499991863,34.006502000046929],[-118.46313100002818,34.006260000261264],[-118.46379899984987,34.005902000224609],[-118.46389900030729,34.005849000205345],[-118.46408799955489,34.005772999768688],[-118.46657499979202,34.004359000347321],[-118.46659800025655,34.004387999662391],[-118.46667100005151,34.00434999991591],[-118.46671299988429,34.004328000015711],[-118.46672700012797,34.004319999712109],[-118.46674200019659,34.004312000152453],[-118.46678800022735,34.004289000110973],[-118.46691399972573,34.004222000213673],[-118.46705299964292,34.00414800007669],[-118.4671930002833,34.004075000009266],[-118.46733200020047,34.00400099974425],[-118.46747100011764,34.003927000159422],[-118.46761000003482,34.003853999901992],[-118.4677499997769,34.003780000189138],[-118.46792600040233,34.003687000015731],[-118.46794099957262,34.003678999651747],[-118.4680800003881,34.003604999786369],[-118.46822000013019,34.003530999856565],[-118.46836400007022,34.003455999720977],[-118.46849799996453,34.003383999945555],[-118.46863699988172,34.003309999823202],[-118.46877699962378,34.003236999780185],[-118.46890300002048,34.003174999775972],[-118.4689249997618,34.003163999674399],[-118.46904899961035,34.003092999797012],[-118.469207999619,34.003009000190559],[-118.46938699971915,34.002914000367099],[-118.46952800018447,34.002838999686723],[-118.46968200017025,34.002758999682349],[-118.46979000012529,34.002702000080042],[-118.46981500023965,34.002687000060796],[-118.46985200004954,34.002669000332027],[-118.47004799986814,34.002565000252417],[-118.47019400035632,34.002487000295289],[-118.4710809995628,34.002018999793179],[-118.47129300017323,34.001906999876198],[-118.4713180002876,34.001882000353326],[-118.47134300040194,34.001855999918256],[-118.47143000044058,34.001817999783654],[-118.47164700017558,34.00170299986069],[-118.47201000039873,34.001510999836661],[-118.47206899994994,34.001479999954974],[-118.47243399982293,34.00128599983794],[-118.47280000041913,34.001092000022595],[-118.47287900006185,34.001050999782237],[-118.47314199982758,34.00091300009931],[-118.47344099957833,34.000757000058279],[-118.47358399969345,34.000681999707432],[-118.47392900037326,34.000502000233631],[-118.47433400042924,34.000301000357993],[-118.47472100004353,34.000097000209081],[-118.47487500002931,34.000014000055785],[-118.47510400035817,33.999893000314991],[-118.47520200026746,33.999840999708731],[-118.47544999996458,33.999710000102681],[-118.47555500044488,33.999655000315883],[-118.47561800019407,33.999620999942358],[-118.47573100017198,33.999560999907224],[-118.47584699962462,33.999499999641813],[-118.4762049998249,33.999310999676879],[-118.47658300011668,33.999112000346877],[-118.47662199957641,33.999092000219996],[-118.47721900015129,33.998781000061925],[-118.4776200000093,33.998571999737507],[-118.47765799964412,33.998545000324448],[-118.47789000034602,33.998377999681708],[-118.47798900008024,33.99833300030415],[-118.47806600007313,33.998315999854519],[-118.47811700012676,33.998303000209368],[-118.47815999978447,33.998274999763787],[-118.47837599969453,33.998127999693565],[-118.47846299973318,33.998080000314687],[-118.478808000413,33.997888999755816],[-118.47923699986008,33.997673000240141],[-118.47991700027562,33.997352999672323],[-118.47989700018415,33.997328999767355],[-118.48088300002317,33.996696000104883],[-118.4814289996461,33.996329999662301],[-118.48144000041505,33.996340999904156],[-118.48161199994419,33.996526999850239],[-118.48168200026441,33.996599000224599],[-118.48171999989923,33.996572999662028],[-118.48202500039606,33.996365000088232],[-118.48216500013815,33.996280999786585],[-118.48334400032101,33.995510000240287],[-118.48347300019243,33.995415999713735],[-118.48398600020342,33.99509699982147],[-118.48649600000678,33.993777999655499],[-118.48658300004543,33.993731999820056],[-118.50091300001786,33.986209000247143],[-118.53765899993981,33.966883999736346],[-118.53748599968743,33.966674000111546],[-118.5346329997524,33.963203999894759],[-118.53347399966103,33.961794000221978],[-118.52641600025412,33.955944000263706],[-118.52575299955697,33.95539499994738],[-118.5235709998167,33.953175000067624],[-118.52344699996812,33.953049000019128],[-118.52085400032408,33.949157000364025],[-118.52056300007095,33.948739999637823],[-118.51814000030625,33.945265000079296],[-118.51367200017029,33.939051000251027],[-118.51360500022314,33.938958000060296],[-118.50862699955093,33.932516999891845],[-118.50647599977277,33.928051999917678],[-118.50091200019294,33.918621000255506],[-118.49898900002043,33.916298999684351],[-118.49886799964661,33.916152000296151],[-118.49634199994973,33.916155999750366],[-118.49522800006422,33.916159000272785],[-118.46807700001507,33.916231999781672],[-118.46078299970826,33.916252000014026],[-118.46075599994404,33.916251000337994],[-118.44484500010586,33.916290000368072],[-118.44215399965424,33.916295999912343],[-118.43707600032121,33.916307999745143],[-118.43698099988667,33.916307999745143],[-118.43712099962875,33.916392999692647],[-118.43732800021631,33.916513999717225],[-118.44529700001749,33.921547999807878],[-118.45684699984983,33.940708999816628],[-118.4572810002181,33.941434000185573],[-118.4571559996463,33.949762000033161],[-118.4570279995998,33.958300000121113],[-118.45947600037718,33.958302999903808],[-118.46096000015858,33.960171999693287],[-118.46025899982661,33.960419999759395],[-118.46021500034398,33.960435999690759],[-118.46022899968938,33.96037299985047],[-118.4601540002446,33.96033100017938],[-118.46007200022886,33.960353000293495],[-118.46003100022097,33.960353000293495],[-118.45992400009085,33.960394999953735],[-118.45989099958058,33.960416000148584],[-118.45983299985427,33.960437000338324],[-118.45980000024228,33.960456999875497],[-118.45972599972413,33.960485000113799],[-118.45969300011218,33.960506000286493],[-118.45963500038586,33.960526999708854],[-118.45960299970048,33.960547999871181],[-118.45952800025572,33.960572999631829],[-118.45949599957035,33.960593999782816],[-118.45945399973755,33.960607999880573],[-118.4594210001256,33.960629000022855],[-118.4593800001177,33.960643000114842],[-118.45934699960743,33.960663000348674],[-118.45928899988112,33.960683999732346],[-118.45925700009407,33.960704999855871],[-118.45921600008617,33.960718999935359],[-118.45918199975101,33.960740000050237],[-118.45914099974311,33.960754000123956],[-118.45909999973524,33.960778999824122],[-118.45895999999316,33.96084399990422],[-118.45884100016748,33.96090299980785],[-118.45808399975901,33.961276000057381],[-118.4579780003521,33.961184000201726],[-118.45759400021255,33.96077400033176],[-118.45759900023545,33.96075599992141],[-118.45759800041053,33.960738000252405],[-118.45756099970228,33.960718000036202],[-118.45753899996096,33.96070100025851],[-118.4575909998395,33.960676999689987],[-118.45751700021965,33.960584000030892],[-118.45679900016926,33.960903999704833],[-118.45644699981675,33.961060999777644],[-118.45643000009834,33.961046999754437],[-118.45590799986651,33.960621000075662],[-118.45564599992566,33.960407000278622],[-118.4551050003256,33.959925000302903],[-118.45500999989105,33.959882999665524],[-118.45488600004248,33.959813999957156],[-118.4545069999258,33.959450999889448],[-118.45446500009301,33.959399999786676],[-118.45381300016486,33.958756000153144],[-118.45374700004261,33.958675999631474],[-118.45362599966879,33.958555999825599],[-118.45352399956154,33.9584549999323],[-118.45341800015464,33.958274999692478],[-118.45336200007813,33.958176999997825],[-118.45328400026034,33.958034000339744],[-118.45326300034394,33.958006999970905],[-118.45316799990938,33.957911999764086],[-118.45311000018306,33.957786000024157],[-118.45306900017519,33.957739000150298],[-118.45297799993858,33.957650000000889],[-118.45292799970987,33.957537999730789],[-118.45284599969409,33.957449000116242],[-118.4527469999599,33.957269999923042],[-118.45270500012711,33.957216000182122],[-118.452597999997,33.957097999690617],[-118.45243200031564,33.95680200003617],[-118.45236600019338,33.95666300008974],[-118.45224999984245,33.956401000205958],[-118.45230799956877,33.956345999962906],[-118.45230099989608,33.956330000007476],[-118.45226699956088,33.956255999894999],[-118.45222499972807,33.956213999681715],[-118.45219999961371,33.956166999684562],[-118.45214299971234,33.956103999663455],[-118.45212599999388,33.956070999704814],[-118.45205200037404,33.955987999774713],[-118.45201899986377,33.955926000321682],[-118.45189500001521,33.955786999689352],[-118.45159700008938,33.955282999689423],[-118.45151400024868,33.955200999699798],[-118.45119200003343,33.954656999657551],[-118.45110900019273,33.954568000009949],[-118.45084300005395,33.954116999770179],[-118.45081200009182,33.954064000240969],[-118.45072900025116,33.953974999973113],[-118.45066300012891,33.953856000223034],[-118.45060500040259,33.953793999961675],[-118.45053900028034,33.953670000048653],[-118.45045600043966,33.953581000113815],[-118.45040700003587,33.953478000307513],[-118.4503240001952,33.953389000171903],[-118.45026599957056,33.953277000254069],[-118.45018399955477,33.953187999908231],[-118.45013400022439,33.953085000371345],[-118.45005200020863,33.952994999834772],[-118.44957199980959,33.952186999662743],[-118.44922399965505,33.951580000081108],[-118.44890200033808,33.950996000207539],[-118.44884399971346,33.950884000120816],[-118.44880799972843,33.950808999727556],[-118.44872400006285,33.950629999723972],[-118.44866100031369,33.950377000080096],[-118.4486560002908,33.950354000346117],[-118.44864100022218,33.950275000143442],[-118.44866399978839,33.950222999734208],[-118.44867899985702,33.950180000245929],[-118.44868600042803,33.950173000084597],[-118.44822299974744,33.949664000221027],[-118.44823199996829,33.949643999637189],[-118.44823199996829,33.949600999856358],[-118.4479669996544,33.949179999676304],[-118.44794200043837,33.949154000258893],[-118.44774400007165,33.948801999855455],[-118.44757800039029,33.948497000020112],[-118.44732999979485,33.948076999643021],[-118.44726399967261,33.947939999701532],[-118.44723899955827,33.947904000153578],[-118.4471070002121,33.947658000226681],[-118.44700000008196,33.947441999759192],[-118.4469170002413,33.947263000125929],[-118.44671800004967,33.946917999783288],[-118.44667299984383,33.946851000118343],[-118.44663600003388,33.946782000274816],[-118.44661099991954,33.9467529999351],[-118.44659400020109,33.946719000012443],[-118.44655300019322,33.946669999858912],[-118.44653599957648,33.946635999903101],[-118.4464460000631,33.946525000106249],[-118.44643600001737,33.946504000208996],[-118.44642900034465,33.946491000092529],[-118.44637900011594,33.94642800035998],[-118.44636300022242,33.946394999629767],[-118.44632200021456,33.946337000167119],[-118.44618099974925,33.946076999931698],[-118.44608200001502,33.945904000103155],[-118.44605699990066,33.945877999684996],[-118.44601500006786,33.945800999947814],[-118.44599099977845,33.945775000243415],[-118.44590799993777,33.945628999634785],[-118.44583400031793,33.945476999796789],[-118.44576800019568,33.945360000246453],[-118.445685000355,33.945250999692675],[-118.44548699998828,33.94502499973381],[-118.44539599975168,33.944910999817026],[-118.44532999962945,33.944787999715928],[-118.44527199990313,33.944641999650045],[-118.44525900038265,33.944583999738143],[-118.44523000007032,33.944512000023785],[-118.44521800037475,33.944454000023299],[-118.44517200034403,33.94433899999536],[-118.44511899974225,33.944229000276891],[-118.44510600022177,33.944192999904601],[-118.44508100010742,33.944166999709047],[-118.44498999987081,33.944008000318007],[-118.44496599958137,33.943980999970115],[-118.44470899966342,33.943513000031217],[-118.44468500027229,33.943484000068217],[-118.4444609999663,33.94308500029328],[-118.44437800012564,33.94295300030906],[-118.44435399983618,33.94292600037172],[-118.44432899972182,33.94287700027045],[-118.44430399960747,33.942850000309022],[-118.44427900039142,33.942801000163989],[-118.44420499987325,33.942705000010953],[-118.44405599991038,33.942442999632476],[-118.44399800018402,33.942366999883802],[-118.44393999955942,33.942304000079901],[-118.44389100005392,33.942242000345701],[-118.44385000004604,33.942180999938088],[-118.44381599971084,33.942091999912471],[-118.44379999981733,33.941968000090057],[-118.44379999981733,33.941925000157596],[-118.44377499970297,33.941815000300736],[-118.44372500037257,33.94169800018858],[-118.44366699974793,33.941595000160596],[-118.44355999961779,33.941449999960689],[-118.44341099965489,33.941277999799013],[-118.44334500043095,33.941159000181393],[-118.44327099991283,33.941009000075645],[-118.44320399996566,33.940842999819552],[-118.4431300003458,33.940703999890282],[-118.44307199972117,33.940614999811075],[-118.4430309997133,33.940504999752093],[-118.44299700027641,33.940325000297449],[-118.44297299998698,33.940298000271937],[-118.44295299989548,33.940291000043096],[-118.44260200026622,33.940428000371469],[-118.44246199962582,33.940471000314844],[-118.44234699999809,33.94048299972323],[-118.44230500016531,33.94047699964662],[-118.44223900004303,33.940444000335603],[-118.44219800003516,33.940407999853115],[-118.44206599979069,33.940275000050157],[-118.44196700005649,33.940160999734367],[-118.44192500022369,33.940117999634417],[-118.44186800032227,33.94003599993821],[-118.44165300023712,33.939697999647898],[-118.44164499984123,33.939671000168772],[-118.44155399960462,33.939525000270002],[-118.44152900038856,33.939463000002497],[-118.44127199957231,33.938988000229074],[-118.44116500034048,33.938781000041622],[-118.44101600037757,33.938469999854455],[-118.44092099994305,33.938284000337887],[-118.44090800042254,33.938250000013696],[-118.4408840001331,33.938214000094064],[-118.44085900001875,33.938161000350263],[-118.44083399990438,33.938132000054637],[-118.44038799984055,33.937242000236132],[-118.44038399964261,33.937218999934139],[-118.44017199993048,33.936828999991448],[-118.43980899970732,33.936193000231917],[-118.43973400026259,33.936050000153323],[-118.43955199978939,33.935654999850541],[-118.43939500032886,33.935295999629389],[-118.43932099981069,33.935153000280287],[-118.43922100025158,33.934938000332679],[-118.43910599972554,33.934704999883991],[-118.43901899968691,33.934539000007064],[-118.43900600016643,33.934503000009002],[-118.43896500015856,33.934442000018976],[-118.43895699976261,33.934412999947341],[-118.43890700043224,33.934336999738356],[-118.43889099964039,33.934297000307197],[-118.43874199967746,33.934021000142621],[-118.43861399963096,33.933771999696496],[-118.43841899963728,33.933364000121408],[-118.43819600005453,33.932848000270695],[-118.43803000037317,33.932432999865753],[-118.43785600029589,33.932061000138368],[-118.43775300036373,33.931861999923605],[-118.43774099976986,33.931828000016424],[-118.4377159996555,33.931792000362996],[-118.43770800015788,33.931764999867617],[-118.43768300004355,33.931729000187502],[-118.4376169999213,33.931605999675135],[-118.43757500008851,33.931537000146136],[-118.43743100014845,33.931260999980395],[-118.43741799972966,33.931228000078931],[-118.43739299961531,33.931192000171876],[-118.4373850001177,33.931165000231623],[-118.43736000000337,33.931131000046186],[-118.4373440001098,33.931089000105253],[-118.43731700034564,33.931053000139435],[-118.43728600038349,33.930991999914184],[-118.43718699975098,33.93082000024112],[-118.43706299990242,33.930584999944266],[-118.43683899959643,33.930123000220078],[-118.4366329997321,33.929681000287076],[-118.43634300020221,33.929095999720587],[-118.43629799999637,33.929019999984028],[-118.43619400023928,33.928791000093248],[-118.43618599984336,33.928764000137129],[-118.43616099972901,33.928727999933876],[-118.4361530002314,33.928702000233137],[-118.43606000034498,33.928562999863644],[-118.43585899960523,33.928164000229415],[-118.4358140002977,33.928066999688475],[-118.4357370003048,33.927851999740014],[-118.43564000022042,33.927619000029054],[-118.43557400009819,33.927473000336413],[-118.43542500013527,33.927176999772854],[-118.43531700018022,33.926935000023555],[-118.43521800044603,33.926680999725761],[-118.43510999959267,33.926341999788747],[-118.43504400036875,33.9261760000091],[-118.4347880002757,33.925584000020031],[-118.43461400019845,33.925217999854787],[-118.43434899988459,33.924694000249424],[-118.43422099983806,33.924459000194588],[-118.43415899991376,33.924327999987256],[-118.43408500029393,33.92415600027406],[-118.43387799970637,33.923748000102805],[-118.43387000020877,33.923721000039002],[-118.43383599987358,33.923672000066944],[-118.43382800037597,33.923644999979061],[-118.43379499986571,33.923594999628001],[-118.4337870003681,33.923568999851298],[-118.43375399985784,33.923528000244595],[-118.43360499989491,33.923250999876011],[-118.4334149999241,33.922851000359231],[-118.43329899957314,33.922622999883778],[-118.43317499972461,33.922397000242277],[-118.43304300037845,33.922133999640771],[-118.4330180002641,33.922104999850696],[-118.43300200037055,33.922072000128971],[-118.43291100013396,33.921952999761373],[-118.43288600001959,33.921933000121754],[-118.43286099990524,33.921885999832014],[-118.4328369996158,33.921856999957527],[-118.4326459998201,33.921532000020534],[-118.43262099970573,33.921506000359592],[-118.43258899991868,33.921443000030216],[-118.43253899968995,33.921382999992709],[-118.43250600007801,33.921320000317813],[-118.43241499984143,33.921194999700866],[-118.43237399983353,33.921147999749429],[-118.43235700011508,33.92111200005462],[-118.43230799971128,33.921049000179273],[-118.43228299959691,33.920996000188943],[-118.43214200002993,33.920761000369076],[-118.43201800018137,33.920511999919292],[-118.43185300032491,33.920132999912518],[-118.43179899989828,33.920029999890744],[-118.43176200008833,33.919974000369443],[-118.43174600019482,33.919932999778077],[-118.43172100008046,33.919903999984264],[-118.43169599996611,33.919857000066095],[-118.43165499995821,33.919808000107899],[-118.43163800023979,33.919773999861775],[-118.43150400034548,33.919599999880582],[-118.43144800026899,33.919463000335071],[-118.43139800004028,33.919313000030527],[-118.4313650004283,33.919250000315905],[-118.43130699980365,33.919173999994634],[-118.43120800006946,33.919061999790017],[-118.43119200017594,33.919028999635103],[-118.43116700006159,33.919002000312041],[-118.43107599982498,33.918822999779621],[-118.43088599985421,33.918338000186864],[-118.43082800012786,33.918214999719112],[-118.43068699966256,33.917883000218637],[-118.43057100020992,33.917593000076998],[-118.43054600009557,33.917516999768679],[-118.43051699978324,33.917368000173987],[-118.43047199957741,33.91724299972271],[-118.43043099956951,33.917146000164522],[-118.43034000023124,33.917034000276026],[-118.43025300019261,33.916965999792666],[-118.43016899962871,33.916924999990222],[-118.43006700041978,33.916875000168126],[-118.42996000028964,33.916812999811235],[-118.4299140002589,33.916774999690467],[-118.42987800027387,33.916744999897006],[-118.42981100032674,33.916669000323282],[-118.42980299993081,33.91664200025243],[-118.42977000031884,33.916585999995327],[-118.42965599961772,33.916325000188721],[-118.42944700027866,33.916318000225722],[-118.42755199969523,33.916320999996955],[-118.42222099974391,33.916328999634828],[-118.42222099974391,33.917704000317251],[-118.42220999987326,33.91784299976937],[-118.42222099974391,33.917985000198328],[-118.42222199956881,33.918874000340239],[-118.42222199956881,33.91995699990845],[-118.42274899982351,33.91995699990845],[-118.42385400038651,33.919958000286449],[-118.42439099978863,33.919958000286449],[-118.42439599981149,33.921770000274812],[-118.4265709998791,33.921768999918086],[-118.42657400025213,33.923583000076057],[-118.42765999965026,33.92358199974062],[-118.4276620001984,33.925017999731395],[-118.42766700022129,33.927202999939119],[-118.42875400034261,33.927201000098641],[-118.42875599999245,33.927901999828443],[-118.42876400038837,33.930817999740214],[-118.42876900041124,33.930891000104907],[-118.42842799992937,33.930934999896337],[-118.42710200033174,33.931102999839432],[-118.42628499964881,33.931211999873703],[-118.42584199995802,33.931254999999268],[-118.42531600042659,33.931280000166275],[-118.42504699991476,33.931287999890266],[-118.41596199967991,33.931292000124657],[-118.41136700022065,33.931296000358792],[-118.41123199960312,33.931305000326027],[-118.40396599978372,33.931299000347991],[-118.40308899972466,33.931316000036205],[-118.40213499967271,33.931277000176472],[-118.40207000027368,33.931278999921247],[-118.3992559997984,33.930978999665044],[-118.39925699962332,33.930907999874549],[-118.3992559997984,33.930880000339833],[-118.39875299983318,33.93088200009398],[-118.39801499969128,33.930886000347385],[-118.39761600038143,33.930889000351023],[-118.39610499993756,33.930900000114924],[-118.39436000004028,33.93089599986213],[-118.3941449999551,33.93089599986213],[-118.39189399971954,33.930889999855296],[-118.38999900003444,33.930886999851744],[-118.38747400016246,33.930883999848021],[-118.38479799977945,33.930885000097703],[-118.3831540001645,33.930886999851744],[-118.38230600041777,33.930898999865427],[-118.38076499983666,33.930921999638478],[-118.38028600016087,33.930922999887727],[-118.37936300007105,33.93092599989],[-118.37926699981158,33.93092599989],[-118.37886900032665,33.930922999887727],[-118.37877300006717,33.930904000367484],[-118.37872799986133,33.930895000357935],[-118.37872600021151,33.930590999972608],[-118.37872600021151,33.930545000241487],[-118.37872399966338,33.929007999705604],[-118.37866900031011,33.929007999705604],[-118.37842900011057,33.929007999705604],[-118.37735600023296,33.929035000329726],[-118.37715200001847,33.929111000052842],[-118.37711699985834,33.929104999920249],[-118.37653900044835,33.929098000261938],[-118.37499899969215,33.929098000261938],[-118.37438199992411,33.92911200032335],[-118.37438100009919,33.92901300031874],[-118.37189399986207,33.929016999914552],[-118.37001500007048,33.928944999706751],[-118.36923900029376,33.928980999818279],[-118.36904000010215,33.929019999984028],[-118.36887400042079,33.929019999984028],[-118.36854399980957,33.929021000255602],[-118.36837499975518,33.929021000255602],[-118.36837499975518,33.929241000089029],[-118.36837499975518,33.929266000101869],[-118.3683759995801,33.92961900030528],[-118.3683759995801,33.929712999779163],[-118.3683759995801,33.929879999635254],[-118.3683759995801,33.929902000167651],[-118.36838499980091,33.930244999635704],[-118.36837700030333,33.930436000098894],[-118.3683830001511,33.930507999791566],[-118.36838700034907,33.930945999654298],[-118.36852899974097,33.930948999655769],[-118.36881699962105,33.930949999904691],[-118.36925099998932,33.930942999652665],[-118.36948399961783,33.930931999894312],[-118.36966400044122,33.930924000136947],[-118.3699389999025,33.930927000139199],[-118.37003299961384,33.930928999892238],[-118.37002599994113,33.931111000325338],[-118.37002500011621,33.931402000160595],[-118.37002599994113,33.932684999695482],[-118.37002599994113,33.932772000155673],[-118.37002599994113,33.932793999940934],[-118.37002599994113,33.932957000307503],[-118.37002699976605,33.933426000358153],[-118.37002699976605,33.93374099970972],[-118.37002799959096,33.934279000258911],[-118.37002799959096,33.934518000134297],[-118.37002799959096,33.934828999850232],[-118.37002900031419,33.935626999640682],[-118.37002900031419,33.935765999660326],[-118.370030999964,33.93818800030823],[-118.37003199978892,33.939982999838058],[-118.37003199978892,33.940119999916838],[-118.37003299961384,33.940705000024614],[-118.37003299961384,33.940741999770196],[-118.37003299961384,33.940823000143951],[-118.37003400033706,33.941712999791541],[-118.37003400033706,33.94179299986515],[-118.37003500016198,33.942995999722257],[-118.37003500016198,33.943104000076524],[-118.37003599998687,33.943893999784443],[-118.37003699981177,33.944846000234072],[-118.37003699981177,33.944859999942068],[-118.37003699981177,33.945419999787553],[-118.3700390003599,33.94597500005812],[-118.37004000018483,33.946344999966868],[-118.37004000018483,33.946520999842356],[-118.37004000018483,33.946611999838431],[-118.37004100000975,33.94700499985899],[-118.37004299965956,33.947758000216055],[-118.37004299965956,33.947816000200824],[-118.37004400038279,33.947908999657017],[-118.37004400038279,33.947924999705414],[-118.37004500020771,33.948344000042873],[-118.37004699985754,33.949092000297682],[-118.37004799968243,33.949330000287262],[-118.37005000023056,33.950009999890135],[-118.37005000023056,33.950149000272127],[-118.37005299970532,33.950719999781136],[-118.37005799972819,33.952027000349133],[-118.37005699990327,33.952655000343178],[-118.37005699990327,33.952672000238266],[-118.37057999995999,33.952670000250805],[-118.3709399998101,33.952668000263273],[-118.37107999955221,33.952667000269457],[-118.37177500003637,33.952665000281868],[-118.37254099976735,33.9526620003004],[-118.37350099966707,33.952657000331001],[-118.37467200035232,33.952651000367389],[-118.37485800012517,33.952649999628257],[-118.37530599983882,33.95264799964027],[-118.37543600043351,33.95264799964027],[-118.37651199978588,33.952644999658148],[-118.37701899994907,33.952642999670047],[-118.37706300033,33.952642999670047],[-118.37767800044824,33.952641999675976],[-118.37796399978016,33.952640999681897],[-118.3783250003535,33.952643999664112],[-118.37839099957746,33.952643999664112],[-118.37861499988342,33.952645999652241],[-118.37869900044733,33.952645999652241],[-118.3787680000443,33.952645999652241],[-118.37884300038736,33.952646999646262],[-118.37885000006007,33.954370000217196],[-118.37883300034161,33.955568999816222],[-118.37883400016655,33.95747999966607],[-118.37867799963261,33.958060999954952],[-118.37866400028724,33.958116999764165],[-118.3785830000964,33.958389000335636],[-118.37851199995126,33.958585999792923],[-118.3784850001871,33.958655999675614],[-118.37844900020207,33.958745000262823],[-118.37841099966893,33.958832000169188],[-118.37838200025493,33.958896000326156],[-118.37837100038428,33.958919999906939],[-118.37824099978963,33.95917799981568],[-118.37809400037483,33.959430000201486],[-118.37793199999314,33.959674999716015],[-118.37775899974078,33.959903999986778],[-118.37772199993083,33.959952999971193],[-118.37752199991431,33.960186999765902],[-118.37731299967693,33.960405999630702],[-118.37709000009419,33.960615999828917],[-118.37685499991753,33.960815999784089],[-118.3766070002204,33.961004999671005],[-118.37634799975433,33.961183000307983],[-118.3760780003159,33.961350000273974],[-118.37589199964475,33.961454000127304],[-118.3756060003128,33.961599999663889],[-118.37530099981596,33.961737999852794],[-118.37356500013951,33.962435000317932],[-118.37129499963736,33.963345000066703],[-118.37123899956086,33.963367000146427],[-118.37125799982744,33.963537999759346],[-118.37161600002773,33.966852000061124],[-118.37191800015151,33.967386999730586],[-118.37246499959937,33.96717299981966],[-118.37253999994243,33.967130999780885],[-118.37266499961591,33.967313000295789],[-118.37276599989826,33.967447000131209],[-118.37289700031782,33.967607000247448],[-118.37282299979965,33.967648000233467],[-118.37236599986518,33.967988999969059],[-118.37197000003005,33.967989999782745],[-118.37185100020434,33.967989999782745],[-118.37181799969409,33.967989999782745],[-118.37149600037711,33.967991000341449],[-118.37079699969499,33.967992000155114],[-118.37033999976047,33.967992999968772],[-118.37014800013986,33.967992999968772],[-118.37015200033782,33.96804000013752],[-118.37015399998765,33.968084999910168],[-118.37014499976684,33.968208999673713],[-118.37012300002552,33.968306999731439],[-118.37009000041357,33.968457000148462],[-118.37009700008625,33.970089000013807],[-118.37009700008625,33.970127000182607],[-118.37010100028419,33.971044000263987],[-118.37010100028419,33.971061999987107],[-118.37010700013198,33.972281999985853],[-118.37010700013198,33.972332999814761],[-118.37010700013198,33.972400000273787],[-118.37010899978181,33.972899999664222],[-118.37010899978181,33.972923000007995],[-118.37010899978181,33.972972999697291],[-118.3701099996067,33.973072999732693],[-118.3701099996067,33.973160999636775],[-118.37011499962959,33.974380000325503],[-118.37011399980467,33.974412000147858],[-118.37011299997978,33.974466000146776],[-118.37010100028419,33.975010000154114],[-118.37010499958386,33.975717999804111],[-118.37010499958386,33.97581100004922],[-118.3701079999569,33.976608000253243],[-118.37011800000265,33.977272000352315],[-118.37012800004838,33.977816000284399],[-118.3701360004443,33.978211000072108],[-118.37014599959173,33.978768000356034],[-118.37014700031496,33.978807999743871],[-118.37015700036071,33.978923000113674],[-118.37017099970608,33.979093000051506],[-118.37021799956176,33.979660999937387],[-118.37023099998055,33.979928999961196],[-118.37023600000342,33.980047000065063],[-118.37032800006492,33.981420000368814],[-118.37034099958539,33.981636000231568],[-118.37015099961459,33.981634000180179],[-118.36734799990829,33.981641999640544],[-118.36717100035627,33.981641999640544],[-118.36694600022538,33.981643000038602],[-118.36692699995881,33.981632999782008],[-118.36672600011734,33.981895000157188],[-118.36625199956613,33.981645000089785],[-118.36384700024308,33.981649000192007],[-118.36097800041451,33.98166099975262],[-118.36005799979944,33.98166200015045],[-118.35911499961813,33.981664999854075],[-118.35854399988085,33.981666999904739],[-118.35792499956462,33.981668999955353],[-118.35772799992117,33.981670000353049],[-118.35753799995035,33.981670000353049],[-118.35700400002298,33.981673999709237],[-118.35675100030298,33.981675000106861],[-118.35632699998045,33.981677000157283],[-118.35611100007038,33.981673999709237],[-118.35604900014611,33.981673999709237],[-118.35541700030944,33.981677999810081],[-118.3552950001107,33.981677999810081],[-118.3547820000997,33.981679999860383],[-118.35325200028757,33.981683999960943],[-118.34999199974847,33.981692000161523],[-118.34733399980712,33.981700000361343],[-118.34539999976394,33.981705000113394],[-118.34395399961743,33.981709000212796],[-118.34283999973189,33.981715000361525],[-118.341744000288,33.981720999764931],[-118.34068099955782,33.981726999912823],[-118.33961900044913,33.981733000060288],[-118.33955900017467,33.981733000060288],[-118.33855700044215,33.981739000207341],[-118.33582699963246,33.981754000200631],[-118.33518599957496,33.981758000297724],[-118.33519200032104,33.980582000147912],[-118.33518999977291,33.979757000109743],[-118.33518999977291,33.979741000088552],[-118.33519200032104,33.978946000317954],[-118.33519200032104,33.978928999714128],[-118.33519599962071,33.97810800029113],[-118.33519800016883,33.977506000174607],[-118.33520099964358,33.976841999668288],[-118.33520099964358,33.976825000133623],[-118.33520400001662,33.976042000265984],[-118.33520400001662,33.975981999970145],[-118.33520599966644,33.975663000131995],[-118.33520599966644,33.975633000228051],[-118.33520700038967,33.975424000330634],[-118.33520999986442,33.974546999708373],[-118.33520999986442,33.974498999673983],[-118.33520999986442,33.974446999916552],[-118.33521200041254,33.972690999753659],[-118.33434799987396,33.97269600003554],[-118.3341620001011,33.972689000236819],[-118.33328500004207,33.972695000277184],[-118.33306400010913,33.97269600003554],[-118.33302399992616,33.97269600003554],[-118.33303399997189,33.972203000029879],[-118.33303599962173,33.971813000227876],[-118.33303999981968,33.97128199993702],[-118.33304200036781,33.970870000012667],[-118.3330270002992,33.969972999824755],[-118.33302800012412,33.969064999814577],[-118.33302899994902,33.968623000182312],[-118.33302999977394,33.968100999889842],[-118.33302999977394,33.967824999819022],[-118.33302999977394,33.96724899976612],[-118.33193199978194,33.967251999978274],[-118.33136799971732,33.967254000367987],[-118.33088200036883,33.96725500019032],[-118.33084700020875,33.96725500019032],[-118.33077699988854,33.96725500019032],[-118.33013599983101,33.967256999834945],[-118.32866399974523,33.967260999869119],[-118.32663299961769,33.96726700029248],[-118.32657900008931,33.967265999725257],[-118.32648000035512,33.96726700029248],[-118.32647799980698,33.968001999781194],[-118.32647799980698,33.968163000155023],[-118.32647600015714,33.969087999705607],[-118.32647299978409,33.969999000330475],[-118.32647199995917,33.970390000042521],[-118.32647100013428,33.970785999840949],[-118.32647100013428,33.970909000356841],[-118.3242910000438,33.970913000219213],[-118.32302700037044,33.970914999777818],[-118.32279899986651,33.970914999777818],[-118.3223620000235,33.970916000302104],[-118.32235500035083,33.970872000317293],[-118.32233899955898,33.970832999956137],[-118.32231500016785,33.970795999883521],[-118.32188699964736,33.970795999883521],[-118.32186300025623,33.970832999956137],[-118.32184700036271,33.970872000317293],[-118.32183999979171,33.970917000081378],[-118.31991099977141,33.970920000164135],[-118.31774699957445,33.970923000246785],[-118.31774699957445,33.970808000230981],[-118.31774900012262,33.969989000194239],[-118.31774999994751,33.969087999705607],[-118.3177509997724,33.96818600028999],[-118.31775199959732,33.967278999647853],[-118.31775199959732,33.966958000289452],[-118.31775300032054,33.96639200014036],[-118.31775400014546,33.965486000325519],[-118.31775499997038,33.964580999654174],[-118.31775699962019,33.963647999851489],[-118.31775900016832,33.962714000370184],[-118.31776199964307,33.961802999945213],[-118.31776099981816,33.960905000346884],[-118.31776099981816,33.960849000137621],[-118.31776099981816,33.960027999755766],[-118.31776099981816,33.959971999714227],[-118.31776099981816,33.959931999661983],[-118.31776099981816,33.959498000307804],[-118.31776099981816,33.95809000016677],[-118.3177430002748,33.958020999749323],[-118.31774400009972,33.956394999761166],[-118.31772599965807,33.956345000012355],[-118.31772499983313,33.954531000313267],[-118.31772400000821,33.952716999944094],[-118.31772400000821,33.951234000088633],[-118.3177220003584,33.94909100026188],[-118.31772099963517,33.946121000073219],[-118.31772099963517,33.946073999717996],[-118.31771999981027,33.945463000190266],[-118.31723799976142,33.945462000111824],[-118.31675499988768,33.945462000111824],[-118.31599099980652,33.945462000111824],[-118.31570999959912,33.945462000111824],[-118.31535899996983,33.945462000111824],[-118.31429699996286,33.945461000033383],[-118.31427799969629,33.945461000033383],[-118.31381300026418,33.94545999995492],[-118.31364300038487,33.94545999995492],[-118.31337200022324,33.94545999995492],[-118.31337499969796,33.943194999999548],[-118.31337700024609,33.941838000106394],[-118.31338200026896,33.940026000006192],[-118.31338700029183,33.938214000094064],[-118.31229900034559,33.938212999930464],[-118.31122700029285,33.93821199976685],[-118.31017199995856,33.938211000348524],[-118.30963600038136,33.938211000348524],[-118.30902499956277,33.938210000184831],[-118.30902200008804,33.939110999767259],[-118.30901899971498,33.940019999897416],[-118.30901700006517,33.940714999876889],[-118.30901700006517,33.940926999747148],[-118.30901500041534,33.941833000246362],[-118.30786100034685,33.941834999743286],[-118.30680699983748,33.941835999864331],[-118.30573599960965,33.941838000106394],[-118.30533700029979,33.941839000227411],[-118.3051909998116,33.941845000208033],[-118.30518699961364,33.943199999779587],[-118.30517999994096,33.945466999758722],[-118.30463599996781,33.945468999915462],[-118.30245400022756,33.945474000307115],[-118.30245300040264,33.945939999751872],[-118.30245199967939,33.946161999981392],[-118.30245199967939,33.946384999699546],[-118.30245199967939,33.946790000032742],[-118.30245199967939,33.946975000279807],[-118.30245099985447,33.947300000001874],[-118.30245099985447,33.947740000032887],[-118.30245000002958,33.948200000207564],[-118.30245000002958,33.948660000131603],[-118.30244900020469,33.949103999981233],[-118.30244900020469,33.949539000220845],[-118.30244900020469,33.949644999666489],[-118.30244800037975,33.949993000208465],[-118.30240200034899,33.949993000208465],[-118.30075899966066,33.94999800033434],[-118.30026200044149,33.949999000359476],[-118.30026099971829,33.950043999988452],[-118.30026200044149,33.950092999689829],[-118.30026099971829,33.950322999690506],[-118.30026099971829,33.950355999642888],[-118.30025999989337,33.950580000313479],[-118.30025999989337,33.950722999831122],[-118.30025999989337,33.950930000041204],[-118.30025999989337,33.951082999840452],[-118.30025999989337,33.951138999771295],[-118.30025999989337,33.951336000366169],[-118.30025900006845,33.951531999752731],[-118.30025800024355,33.951922000147107],[-118.30025800024355,33.952124999675668],[-118.30025800024355,33.952138999676741],[-118.30025800024355,33.952346000168298],[-118.30025800024355,33.952397000028519],[-118.30025700041865,33.952733999826805],[-118.30025700041865,33.952932999691249],[-118.30025599969542,33.95319299984638],[-118.30025599969542,33.95345099998314],[-118.30025599969542,33.953519999635901],[-118.30025499987052,33.954105000048337],[-118.30025499987052,33.95430599963624],[-118.3002540000456,33.955003999856046],[-118.3002540000456,33.955091999827488],[-118.3002540000456,33.955136999743829],[-118.30025300022068,33.95573800028604],[-118.30025300022068,33.955878000209395],[-118.30025300022068,33.955926000321682],[-118.30025200039576,33.956664000036561],[-118.30025200039576,33.956871999896357],[-118.30025200039576,33.957387000237645],[-118.30025200039576,33.957450000053825],[-118.30025099967254,33.957910999831938],[-118.30025099967254,33.958236000260911],[-118.30024999984762,33.958429000368255],[-118.3002490000227,33.95895799985022],[-118.3002490000227,33.959021999912359],[-118.30026699956608,33.959444999659816],[-118.30026699956608,33.959481000286274],[-118.3000439999833,33.959493999908553],[-118.29762299986841,33.959500000134788],[-118.29587899979605,33.95950499970202],[-118.29443299964949,33.959509000100702],[-118.29347600012282,33.959507000273938],[-118.2931079998768,33.959511999840814],[-118.29247299966705,33.959513999667472],[-118.29243900023019,33.959500000134788],[-118.29241999996361,33.959492000081426],[-118.29179300014982,33.959493999908553],[-118.29159599960802,33.959494999822091],[-118.29159599960802,33.959124999713445],[-118.29159899998105,33.957926000303203],[-118.29160099963086,33.95694999999214],[-118.29160400000391,33.95579500009103],[-118.29160499982883,33.955056000324362],[-118.29160599965374,33.954567000038502],[-118.29160700037697,33.954150999717918],[-118.29160900002678,33.953351999962514],[-118.2916099998517,33.952791000153795],[-118.29161099967661,33.95216399967282],[-118.29161200039984,33.951884000042043],[-118.29161400004968,33.950976999950377],[-118.2916159996995,33.950070999903446],[-118.29161700042273,33.949750999725303],[-118.29161800024762,33.949131000194448],[-118.29161900007253,33.94870599976371],[-118.29161999989745,33.947840999976485],[-118.29162099972237,33.947182999976626],[-118.29162099972237,33.947001000362853],[-118.2916230002705,33.946337000167119],[-118.29162499992032,33.945491000146184],[-118.29162699957016,33.944583999738143],[-118.29162800029337,33.943750999971371],[-118.29162999994318,33.943034000069559],[-118.29163199959299,33.942317000090583],[-118.29163300031624,33.941501999767837],[-118.29163499996608,33.940705000024614],[-118.29163699961589,33.939881000114987],[-118.29163900016403,33.939056000274455],[-118.29164099981384,33.93820399994808],[-118.2916099998517,33.938016999684514],[-118.2916099998517,33.937310000185391],[-118.29161200039984,33.93644100012196],[-118.29161300022476,33.935795000016547],[-118.2916159996995,33.934574999989898],[-118.29161800024762,33.933351999709721],[-118.29162200044557,33.93137100005643],[-118.29152500036123,33.930961999909563],[-118.29152899966085,33.930056000008427],[-118.29153100020899,33.929588999817014],[-118.29153200003391,33.929436999665214],[-118.2915329998588,33.929281999927376],[-118.29153399968372,33.92901300031874],[-118.29153500040694,33.928895999758325],[-118.29153399968372,33.928769000019237],[-118.29153700005678,33.928489000207193],[-118.29153799988168,33.928119000215034],[-118.29153799988168,33.928082000201947],[-118.29153799988168,33.928040999785935],[-118.2915389997066,33.927948999780483],[-118.29154200007964,33.92732400026442],[-118.29154899975234,33.925858999638997],[-118.29150299972157,33.925057999793651],[-118.29150899956936,33.923684999940598],[-118.29158300008753,33.923333999674639],[-118.29158800011039,33.921121999971369],[-118.29159200030837,33.920053000362302],[-118.29159899998105,33.918376000356069],[-118.2916020003541,33.917553999897812],[-118.29160700037697,33.91642199993602],[-118.29162699957016,33.915391999947204],[-118.29162999994318,33.914362999880225],[-118.29163300031624,33.913331999895476],[-118.29163599979097,33.912301000111349],[-118.29163900016403,33.911271000263],[-118.29164300036197,33.910240999895208],[-118.29164400018689,33.909773999928859],[-118.29164599983673,33.909160999879226],[-118.29165900025552,33.9047850003466],[-118.29166000008043,33.90459500034396],[-118.29166299955516,33.903271000113669],[-118.2916669997531,33.90191199969221],[-118.29167400032411,33.899700000156912],[-118.29167599997395,33.898974000352062],[-118.29167799962377,33.898292999716929],[-118.29168000017189,33.897592000221174],[-118.29168199982173,33.896898000249386],[-118.29168199982173,33.896877999949432],[-118.29168400036987,33.89644900010353],[-118.29168600001968,33.895646999786059],[-118.29168799966953,33.895097999952441],[-118.29168900039274,33.894587999833448],[-118.2917710004085,33.894201999835659],[-118.29178800012693,33.894120999871312],[-118.29177800008119,33.89380500025058],[-118.29172600020266,33.892477999637499],[-118.29158200026262,33.888842999771967],[-118.29143199957649,33.885215999687546],[-118.29139999978943,33.884432999830523],[-118.29139099956859,33.884146000150942],[-118.29136299997948,33.883306000360669],[-118.29133100019246,33.882748000269807],[-118.29132000032179,33.882497999825787],[-118.29123800030602,33.882501000041295],[-118.29131399957571,33.882341000332943],[-118.29130899955281,33.882218000129399],[-118.29130799972789,33.88219700004057],[-118.29128299961356,33.881592000020206],[-118.29126400024532,33.881130000193956],[-118.2912559998494,33.880932999805871],[-118.29124599980364,33.880683000010116],[-118.29120800016881,33.879777999680762],[-118.29118200022954,33.879141999949674],[-118.29113600019878,33.878012000324802],[-118.29113299982572,33.877934999658599],[-118.29112299977999,33.877688999796163],[-118.29111100008444,33.877393000113074],[-118.29110100003867,33.877150999972137],[-118.29108400032023,33.876761000316492],[-118.29107299955128,33.876528999802083],[-118.29106099985572,33.876267000282432],[-118.29104900016014,33.875997000266047],[-118.29103599974138,33.875720999979649],[-118.29100899997717,33.875125999630818],[-118.29099499973348,33.874817000142201],[-118.29097700019014,33.874441000353755],[-118.29096700014438,33.874235000160056],[-118.290906000045,33.872961000233239],[-118.29090199984705,33.872872000253068],[-118.29089400034944,33.872695999641998],[-118.29089299962621,33.872675999634332],[-118.29081700035654,33.871402000304606],[-118.29081599963334,33.871387999714578],[-118.29080399993775,33.871186999887207],[-118.29079899991491,33.871094999678483],[-118.2907930000671,33.870997000368568],[-118.29079200024218,33.870978999630644],[-118.29076299992988,33.870491000223382],[-118.29067099986838,33.868937999827388],[-118.29056499956316,33.867165999915443],[-118.29052500027849,33.866406000053011],[-118.29062400001271,33.866332999658098],[-118.29142999992665,33.86573399992502],[-118.2915400004298,33.865663999762866],[-118.29163599979097,33.865619000320983],[-118.29175399979175,33.865580000238481],[-118.2918140000662,33.865564999915115],[-118.29196999970182,33.865544999728513],[-118.29254200016236,33.865545999999007],[-118.29494800020863,33.865547000269544],[-118.29496499992706,33.865547999794089],[-118.29500900030801,33.865547999794089],[-118.29802399972638,33.865552999654525],[-118.29804200016807,33.865552999654525],[-118.29806800010734,33.865552999654525],[-118.29806399990939,33.866281999743606],[-118.29806300008447,33.866421999742983],[-118.29792599981711,33.866450999825993],[-118.29781600021226,33.866462999960369],[-118.29777100000642,33.866467999767224],[-118.29654499996788,33.866467999767224],[-118.29499900026225,33.866470000286625],[-118.29449899977173,33.866470000286625],[-118.29448999955092,33.866620999831781],[-118.29448299987823,33.866803000331501],[-118.29447000035773,33.867055999775069],[-118.29445600011402,33.867750000104316],[-118.29444799971813,33.868021999840181],[-118.29443199982457,33.868342999929965],[-118.29440400023549,33.869501999822624],[-118.29435700037986,33.870522000094461],[-118.29440000003754,33.87052300030669],[-118.29503299969912,33.870554000166166],[-118.29599099994903,33.870557000055712],[-118.2969950002297,33.870550000064604],[-118.29734599985899,33.870544999750933],[-118.29793000001509,33.870534999868624],[-118.29895900041011,33.87052600019733],[-118.29902999965691,33.870523999772978],[-118.29903100038011,33.8704970000068],[-118.29914299963481,33.870530999766224],[-118.29919100021371,33.869223999708794],[-118.29923399987139,33.86804599966554],[-118.29931400023735,33.865822000367046],[-118.29931900026021,33.865697999955351],[-118.29937000031383,33.865697999955351],[-118.29941399979646,33.865697999955351],[-118.29976000030118,33.865697999955351],[-118.29996899964024,33.865697999955351],[-118.30071299962989,33.865696999686641],[-118.30256100035767,33.86569600016378],[-118.30334399980707,33.865694999895048],[-118.30357999980863,33.865694999895048],[-118.30406500023051,33.865694999895048],[-118.3048030003724,33.86569400037218],[-118.30538800035342,33.86569400037218],[-118.30591600043302,33.865693000103413],[-118.30644399961429,33.865693000103413],[-118.30697400024204,33.865693000103413],[-118.30750899999434,33.865691999834638],[-118.30805299996746,33.865691999834638],[-118.30858900044298,33.865691000311713],[-118.30884999966057,33.865691000311713],[-118.30895299959273,33.865691000311713],[-118.30914799958641,33.865608000337744],[-118.30914799958641,33.865440999876022],[-118.30914799958641,33.864983000252018],[-118.30914799958641,33.864804999972918],[-118.30914799958641,33.86470299977988],[-118.30914799958641,33.864309000288273],[-118.30914799958641,33.864139000154381],[-118.30914799958641,33.863840000348183],[-118.30914799958641,33.863445000308701],[-118.30914900030965,33.863256000266574],[-118.30914900030965,33.862648000076014],[-118.30914900030965,33.861978000085792],[-118.30914900030965,33.861456999892276],[-118.30914900030965,33.860996999882502],[-118.30914900030965,33.860950000316038],[-118.30914900030965,33.860860999748752],[-118.30914900030965,33.860627000119678],[-118.30914900030965,33.860042999695459],[-118.30914900030965,33.859951999748745],[-118.30914900030965,33.85985199965441],[-118.30914900030965,33.859759000319464],[-118.30914900030965,33.859323999751233],[-118.30915000013457,33.858902000004569],[-118.30915000013457,33.858458999702741],[-118.30915000013457,33.858347999925485],[-118.30913800043899,33.85507200030915],[-118.30913500006594,33.854199000219609],[-118.30912300037038,33.851289999825909],[-118.30914099991372,33.849513999642376],[-118.30913199969291,33.848874999836944],[-118.30913699971575,33.84739300022764],[-118.30913699971575,33.84724299999435],[-118.30913699971575,33.846819000009553],[-118.30912800039324,33.846211999685764],[-118.30913199969291,33.845664000148609],[-118.30913199969291,33.845217999793498],[-118.30913800043899,33.844730000140189],[-118.30913599989083,33.8439659999597],[-118.30913000004307,33.843794999842082],[-118.30912300037038,33.842859999758069],[-118.3091190001724,33.842593999963491],[-118.30911499997445,33.841867000216496],[-118.30911099977648,33.841755999769376],[-118.30910599975361,33.840851000140866],[-118.30910599975361,33.839575999958939],[-118.30912800039324,33.838383999804755],[-118.30912199964715,33.838206999895895],[-118.30911999999732,33.838076999860093],[-118.30911499997445,33.837827999773118],[-118.30911400014953,33.837546999963337],[-118.30911800034751,33.837358999922671],[-118.3091190001724,33.837293999657604],[-118.30912400019527,33.836415999889041],[-118.30907200031675,33.835445000365432],[-118.30905999972288,33.834462000105589],[-118.30905899989796,33.834415000116678],[-118.30904899985222,33.833516999650755],[-118.30904800002732,33.833471999688342],[-118.30903600033174,33.832481999744232],[-118.3090349996085,33.832436999983095],[-118.30902299991295,33.831465000107364],[-118.30900899966925,33.830241999957252],[-118.30894400027023,33.830112999685859],[-118.3089290002016,33.82908899981831],[-118.30891499995792,33.827933999871021],[-118.30890099971421,33.826779999969894],[-118.30899500032388,33.82677899999166],[-118.30903299995869,33.82677899999166],[-118.30901899971498,33.825625000172934],[-118.30900500036961,33.824470999704602],[-118.30899100012587,33.823317000080216],[-118.30898500027811,33.82288199979061],[-118.3089839995549,33.822781000312638],[-118.30898299972998,33.822675999864437],[-118.30896699983644,33.821343000066889],[-118.30896400036171,33.821124999633618],[-118.30895299959273,33.820189000023511],[-118.30893900024736,33.819035000081044],[-118.30893300039958,33.818301000180277],[-118.30892500000365,33.817133000357906],[-118.30892400017873,33.817037999867736],[-118.30892400017873,33.816991000002623],[-118.3089290002016,33.815502999908304],[-118.30893000002652,33.815264000133766],[-118.30893500004939,33.813656999939489],[-118.30893599987431,33.813457000242138],[-118.30893599987431,33.813441999723509],[-118.30893800042244,33.812714999847138],[-118.30893500004939,33.81243499974358],[-118.30893500004939,33.812383999748711],[-118.30891800033095,33.811997999781887],[-118.30891599978281,33.811977999743888],[-118.30888399999579,33.811613999877338],[-118.30885899988141,33.811420000082677],[-118.30883999961486,33.81126600027104],[-118.30880399962983,33.811039000309734],[-118.30873000000999,33.810658999753173],[-118.30862000040513,33.810192999913163],[-118.30849800020638,33.809784000175704],[-118.30831099971032,33.809197000285494],[-118.30825399980893,33.809014000041756],[-118.30834800041856,33.808991000240397],[-118.30841000034286,33.808971000245847],[-118.30844299995481,33.808970000059382],[-118.30892400017873,33.808863999635726],[-118.3092170000817,33.808816999757909],[-118.30929599972441,33.808804999737347],[-118.30926899996024,33.808635999828567],[-118.30922799995234,33.808450000046562],[-118.30916500020317,33.808182999724934],[-118.30908200036248,33.807924000160007],[-118.30902100026312,33.807767000171687],[-118.30895500014087,33.807594999844369],[-118.3089130003081,33.807442000069791],[-118.308870999577,33.807212999998427],[-118.30885600040668,33.807107999845556],[-118.30882899974419,33.806794999783946],[-118.30882299989641,33.806421000336137],[-118.30881799987354,33.805719999634093],[-118.30881200002575,33.804937000198649],[-118.30880500035305,33.804083999717044],[-118.30879899960696,33.80333000010048],[-118.30879299975918,33.802583000147479],[-118.30879000028443,33.802217000089769],[-118.30878600008649,33.801796000039538],[-118.30878100006362,33.801095999798832],[-118.30878100006362,33.800958000071788],[-118.30877799969056,33.800796000075763],[-118.30877400039091,33.800197000003422],[-118.30876799964483,33.799445000328042],[-118.30876099997212,33.79863199995669],[-118.30875099992637,33.797947999786153],[-118.3087529995762,33.797834000346064],[-118.3087529995762,33.79769000016833],[-118.30875000010148,33.797296000009503],[-118.30874500007859,33.796795999834295],[-118.30874099988061,33.796279000006813],[-118.30873699968269,33.795780000203798],[-118.30873000000999,33.794908000333145],[-118.30872400016219,33.794274999886341],[-118.3087180003144,33.793508000159946],[-118.30871400011645,33.793048000235565],[-118.30870900009359,33.792492999958014],[-118.30870499989564,33.791995000120835],[-118.30870099969766,33.791489999877783],[-118.30869700039803,33.790986999688933],[-118.30869200037513,33.790486999992098],[-118.30868800017718,33.789979999742862],[-118.30868499980414,33.789608000058003],[-118.30868499980414,33.789471000142143],[-118.30868599962906,33.789041000072366],[-118.30868800017718,33.788981000272905],[-118.30868700035226,33.78885300016205],[-118.30868700035226,33.788825000298942],[-118.30869200037513,33.788275999853298],[-118.30869300020007,33.78820700013577],[-118.30871300029153,33.78820700013577],[-118.30871300029153,33.788176999949123],[-118.30871499994137,33.787533000176275],[-118.3087180003144,33.786859999835926],[-118.30869400002499,33.786859999835926],[-118.30869499984991,33.786445000120253],[-118.30869700039803,33.786050999723535],[-118.30869700039803,33.785970000217013],[-118.30869700039803,33.785831999996404],[-118.30869900004782,33.785184999859418],[-118.30870400007072,33.783665999922206],[-118.30870900009359,33.782215000289256],[-118.30894000007225,33.782216000041736],[-118.30903799998156,33.782179000232844],[-118.30903899980645,33.782028000080196],[-118.30903899980645,33.781940999727929],[-118.30941299990029,33.781942000230266],[-118.30950300031196,33.781942000230266],[-118.30974599998619,33.781942000230266],[-118.30992400026143,33.7819469997551],[-118.30991599986552,33.781879999677123],[-118.30989400012423,33.781679999634257],[-118.30984999974328,33.781395999741598],[-118.30981899978114,33.781199999865812],[-118.30976199987974,33.780829999654941],[-118.30971800039714,33.780542000095785],[-118.30969099973463,33.78037000031194],[-118.30960200004618,33.779791000029448],[-118.30956600006118,33.779562999683591],[-118.30948599969523,33.779053000348014],[-118.30883499959197,33.779234999903039],[-118.30856199978049,33.779304000129649],[-118.30825600035705,33.779381000078835],[-118.30788899993594,33.779458999743476],[-118.30782600018676,33.779328000227885],[-118.30769899996514,33.778987999826512],[-118.3076529999344,33.778843000266015],[-118.30642699989586,33.774958000342743],[-118.30884999966057,33.774964000112291],[-118.30892300035384,33.774964000112291],[-118.30884700018584,33.774436999956002],[-118.30883899978994,33.774379999910586],[-118.30883100029233,33.774323999671822],[-118.30882100024657,33.774268000143188],[-118.30881799987354,33.774246999657159],[-118.30881200002575,33.774205000163029],[-118.30880600017797,33.774165000341227],[-118.3088010001551,33.774128000041394],[-118.30879799978204,33.774098999997051],[-118.30879299975918,33.774056999683644],[-118.30879100010935,33.774035000044655],[-118.3087879997363,33.774009000260349],[-118.30878299971342,33.773957999770182],[-118.3087800002387,33.773930000264208],[-118.30877600004072,33.773892999862881],[-118.30877199984278,33.773860000339042],[-118.30877000019296,33.773836000202238],[-118.30876799964483,33.773817000058024],[-118.30876500017008,33.773788999759184],[-118.30876400034516,33.773761000197986],[-118.30876199979704,33.773746000189249],[-118.30875699977418,33.773661999942462],[-118.30875400029943,33.773620000161543],[-118.30875400029943,33.77357699976006],[-118.30875500012432,33.773555999851318],[-118.30875500012432,33.773502000275748],[-118.30875400029943,33.773447000064643],[-118.30875400029943,33.773415000224212],[-118.30875500012432,33.773383000371908],[-118.30875699977418,33.773318000028304],[-118.3087600001472,33.773251999778338],[-118.30876400034516,33.773177000009568],[-118.30876900036806,33.7731220003365],[-118.30877199984278,33.773078999685005],[-118.30877699986564,33.773003999764789],[-118.30878400043665,33.77294899998072],[-118.3087879997363,33.772906999850278],[-118.30879299975918,33.772862999975963],[-118.30880000033019,33.772819999941269],[-118.30880700000289,33.772777999747582],[-118.30881299985064,33.772733999807024],[-118.30882100024657,33.772692000317917],[-118.30883299994215,33.772616000194397],[-118.30884100033806,33.772573999900708],[-118.30884899983567,33.7725309997209],[-118.30885399985854,33.772510000302567],[-118.30886800010224,33.772445999909877],[-118.30887700032308,33.772402999665836],[-118.30888900001862,33.77236100001447],[-118.30890200043744,33.772308000300562],[-118.30891499995792,33.772254999807089],[-118.30892699965347,33.772212000213983],[-118.30893800042244,33.772169999722237],[-118.30949900011402,33.770269000038411],[-118.30950199958875,33.770236999757785],[-118.30951699965736,33.770206000104622],[-118.30998700001062,33.768610999684149],[-118.31022800003507,33.767747000318295],[-118.31047699955711,33.76685300026741],[-118.31065200035759,33.766230000187328],[-118.31075100009178,33.765977000302499],[-118.31084599962803,33.765646000196135],[-118.31087999996322,33.765529999678108],[-118.31160600040954,33.763050999868234],[-118.31101300003262,33.762929999684282],[-118.31078899972664,33.76289099980454],[-118.31063499974083,33.762872000220604],[-118.30909900008093,33.762686000336693],[-118.3090349996085,33.762677999746423],[-118.30903399978358,33.762567000347808],[-118.3090349996085,33.762207000178705],[-118.30902799993582,33.762186999710096],[-118.3090349996085,33.762168999956486],[-118.30903799998156,33.76070199985999],[-118.30903799998156,33.760514999742242],[-118.30543100001114,33.760512999730757],[-118.30200099959271,33.760510999719294],[-118.30187799956903,33.760510999719294],[-118.301112999663,33.758079999786588],[-118.30099999968508,33.757721000228528],[-118.30658199970657,33.757725999673077],[-118.30908700038535,33.757727999749576],[-118.30908900003519,33.7571280001061],[-118.30909800025601,33.754883999947594],[-118.30910099973075,33.754275999937676],[-118.30910300027888,33.753892999640357],[-118.30910599975361,33.753709999947276],[-118.30912099982224,33.753439999699133],[-118.30909499988296,33.753036999785806],[-118.30911800034751,33.752127000000797],[-118.3091190001724,33.751198000336871],[-118.30912199964715,33.75020800012576],[-118.3092020000131,33.750051999756245],[-118.30927099961005,33.749523000000266],[-118.30933500008247,33.749024999824726],[-118.30958000030486,33.747126999661688],[-118.30958899962739,33.747061000156428],[-118.30960799989397,33.746908999948296],[-118.30961399974173,33.746790999885974],[-118.31110699974394,33.746798999718102],[-118.31110400026921,33.747144000171126],[-118.31110300044429,33.747293999642878],[-118.31212100007033,33.747299999855322],[-118.31217399977379,33.747302000174997],[-118.31217200012399,33.747247000329608],[-118.31217600032191,33.746804999965171],[-118.31345800043695,33.746812999795942],[-118.31346500010964,33.74683599986556],[-118.31357899991247,33.746819000042045],[-118.31369899956306,33.746813999961496],[-118.31422599981772,33.746816999711108],[-118.31527100010631,33.746822999956919],[-118.31615300018824,33.746829000202311],[-118.31709299999646,33.746834000281986],[-118.31802199993406,33.746839999779652],[-118.31844899973132,33.74684200011005],[-118.31845600030235,33.745756999991308],[-118.31846999964772,33.74360800018674],[-118.31847499967058,33.742944000322723],[-118.31847700021872,33.742617000282578],[-118.31922600023127,33.742621999860866],[-118.31941799985189,33.74262599997143],[-118.31960699999777,33.742630000081817],[-118.3197280003716,33.742465999884431],[-118.31977100002932,33.742393999971988],[-118.31981299986211,33.74232399968794],[-118.31987999980927,33.742176000179867],[-118.31992800038815,33.742023000056513],[-118.32002100027456,33.741551999809161],[-118.32002899977215,33.741492000367479],[-118.32002899977215,33.741384999852109],[-118.32002200009948,33.741348999823288],[-118.32001100022883,33.741289999722568],[-118.31997299969566,33.741186999879908],[-118.31995699980214,33.741160000357617],[-118.31991499996936,33.741089999813525],[-118.3198410003495,33.741002000243647],[-118.31977199985421,33.740941000183234],[-118.31969499986134,33.740887999715902],[-118.31945899985976,33.740763999664452],[-118.31913599981958,33.740593999700131],[-118.31908200029123,33.74058100033934],[-118.31904999960587,33.740559999816242],[-118.31901199997102,33.740534999827119],[-118.31897599998602,33.740499000188514],[-118.31895699971943,33.74048000012418],[-118.31893699962797,33.740455000111687],[-118.31889999981804,33.740380000030612],[-118.31888999977228,33.740359000205331],[-118.31887600042691,33.740315000056746],[-118.31887300005386,33.740288999754597],[-118.31886300000812,33.74018499996118],[-118.31885700016032,33.740066000114751],[-118.31883700006883,33.739997999914941],[-118.31878900038826,33.73975400029218],[-118.3187840003654,33.739600000081161],[-118.3187829996422,33.739577999815062],[-118.31878500019032,33.739466000138343],[-118.31877599996947,33.739402999975788],[-118.3188460002897,33.739239000331665],[-118.31884700011459,33.739226000018505],[-118.31894000000099,33.738425999998952],[-118.31895699971943,33.738279000006671],[-118.31896000009249,33.738249999785317],[-118.31896199974231,33.738221000301195],[-118.31896099991741,33.738196999896395],[-118.31895900026757,33.738179999854658],[-118.31895599989454,33.738147000027567],[-118.31895300041978,33.738128999709112],[-118.31895099987165,33.738111999653846],[-118.3189469996737,33.738095999862409],[-118.31894400019897,33.738078999800663],[-118.31894099982591,33.738059999947296],[-118.31893599980305,33.738045999934727],[-118.31892599975731,33.738013000056142],[-118.31889599962007,33.73793199996075],[-118.31887399987878,33.737883999729803],[-118.31885899981015,33.737852000058915],[-118.3188410002668,33.737822000169878],[-118.31882100017532,33.737787999934348],[-118.31880299973366,33.737762999884424],[-118.31876799957355,33.737717000102137],[-118.31873499996161,33.737677999958834],[-118.31869700032676,33.737636999999808],[-118.3186710003875,33.737611999905894],[-118.31866299999157,33.737602999690964],[-118.31849999978496,33.737477000318414],[-118.31850499980783,33.73633900022265],[-118.31854300034098,33.736388999651162],[-118.31856599990719,33.736404999760886],[-118.31859199984646,33.736430999746176],[-118.31892400010749,33.736597999636075],[-118.31934500005697,33.736420000327996],[-118.31945399983692,33.736378000227596],[-118.3195109997383,33.73634999965121],[-118.32004999968858,33.736122000273667],[-118.32004700021383,33.736111000068824],[-118.31998500028956,33.73583000019903],[-118.32037299972875,33.735769999743376],[-118.32030099975874,33.735446000143639],[-118.31991300031953,33.735506000078821],[-118.31873699961142,33.735180999927948],[-118.3185099998307,33.73525100006448],[-118.31851200037883,33.734879000327794],[-118.31851200037883,33.73478199985216],[-118.31851599967848,33.734350000368586],[-118.31851800022662,33.734043000006643],[-118.31852999992218,33.732212999715543],[-118.3185309997471,33.731986999733302],[-118.31982299990784,33.731990000001382],[-118.31983200012868,33.731891999655602],[-118.31985800006795,33.73178600020757],[-118.31990099972565,33.731685000097208],[-118.31996100000012,33.731589999685163],[-118.32003600034318,33.731502999679527],[-118.32012500003162,33.73142600004752],[-118.32020000037471,33.731375000369646],[-118.32030800032975,33.731316999732321],[-118.32077100011202,33.731140999876921],[-118.32084700028,33.731103000081475],[-118.32090800037935,33.731056000114648],[-118.32095500023503,33.730999000358722],[-118.32098399964903,33.730941000214351],[-118.3210010002658,33.730873999857089],[-118.3210099995883,33.729397000069156],[-118.32158200004882,33.72939900005926],[-118.32552399975502,33.729412000367248],[-118.32670100028805,33.72941600034671],[-118.32801699983992,33.729420000325931],[-118.32847200012461,33.729422000315495],[-118.32963500041393,33.727493000311171],[-118.32970700038396,33.727372999652175],[-118.33016500014337,33.726619999868291],[-118.33074900029943,33.725658999893703],[-118.33303899999478,33.721892999731665],[-118.33305700043644,33.721861999783926],[-118.33301300005549,33.721850000283141],[-118.3328440000011,33.721765999995149],[-118.33265900005317,33.72163499972887],[-118.33262600044122,33.72163499972887],[-118.33259299993094,33.721615999970275],[-118.33211300043021,33.721394999794711],[-118.33189499997201,33.7212509996615],[-118.33172199971966,33.721154000219151],[-118.33148800026625,33.721037000314539],[-118.33133599993026,33.720931999881195],[-118.33118799979228,33.720798999646107],[-118.33093599989721,33.72058599964361],[-118.33086599957699,33.720527000208989],[-118.330612999857,33.720312999804293],[-118.33056400035153,33.720293999753089],[-118.33053099984123,33.720271999767178],[-118.33049800022928,33.720271999767178],[-118.33043200010707,33.720229999982152],[-118.32962199999514,33.72001299964473],[-118.32947899988,33.719997000214484],[-118.32942100015367,33.719961000177967],[-118.32836099979652,33.719673000089408],[-118.32752599957027,33.719469999895274],[-118.32744000025485,33.719458999797382],[-118.32740699974455,33.71943899981968],[-118.3273170002312,33.719418000099544],[-118.32728399972092,33.719398000112292],[-118.32724299971305,33.719383000305562],[-118.32720900027614,33.719363000310096],[-118.32713599958291,33.719333999673374],[-118.32710299997096,33.71931399966649],[-118.32704500024464,33.719293999655008],[-118.32701199973434,33.719272000159975],[-118.32697099972647,33.719258999810414],[-118.32693800011452,33.719238999786121],[-118.32688100021309,33.719217000276998],[-118.32684799970284,33.719197000242858],[-118.32678999997651,33.719177999944662],[-118.32675800018946,33.719155999672751],[-118.32666699995285,33.719120000030699],[-118.32663400034089,33.719100999715451],[-118.3265439999292,33.719065000050335],[-118.32651100031725,33.719044999980859],[-118.32647000030939,33.719032000344079],[-118.32643699979909,33.71901000003475],[-118.32639599979122,33.718996999645526],[-118.32636300017924,33.718977000307341],[-118.32615700031491,33.71887300008725],[-118.32608399962167,33.718831000364993],[-118.32601800039774,33.718818999693362],[-118.32596700034411,33.718790000367235],[-118.32594600042773,33.718785000147449],[-118.32590299987172,33.718762999774818],[-118.32584500014539,33.718750000095397],[-118.32581199963509,33.718727999713749],[-118.32556999978577,33.71865699980227],[-118.32536899994433,33.718668000002864],[-118.32478099959026,33.718676000215844],[-118.32458700031982,33.71865999978921],[-118.32455499963447,33.718638000131762],[-118.32449699990813,33.718624999686206],[-118.32446799959581,33.718614000227248],[-118.32434299992235,33.718593000305354],[-118.32421999989869,33.718609999744416],[-118.32417200021814,33.718632999903129],[-118.32415200012663,33.718647000094187],[-118.32397100037667,33.71865999978921],[-118.32388000014006,33.718659000042642],[-118.32353899965823,33.718641999866072],[-118.32334600021271,33.718626000180308],[-118.32323099968664,33.718597999789054],[-118.3231980000747,33.718576000115725],[-118.32311199986096,33.718535999744184],[-118.32304200043907,33.718487000122906],[-118.32301700032474,33.718487999871471],[-118.32276700007948,33.718308000109893],[-118.32225300024355,33.717909999795332],[-118.32223599962681,33.717873999630861],[-118.32210500010557,33.717707999673301],[-118.32208099981611,33.717577999698463],[-118.32208099981611,33.717551000219323],[-118.32211299960316,33.717459999642884],[-118.32221999973328,33.717351000270618],[-118.32222899995412,33.717323999972876],[-118.32218000044863,33.717280999730207],[-118.32216299983189,33.717283999765215],[-118.32208900021203,33.717295999904195],[-118.32198999957953,33.717364999923582],[-118.3218199997002,33.717458000121788],[-118.32177700004249,33.717482000349463],[-118.32173600003462,33.7174890001655],[-118.32169699967656,33.717486000137647],[-118.32147200044399,33.717467000207982],[-118.32142300004017,33.717480999841975],[-118.32134900042035,33.717529000277686],[-118.32130800041246,33.717549999712617],[-118.32122600039668,33.717564999839603],[-118.32118000036591,33.717564000080287],[-118.3211350001601,33.717563000320972],[-118.3210530001443,33.717551000219323],[-118.32074099997477,33.717392000208442],[-118.32035900038336,33.717185999812791],[-118.32013199970432,33.717013000165153],[-118.32008300019884,33.716956999815757],[-118.32007499980294,33.716930000141318],[-118.31993500006085,33.716741999709626],[-118.31977900042524,33.71657899986463],[-118.3197629996334,33.716405999741063],[-118.31983700015155,33.716242000230693],[-118.3198620002659,33.716213000034081],[-118.31987800015943,33.716165000357073],[-118.31991900016733,33.716117999682169],[-118.31993800043388,33.716072000252687],[-118.31994400028167,33.716056000087981],[-118.31992800038815,33.715979999825336],[-118.31988700038028,33.715944000345992],[-118.31981299986211,33.715959000006336],[-118.31973900024227,33.716006999798516],[-118.31968499981559,33.716025000274094],[-118.31962700008926,33.715993999701787],[-118.3195659999899,33.715945000124172],[-118.31955000009637,33.715925000075032],[-118.3195090000885,33.715786000127913],[-118.31944299996627,33.715447999839171],[-118.31941000035428,33.715408000251934],[-118.31924600032275,33.715270000001112],[-118.31914699969025,33.715255000220409],[-118.3191219995759,33.715256000006605],[-118.3189740003362,33.715277999783481],[-118.31887200022894,33.715308000081485],[-118.31866399981647,33.715318999963934],[-118.31861299976286,33.715311000185444],[-118.31852700044743,33.715263000004171],[-118.3184810004167,33.715238000117047],[-118.31846499962485,33.715228999797262],[-118.31832499988276,33.715200999792529],[-118.31821000025504,33.715132000275744],[-118.31821000025504,33.715112000037223],[-118.31815300035365,33.715055999942443],[-118.31803799982758,33.71507600019396],[-118.31798000010126,33.71506299995626],[-118.31790599958312,33.715006999829519],[-118.31787299997114,33.714960000015139],[-118.31777400023695,33.714855000368757],[-118.31776599984103,33.7148280000333],[-118.31773400005397,33.714781000120929],[-118.31767999962729,33.714528999929669],[-118.31766000043413,33.714353999818286],[-118.31767200012969,33.714328999666542],[-118.31768399982526,33.714223000197556],[-118.31771300013759,33.713971999664182],[-118.31768499965018,33.713803000225475],[-118.31765200003821,33.713761000264768],[-118.31762899957366,33.713740999706907],[-118.31755900015179,33.713683999660674],[-118.31751999979373,33.713651999932722],[-118.3174820001589,33.713629999739283],[-118.31745500039473,33.713616000224576],[-118.31738099987656,33.713594999827464],[-118.31725100018024,33.71357800014264],[-118.31722400041602,33.713574000172407],[-118.31706799988211,33.713582000112744],[-118.31701900037665,33.713623000355845],[-118.3170029995848,33.71371100035585],[-118.31697800036875,33.713734000332508],[-118.31693700036085,33.713762000068371],[-118.31680500011639,33.713773999952352],[-118.31673099959822,33.713725999659104],[-118.31669799998625,33.713692000338007],[-118.31661199977253,33.713616000224576],[-118.31657499996261,33.713643999998922],[-118.31656699956672,33.713678000086205],[-118.31656699956672,33.713727000210298],[-118.31662400036643,33.713793999755275],[-118.31661599997051,33.713850999728493],[-118.31660000007697,33.713873999667655],[-118.3164679998325,33.713988000217242],[-118.31642699982463,33.714007999970313],[-118.31611399983015,33.714090999829907],[-118.31588600022454,33.714082000137083],[-118.31583500017089,33.714090999829907],[-118.31581000005656,33.714112000105764],[-118.3156369998042,33.714298999773725],[-118.31544799965829,33.714455999943659],[-118.31534100042649,33.714525000003682],[-118.31530000041859,33.714533999650079],[-118.31512799999116,33.71460199985362],[-118.31501699966307,33.714638999689015],[-118.31480300030117,33.714652999784128],[-118.31474899987447,33.714641999816294],[-118.314700000369,33.71461500016111],[-118.31435899988713,33.714514999814341],[-118.31414100032724,33.714531000266163],[-118.31389799975467,33.714597000137168],[-118.31382400013483,33.714611000239131],[-118.31360700039987,33.714643000356872],[-118.31333500041329,33.71462099967011],[-118.31323699960571,33.71459300021435],[-118.31320399999373,33.714572999850283],[-118.31303499993932,33.714491000251776],[-118.31291600011366,33.714400000168226],[-118.31281800020436,33.714338000080673],[-118.31275200008211,33.714324999731247],[-118.31271899957186,33.714305000051993],[-118.31265699964756,33.714275999948399],[-118.31263699955606,33.714263000336786],[-118.31245599980609,33.714105000014364],[-118.31239800007978,33.714090000030133],[-118.31233699998043,33.714056000105984],[-118.31216000042842,33.71393200013658],[-118.31205699959794,33.713948999751317],[-118.31178200013665,33.713965000308669],[-118.31174899962636,33.713944999798308],[-118.31148599986064,33.713876000019454],[-118.31141700026367,33.713838999855284],[-118.31133400042299,33.713793999755275],[-118.31106699956096,33.713594000021914],[-118.31089500003182,33.713450000254191],[-118.31086999991749,33.713333000311827],[-118.31075500028976,33.713235000333214],[-118.3107300001754,33.713221000006897],[-118.31065599965723,33.713201999880631],[-118.31041800000587,33.713022000245616],[-118.31026400002007,33.712990000271006],[-118.31015500024014,33.712931999912996],[-118.30997399959183,33.71288399989627],[-118.30993099993415,33.712859999877836],[-118.30971099982614,33.712705000157818],[-118.30963300000832,33.712681000089361],[-118.30946899997677,33.712660000210782],[-118.30912800039324,33.712608999843802],[-118.30908700038535,33.712587000130341],[-118.30878199988851,33.712505000129738],[-118.30875000010148,33.712485000026582],[-118.30868399997924,33.712469999759371],[-118.30844999962751,33.712339000253316],[-118.30838000020562,33.712290000084394],[-118.30812900013547,33.712139999942494],[-118.30808399992962,33.712104000347722],[-118.30805100031765,33.712104000347722],[-118.307928000294,33.712035999660422],[-118.30786999966936,33.712022999709731],[-118.30783799988231,33.712000999846154],[-118.30778000015599,33.711987999890162],[-118.3077469996457,33.711967999666598],[-118.30757400029167,33.711918000208179],[-118.30708999969468,33.711877999723775],[-118.30702399957244,33.711855999823037],[-118.30676099980671,33.711836000315998],[-118.30637400019242,33.711836000315998],[-118.30634999990299,33.711829000039053],[-118.30631700029102,33.711807000125766],[-118.30604500030445,33.711786999860045],[-118.30599599990065,33.71176099988125],[-118.30578699966327,33.711702000360091],[-118.30556499990544,33.711673000124613],[-118.30538800035342,33.711643000051126],[-118.3053389999496,33.711630000040884],[-118.3052810002233,33.711615000371587],[-118.30507600018387,33.711490999866299],[-118.3050429996736,33.711490999866299],[-118.30501000006163,33.711468999866412],[-118.30476300018942,33.711409000313587],[-118.30473100040237,33.711385999714189],[-118.3046900003945,33.711372999665095],[-118.30442699973045,33.711236000235019],[-118.30437700040004,33.711220999749614],[-118.30431100027782,33.711180999687819],[-118.30425400037639,33.711165999940043],[-118.3042049999726,33.711139999773231],[-118.30413100035275,33.711117999683431],[-118.30409799984248,33.711098000004505],[-118.30396999979598,33.711061000137875],[-118.30384099992455,33.711037000357223],[-118.30331299984493,33.710963999644278],[-118.30306199977478,33.710933000233808],[-118.30302900016281,33.710911000090967],[-118.30293100025351,33.710884999846961],[-118.30286900032924,33.710848999726075],[-118.30257700025119,33.710621999695427],[-118.30244599983163,33.710511000179608],[-118.30219099956351,33.710331000134758],[-118.30213399966208,33.710298000060668],[-118.30206800043815,33.710283000158704],[-118.30200200031591,33.710245000096336],[-118.30186300039874,33.71018100030733],[-118.30177999965974,33.710159999817392],[-118.30174799987272,33.71013999991537],[-118.30169000014639,33.710118000316605],[-118.30165699963609,33.710097999657506],[-118.30156700012274,33.710068999627637],[-118.30153399961246,33.710048999704419],[-118.30145199959671,33.710024999640943],[-118.30130400035702,33.709973000103112],[-118.301008000081,33.709884000160052],[-118.30078999962279,33.709825000096551],[-118.30052699985704,33.709799000271033],[-118.29989400019547,33.709805000116511],[-118.29952400029963,33.709776999837686],[-118.29917899961981,33.709742999700346],[-118.29897799977834,33.709771999840306],[-118.29887800021923,33.709780999984844],[-118.29873900030206,33.709792999677845],[-118.29868200040067,33.709792999677845],[-118.29840600021615,33.709769000290109],[-118.29833599989594,33.709757999696684],[-118.29830300028398,33.709737999701034],[-118.29821299987229,33.709724000299097],[-118.29818000026034,33.709704000295531],[-118.29772800034871,33.709489999816228],[-118.29759699992914,33.709421000194055],[-118.29754800042367,33.709406000138848],[-118.2975149999134,33.709386000061237],[-118.29712800029908,33.709194000125137],[-118.29663100018163,33.708910999837649],[-118.29658900034883,33.708882000154233],[-118.29649999976206,33.708822000288549],[-118.29646299995214,33.708791999966337],[-118.29592099962883,33.708352000014997],[-118.29578099988674,33.708213999633841],[-118.29574800027477,33.708169000322592],[-118.29572399998536,33.708144999733733],[-118.29571499976451,33.708118000277601],[-118.29566600025903,33.708047999683004],[-118.2956500003655,33.708015000226268],[-118.29562500025114,33.707978999649526],[-118.29560900035763,33.707931999724934],[-118.29559199974086,33.707898000351769],[-118.29554300023537,33.707737999780051],[-118.29551899994594,33.707683999856052],[-118.2954450003261,33.707588999782864],[-118.29540400031821,33.707534999765237],[-118.29533800019598,33.70747000032172],[-118.29532999980006,33.707442999906092],[-118.29528899979216,33.707393999932741],[-118.29526399967779,33.707270000058365],[-118.29526799987579,33.707140999854417],[-118.29527000042393,33.707072999721056],[-118.29528600031742,33.70659100019973],[-118.29525299980716,33.706364000123891],[-118.29521599999724,33.706181999824004],[-118.29520400030165,33.706150000289853],[-118.29517499998934,33.706028999795009],[-118.29511300006507,33.705833000243722],[-118.29509499962339,33.70574800008194],[-118.29508899977561,33.705689000166394],[-118.29507700008004,33.70565100031331],[-118.29503600007217,33.705609000102136],[-118.29501099995782,33.705498000085697],[-118.29499500006429,33.70545100029809],[-118.29495400005639,33.705408999989118],[-118.29490399982771,33.705346000234513],[-118.29483000020784,33.705263000143212],[-118.29481799961397,33.705233999975384],[-118.29478800037505,33.705111999780421],[-118.29478099980408,33.705086000022781],[-118.29467500039715,33.704953999809526],[-118.29464199988688,33.704816999854906],[-118.29461699977253,33.704740000199088],[-118.29451899986323,33.70465800017908],[-118.29430499960299,33.704637999743142],[-118.29425100007461,33.704610000021702],[-118.2941859997773,33.704576000080856],[-118.29415700036328,33.704553999804247],[-118.29410799995949,33.704553999804247],[-118.29403400033965,33.704561999837509],[-118.2940090002253,33.704582000291204],[-118.29393899990509,33.704659999998228],[-118.29390600029313,33.70468900035992],[-118.29373700023874,33.70483800015667],[-118.29366199989565,33.704849999793019],[-118.29353200019929,33.704871000086776],[-118.29316200030345,33.704918000191753],[-118.29308000028769,33.704931999629743],[-118.29284099991308,33.70500199977468],[-118.29279400005743,33.705017999757111],[-118.29263599987368,33.705070000052999],[-118.29257399994938,33.705094999911047],[-118.29195399980829,33.705117999953323],[-118.29183800035564,33.705153000330796],[-118.29171899963167,33.70519699982426],[-118.2915179997902,33.705215000323918],[-118.29140300016248,33.705179999971726],[-118.29132899964432,33.705124000125821],[-118.2912859999866,33.704993999782332],[-118.29127799959069,33.704968999894952],[-118.29125500002448,33.704918000191753],[-118.2911730000087,33.704848999885677],[-118.2911579999401,33.70485599998424],[-118.29111500028239,33.704876000369481],[-118.29091799974059,33.705020000315152],[-118.29079499971694,33.705034999641718],[-118.29069199978477,33.705112999684708],[-118.29051500023276,33.705200000281458],[-118.29046599982897,33.705213999673489],[-118.29030900036842,33.705241000042513],[-118.29027199966019,33.70523000036377],[-118.29021499975879,33.705224000198683],[-118.29005900012318,33.70523000036377],[-118.28970099992289,33.705261000338112],[-118.28961499970917,33.705293000203461],[-118.28958600029516,33.705295999909985],[-118.28947900016506,33.705357999799901],[-118.28940499964689,33.705364999856975],[-118.28877000033548,33.70534999984072],[-118.28865900000739,33.705348000037638],[-118.28856000027319,33.705409999889952],[-118.28847599970926,33.70546700019689],[-118.28837299977712,33.705515999774967],[-118.28800500042942,33.705762000131976],[-118.28798199996488,33.705777000076232],[-118.28795400037578,33.705791000121543],[-118.2875340002512,33.706088000224312],[-118.28715000011165,33.70637399976787],[-118.28710200043109,33.706404000187383],[-118.28702000041532,33.706443000343455],[-118.28695400029308,33.706466000024776],[-118.2867860000636,33.706511000228296],[-118.28669900002495,33.706520999855158],[-118.28664600032151,33.706539000077292],[-118.28656000010776,33.706548999700892],[-118.28650599968113,33.706566000029852],[-118.28638699985541,33.706583000355394],[-118.28611599969378,33.706658000081099],[-118.28599199984519,33.706776000035099],[-118.28598400034761,33.706809999852425],[-118.28595900023325,33.706836999719741],[-118.28595099983733,33.706871000260236],[-118.28588499971511,33.706955000175086],[-118.28587700021747,33.706988999921606],[-118.2858360002096,33.707030000323257],[-118.28580699989729,33.707107000168115],[-118.28578199978294,33.70715700018571],[-118.28577199973718,33.707213000200703],[-118.2857369995771,33.707410000216903],[-118.28571999985864,33.707450999670336],[-118.28544000037446,33.707686000352041],[-118.28542399958262,33.7077069999524],[-118.28540699986421,33.707760999861883],[-118.28541500026013,33.70798799998191],[-118.28538199974983,33.708079000134816],[-118.28518500010634,33.708247999629222],[-118.28374900000556,33.708679999717049],[-118.28249299982981,33.708831999646343],[-118.2813229998678,33.708743000015382],[-118.27913500027972,33.708348999667905],[-118.27836299980264,33.707824999959769],[-118.27799000043206,33.707398000190878],[-118.27859999962911,33.70638500004749],[-118.27848199962833,33.706290999922643],[-118.2774360004132,33.707688000100688],[-118.27698000030361,33.7077429998958],[-118.27611099974216,33.707300000164921],[-118.27563399971618,33.707052999847441],[-118.27528899993467,33.706865000209774],[-118.27381900039701,33.706046000226884],[-118.271804000163,33.704964000364981],[-118.27141199962752,33.704753999666046],[-118.27101699961732,33.70454599977019],[-118.27082800036972,33.704464000312321],[-118.27065599994229,33.704373999978792],[-118.27010600012137,33.704147000022409],[-118.26993299986903,33.704112999898243],[-118.26964499998893,33.70403000011018],[-118.2693129997279,33.70395800008496],[-118.26907400025162,33.703906999781502],[-118.2688549999685,33.703858999951791],[-118.26825300026906,33.703728999935748],[-118.26789000004587,33.703718000063375],[-118.26776899967207,33.703689000121194],[-118.26767199958768,33.703673999812253],[-118.26744099960902,33.703652999973251],[-118.2672289998969,33.70365200005196],[-118.26690099983385,33.703670000127993],[-118.26673799962721,33.703686000358545],[-118.26660799993088,33.703703999680187],[-118.26618399960836,33.703759999704523],[-118.26601700010208,33.703793999968354],[-118.26561799989392,33.703869999806166],[-118.26531499994522,33.704001000273337],[-118.26518500024889,33.704058000020623],[-118.26455300041221,33.704262999861058],[-118.26415800040199,33.704397000214186],[-118.26107199994014,33.705401999935674],[-118.2602380004371,33.705668000072627],[-118.25139800042464,33.708479000164466],[-118.25090600033006,33.708694000036417],[-118.24457100009806,33.710666000123531],[-118.23309200041083,33.714414000302305],[-118.23297699988477,33.714452000014276],[-118.2329280003793,33.714467999730644],[-118.23273699968526,33.71452999972432],[-118.23174400017358,33.71485399983063],[-118.23175400021931,33.714873000338599],[-118.23176400026506,33.714892000095119],[-118.23178600000637,33.714953999782644],[-118.23180299972479,33.715002000136657],[-118.23713600022427,33.727706999999036],[-118.24345200018968,33.742760000206815],[-118.24723099968924,33.751765999946663],[-118.24735000041325,33.752049000103355],[-118.24743900010169,33.752261999684407],[-118.24765400018687,33.752774000331357],[-118.24774200005041,33.752982999977817],[-118.247937999869,33.753450999922272],[-118.24851700000222,33.75483199995319],[-118.24860700041388,33.755047000228366],[-118.24866000011734,33.75517199986254],[-118.24868100003376,33.75522100019522],[-118.24869000025458,33.755244000250237],[-118.2489660004391,33.755902000120813],[-118.24796999965605,33.756192999771883],[-118.24701200030444,33.756473000094893],[-118.24681200028789,33.756531000154169],[-118.24076699958584,33.758296000163028],[-118.24115300027353,33.758541000086829],[-118.24217199972449,33.759809000268824],[-118.242263999786,33.75992300028971],[-118.24242399961958,33.760123000340016],[-118.24370499990967,33.761716999676317],[-118.24533000015636,33.763740000067095],[-118.24544999980695,33.763888999663493],[-118.24455000018168,33.764554000097029],[-118.24267999971261,33.765935999684096],[-118.24179199978289,33.766607000271037],[-118.24125200000772,33.767014000331983],[-118.24083600008112,33.767329999996711],[-118.24057800033825,33.767516000256506],[-118.24038699964423,33.767705999799972],[-118.24035200038244,33.767732000003406],[-118.24022400033591,33.767828999802525],[-118.24014999981777,33.767883999886159],[-118.24007700002282,33.767939999853638],[-118.23998800033436,33.768006999633215],[-118.23973399989116,33.768198000244375],[-118.2359429997977,33.771056000214877],[-118.23156800044649,33.774325000263133],[-118.23130399995752,33.774522000031858],[-118.23086799993943,33.774848000261194],[-118.22684300039256,33.777890999758959],[-118.22668299966068,33.778010999922508],[-118.22199899961466,33.781535999911561],[-118.22172800035132,33.781740000069469],[-118.22088100042947,33.782377000355922],[-118.22066899981907,33.782536999872136],[-118.22074900018501,33.782622999871208],[-118.22151099971802,33.783436999700747],[-118.22158000021331,33.783509999971507],[-118.22239600017301,33.784380999731191],[-118.22343800008851,33.785494999918818],[-118.2239600003203,33.786052000177868],[-118.22517499958987,33.787349000204813],[-118.22524200043534,33.787422999818894],[-118.22532799975072,33.787511999956074],[-118.22542900003309,33.787617999948402],[-118.22593700002118,33.788148000181735],[-118.22609000018207,33.788310000223845],[-118.22629199984841,33.788520000237121],[-118.22630299971908,33.788530999690302],[-118.22747799970395,33.789759000283489],[-118.22768100009357,33.789970999799671],[-118.22751200003917,33.790367999795357],[-118.22732500044141,33.790801000369761],[-118.22725699977104,33.790960999824478],[-118.22723099983178,33.790951999984351],[-118.22696600041621,33.790859999988861],[-118.22687600000451,33.791542999667726],[-118.2267970003618,33.792147999888904],[-118.22585900020339,33.794729000058737],[-118.2254380002539,33.795892000207843],[-118.22501800012932,33.79705599981213],[-118.22433000021617,33.79894600031944],[-118.22364099957976,33.800834999867824],[-118.22254000011304,33.803867000331003],[-118.22243600035598,33.804151999831028],[-118.22243600035598,33.804448000268636],[-118.22243600035598,33.804577999930437],[-118.22243700018088,33.806348000193367],[-118.22243899983071,33.808235999628643],[-118.22244200020374,33.811878999636207],[-118.22244200020374,33.812451999983921],[-118.22274299960432,33.81271300030815],[-118.22276799971868,33.812728000208217],[-118.22276100004598,33.812777999856117],[-118.22275699984803,33.812935000351821],[-118.22333900035429,33.815810999672884],[-118.22450400029345,33.821568000218882],[-118.22457000041567,33.821568000218882],[-118.22456799986753,33.821607000244732],[-118.22456799986753,33.821649999659378],[-118.22456799986753,33.821730999730349],[-118.22456700004264,33.821939999798602],[-118.22458299993616,33.822718000208432],[-118.22458999960885,33.823483000039687],[-118.22460300002764,33.824202000117801],[-118.22460399985253,33.824288000047225],[-118.22457600026345,33.824288000047225],[-118.22457600026345,33.82438099993427],[-118.22467599982257,33.82438099993427],[-118.22476100021139,33.824607000305512],[-118.22487500001421,33.824913000120425],[-118.22489000008282,33.824953000112899],[-118.22493199991561,33.825067999986878],[-118.22498999964193,33.825222000322192],[-118.22500399988564,33.825260000178119],[-118.2250719996577,33.825439000018562],[-118.22508599990138,33.825475999784629],[-118.22514199997789,33.825626000164618],[-118.2260359997554,33.828016999886856],[-118.22624800036581,33.828559000158016],[-118.22634999957474,33.828819999835318],[-118.22660700039103,33.829493000044572],[-118.22707600002106,33.828229000145967],[-118.22711200000609,33.828131000154869],[-118.22774100036803,33.826433000110733],[-118.22801099980644,33.825702000246778],[-118.22804099994367,33.825623000189424],[-118.22811700011165,33.82541700015009],[-118.22843900032694,33.824548000071417],[-118.22850299990102,33.824374999896477],[-118.22806600005805,33.824195000058992],[-118.22794300003439,33.823595000351851],[-118.22752600028288,33.821564000062153],[-118.22637100038945,33.815860999757788],[-118.22568400030119,33.812471999911111],[-118.22546900021604,33.811412999724062],[-118.22543599970578,33.811249999954811],[-118.2253870002003,33.811007999752078],[-118.22534100016954,33.810901000196708],[-118.22427800033763,33.808420000236495],[-118.22418799992595,33.808185000116225],[-118.22412699982658,33.808008999838513],[-118.22408900019174,33.807887000264763],[-118.22405400003166,33.807755000003858],[-118.22400299997801,33.80754500015302],[-118.22396799981793,33.807359000238606],[-118.22395799977217,33.807284999943533],[-118.22395199992438,33.807240999818433],[-118.22392799963494,33.807053000318291],[-118.22392099996225,33.806974000202565],[-118.22391599993938,33.806881000048492],[-118.22391199974143,33.806800000096793],[-118.22391000009159,33.806707999966477],[-118.22390800044177,33.806682999865316],[-118.22390900026669,33.806604000154422],[-118.22391199974143,33.80650600001492],[-118.22391400028957,33.806469999722161],[-118.22392599998514,33.806423000022171],[-118.22393900040393,33.806231000090293],[-118.22394000022882,33.806218999706985],[-118.22397600021382,33.805946000050064],[-118.22402899991731,33.805674999972126],[-118.2240990002375,33.805406000238619],[-118.22418600027611,33.805140999837981],[-118.22421300004029,33.805072000277853],[-118.22425499987311,33.804967999970309],[-118.22428599983525,33.80488900016892],[-118.22430000007893,33.80487300015303],[-118.22431299959941,33.804842000347001],[-118.22443200032342,33.804586000339562],[-118.22456799986753,33.80433600026381],[-118.22718099960304,33.800100000281468],[-118.22734200015987,33.799839000299009],[-118.22807100008089,33.797746000058893],[-118.22819499992946,33.797389000129073],[-118.22833700021967,33.796663000051367],[-118.22885600007845,33.795263999812335],[-118.22945199993012,33.793671999749449],[-118.22950399980866,33.793535000364287],[-118.2296209999845,33.793267000170196],[-118.22976099972659,33.792994000257615],[-118.22991300006255,33.792771999990379],[-118.23004000028419,33.792547000251986],[-118.23011700027706,33.792618000213366],[-118.2302610002171,33.792771999990379],[-118.2304930000207,33.793018999878377],[-118.23322799995495,33.795936000195994],[-118.23347700037529,33.79620200032128],[-118.23354799962208,33.796277000083741],[-118.23360799989656,33.796338000329811],[-118.23361600029246,33.796385000342866],[-118.23365899995017,33.796387999850424],[-118.23367800021674,33.796416000226223],[-118.23481200019376,33.79762500035612],[-118.23540600039559,33.798259000230289],[-118.23744599984565,33.800442000289188],[-118.23748199983066,33.800481000242556],[-118.23750799976995,33.800507999740518],[-118.23787900038903,33.800489999827327],[-118.23839099967678,33.800463000323738],[-118.23859599971618,33.800452000164107],[-118.24264799992555,33.800244999678974],[-118.24427399999715,33.800162000331873],[-118.2459729998637,33.800118999820093],[-118.24599100030535,33.800118999820093],[-118.2460249997422,33.800118000276633],[-118.2463400002848,33.800102000115217],[-118.25287600035823,33.799763999925169],[-118.25423200009308,33.799697999900161],[-118.2544520002011,33.799686999642212],[-118.25462499955516,33.799636999809167],[-118.2565920001086,33.799535999758682],[-118.25679700014801,33.79952599977679],[-118.25844499996091,33.799442000181152],[-118.25752900044212,33.801969000348066],[-118.25711599999028,33.803107999767171],[-118.25651199974267,33.804774000034861],[-118.25667400012438,33.804769000350028],[-118.25793299977485,33.804734000308997],[-118.25876299997823,33.804711000103552],[-118.25959200035672,33.804687999891975],[-118.26008500027622,33.80467400031187],[-118.26010600019265,33.80467400031187],[-118.26048299976118,33.804662999947048],[-118.26116800019962,33.804643999924359],[-118.26122199972797,33.804645000161351],[-118.26226100016872,33.804616000001012],[-118.26233999981147,33.804613000035332],[-118.26243900044398,33.804610000069545],[-118.26252099956143,33.80460800034114],[-118.26260299957717,33.804604999628729],[-118.26267700009534,33.804604000137722],[-118.262836000104,33.804598999696545],[-118.26293200036349,33.804595999730275],[-118.26308399980113,33.804592000272706],[-118.26309700021991,33.804592000272706],[-118.26317900023567,33.804589000306187],[-118.26326100025146,33.804586999830832],[-118.2633430002672,33.804585000101881],[-118.26342600010788,33.804582000135113],[-118.26350800012366,33.804579999659609],[-118.26359000013943,33.804577999930437],[-118.26367299998009,33.80457600020128],[-118.26375499999587,33.8045730002342],[-118.26380199985152,33.804571999996369],[-118.26397199973086,33.804569000029154],[-118.26413099973949,33.80456300009439],[-118.26419400038699,33.804561000364892],[-118.26427700022769,33.804558999888876],[-118.26435900024343,33.804557000159228],[-118.26441199994689,33.804551000223626],[-118.26450400000839,33.80455499968312],[-118.26459299969687,33.804535999636393],[-118.26462500038224,33.804495999799272],[-118.26459699989482,33.802744000233879],[-118.26460500029074,33.801527000055991],[-118.26460000026788,33.800964999792804],[-118.26459199987195,33.800069999783432],[-118.26459199987195,33.800043000147284],[-118.26459199987195,33.799995000358457],[-118.26459199987195,33.799974999754255],[-118.26458900039721,33.799696000056976],[-118.26458699984909,33.799422000194177],[-118.26458500019923,33.799126999843509],[-118.26462500038224,33.799124999986972],[-118.26523399975436,33.799094000338272],[-118.26587099961391,33.799061999629529],[-118.26588300020778,33.799061999629529],[-118.266342999617,33.799067999949976],[-118.26655100002947,33.799057000357557],[-118.26728300032357,33.799020000360841],[-118.26729500001915,33.799017000198994],[-118.26744099960902,33.798980999741737],[-118.26759200012006,33.798943999712172],[-118.26850099996615,33.798897000357734],[-118.26941099963719,33.798850999789174],[-118.27032200003144,33.798821000346351],[-118.27138599968823,33.798784000247615],[-118.27261299955167,33.798720999639173],[-118.27320400027878,33.798691000150782],[-118.27359199971798,33.798672000295177],[-118.27387799994825,33.798657000170415],[-118.27410899992694,33.798652000128264],[-118.27435400014932,33.798655000302908],[-118.27453999992213,33.798659000037887],[-118.2747829995964,33.798657000170415],[-118.27502399962081,33.798648999953528],[-118.2752339996831,33.798638000307264],[-118.27529499978246,33.79863500013203],[-118.27535400023203,33.79863199995669],[-118.27636299963723,33.798579999638015],[-118.27728900010011,33.798533000083694],[-118.27884499985149,33.798453000004628],[-118.27994299984348,33.798396999830167],[-118.28096100036788,33.798345000115226],[-118.28270600026514,33.798256000041768],[-118.28299699961997,33.798240999844111],[-118.28299099977218,33.798185999843483],[-118.28298900012237,33.798170000067358],[-118.28293800006874,33.797707000352268],[-118.28292999967282,33.797631000030762],[-118.28559900038314,33.797639999915212],[-118.28572999990439,33.797641000234066],[-118.28577099991229,33.797641000234066],[-118.28578900035394,33.797641000234066],[-118.28654599986407,33.797643000125319],[-118.28660699996345,33.797695999838439],[-118.28673699965979,33.797817999757626],[-118.28702200006514,33.797817999757626],[-118.28834199981497,33.797817999757626],[-118.28892699979599,33.797761999914222],[-118.28895000026054,33.797761000343257],[-118.28986099975647,33.797763999802598],[-118.29071400042439,33.797767000008371],[-118.29081499980842,33.797767000008371],[-118.29085900018934,33.797767000008371],[-118.29176999968527,33.797770999784895],[-118.29274100035397,33.797773999990405],[-118.29371200012436,33.797777000195829],[-118.29479699969757,33.797780999971827],[-118.29491999972122,33.797780999971827],[-118.2959180001541,33.797784999747705],[-118.29745600036216,33.797789999840504],[-118.29762700006638,33.797763999802598],[-118.2989250000749,33.797761000343257],[-118.29906499981699,33.79778299985982],[-118.29909699960405,33.797787999952725],[-118.29914600000787,33.797796000250109],[-118.29914299963481,33.798735000193112],[-118.29914199980989,33.799059999771494],[-118.29914000016008,33.799523999929526],[-118.29913799961192,33.800030000098289],[-118.29913799961192,33.8001219999433],[-118.29913699978702,33.800397999631407],[-118.29913400031228,33.801536000277203],[-118.29913299958905,33.801720000362948],[-118.29913099993924,33.802176999915183],[-118.29913699978702,33.802486999659671],[-118.29913900033515,33.80254499992062],[-118.29914500018295,33.802799000291387],[-118.29963800010242,33.802813999690201],[-118.29961600036114,33.803417999871513],[-118.29911400022081,33.803405000335125],[-118.29901600031151,33.803399999823888],[-118.29900399971761,33.80361399964697],[-118.2988530001049,33.804882000022396],[-118.2987960002035,33.806248000070518],[-118.29872800043141,33.806935000222495],[-118.29870099976894,33.808246000085632],[-118.29868700042354,33.808971999685895],[-118.29861399973028,33.809843000145328],[-118.29849400007969,33.810436999774375],[-118.29836000018538,33.812870000176765],[-118.29834000009392,33.813054999913639],[-118.29843899982811,33.813090999674763],[-118.29849400007969,33.813139000327794],[-118.29849300025479,33.813241000133374],[-118.29849099970663,33.813363000282543],[-118.29925800016085,33.813645999983194],[-118.29918399964268,33.815783999779057],[-118.29914299963481,33.816954000297024],[-118.29907400003783,33.818924999907445],[-118.29906499981699,33.818985000358893],[-118.29907300021291,33.819312000027189],[-118.29908300025868,33.819742000262366],[-118.29907099966478,33.819863000035959],[-118.29906999983986,33.820214999964435],[-118.29906999983986,33.820278999727904],[-118.29907099966478,33.82107100020724],[-118.29907200038801,33.82198899999775],[-118.2990430000757,33.822209999816131],[-118.29907200038801,33.822299999632577],[-118.29908400008357,33.822351999715501],[-118.29911300039589,33.822471000216893],[-118.29915799970341,33.822731999821016],[-118.29918100016795,33.823022000022341],[-118.29918199999287,33.823311999986508],[-118.29918199999287,33.82361299988191],[-118.29918399964268,33.82450599987996],[-118.29918500036592,33.824740999939749],[-118.29918500036592,33.824894000117489],[-118.29918500036592,33.825318999920931],[-118.29918500036592,33.825696000301683],[-118.29918600019082,33.826314999882946],[-118.29918799984065,33.827184999886832],[-118.29918899966557,33.827839000185527],[-118.29918899966557,33.828113000083412],[-118.29919000038879,33.828580999964288],[-118.29919000038879,33.828895000109846],[-118.29919100021371,33.829904000192414],[-118.29919100021371,33.830005000211358],[-118.29919100021371,33.830319000350414],[-118.2991920000386,33.831549000348645],[-118.29919299986349,33.832118999752389],[-118.29919299986349,33.832534000350705],[-118.29919299986349,33.832996999634794],[-118.29919399968841,33.833708000371942],[-118.29919500041166,33.834411999703683],[-118.29919600023655,33.835115999952883],[-118.29919600023655,33.835570999680009],[-118.29919700006147,33.836121000257478],[-118.29919799988639,33.837293999657604],[-118.29919899971129,33.837781000142776],[-118.29919899971129,33.838181000203022],[-118.29919899971129,33.838349000087916],[-118.29919899971129,33.838676000315878],[-118.29920000043452,33.838839999879269],[-118.29920200008434,33.841022999992553],[-118.29920299990926,33.841557999743017],[-118.29920299990926,33.841950999934767],[-118.29919799988639,33.842018999788287],[-118.29920000043452,33.842444000258347],[-118.29920200008434,33.843283999990717],[-118.29919700006147,33.84365400027302],[-118.29919600023655,33.84485800022108],[-118.29919500041166,33.845239999788618],[-118.29919100021371,33.845602000251994],[-118.29919500041166,33.845869000136446],[-118.29920499955908,33.846220999681478],[-118.29920700010722,33.846318999822401],[-118.2990990001522,33.846323000313021],[-118.2982840000174,33.846348999766917],[-118.29751200043866,33.846342000029523],[-118.29684799991662,33.846342999778848],[-118.295995000147,33.846333999795974],[-118.2943420003112,33.846342999778848],[-118.29305599999823,33.846323000313021],[-118.2919460003107,33.846341000280127],[-118.29172700002758,33.846339000035265],[-118.29167500014903,33.846320000318102],[-118.29158300008753,33.846219000179907],[-118.29076700012783,33.846265999645972],[-118.29037100029272,33.84628800011734],[-118.28783499965178,33.846264999895688],[-118.28601699995956,33.846252999907335],[-118.28602199998244,33.846839999848932],[-118.28602199998244,33.846932000079221],[-118.28602199998244,33.84719199986997],[-118.28602199998244,33.847394999701741],[-118.28602299980733,33.848324000296699],[-118.28602199998244,33.849207000143259],[-118.28602100015753,33.849385000108754],[-118.28602100015753,33.849458000071181],[-118.28600699991382,33.850117999771761],[-118.28600100006604,33.850386999867908],[-118.28602299980733,33.851368000343477],[-118.28602899965514,33.851661000188138],[-118.28603500040123,33.852150000218948],[-118.28603600022615,33.852248000272873],[-118.28527499961972,33.852249999633344],[-118.28525399970333,33.854156999677556],[-118.28600100006604,33.854156999677556],[-118.28599900041623,33.854228999634998],[-118.28690300023948,33.854232000098165],[-118.28701799986719,33.854232999755148],[-118.28736000017395,33.854230999695133],[-118.28761500044207,33.854230999695133],[-118.28818500035446,33.854227999977915],[-118.28839700006658,33.854227999977915],[-118.2898289999694,33.854217999676521],[-118.2905179997075,33.854223000200378],[-118.29052000025565,33.856089999886429],[-118.29052000025565,33.856128999827526],[-118.29052100008055,33.85665399971078],[-118.29052100008055,33.856795999830965],[-118.29052199990545,33.857692999982469],[-118.29052299973037,33.858698999917479],[-118.28970900031881,33.85906199964132],[-118.28956600020369,33.859126000158028],[-118.28942899993633,33.859187000337855],[-118.28788099968254,33.860033000074949],[-118.28741600025046,33.860239999813622],[-118.2861240000897,33.860816000013344],[-118.28604200007391,33.860853000129083],[-118.28561500027666,33.861044000169073],[-118.28548800005505,33.86063600008859],[-118.28530300010712,33.860532000224353],[-118.28521100004563,33.860480999828589],[-118.28513599970255,33.860684000155338],[-118.28531399997777,33.860915999724746],[-118.28533400006927,33.861014000163721],[-118.28536300038159,33.86115599974773],[-118.285159999992,33.861246999903365],[-118.28494099970888,33.861343999642749],[-118.28490100042421,33.861362000174388],[-118.28476599980671,33.86142199993003],[-118.28425799981859,33.861648999643357],[-118.28405799980203,33.86173800013529],[-118.28385299976262,33.861829999984643],[-118.28342799961518,33.862019000199467],[-118.28326199993384,33.862093000118278],[-118.28292100035029,33.862235999709121],[-118.28234800006487,33.862458000200917],[-118.28217599963739,33.862528000007778],[-118.28163500003733,33.862766999672566],[-118.28155499967137,33.862801999829458],[-118.2815560003946,33.862877000117457],[-118.28156700026527,33.864051999757457],[-118.28157599958777,33.86496900010107],[-118.28158300015879,33.865699999746873],[-118.28158800018166,33.86625500012758],[-118.28158900000658,33.866366000069142],[-118.28159300020452,33.866779000156704],[-118.28159599967924,33.867043999724046],[-118.28159900005232,33.867402000023219],[-118.281605999725,33.86807399970192],[-118.28161300029603,33.868895999821461],[-118.28161800031887,33.869331000106627],[-118.28161800031887,33.869357000015718],[-118.2816269996414,33.870296999787982],[-118.28163400021241,33.871109999776046],[-118.28163500003733,33.871185000224273],[-118.28164099988511,33.871779000253035],[-118.28164300043325,33.87199500012008],[-118.28164300043325,33.872019000320179],[-118.2816109997479,33.872571000076668],[-118.28160800027314,33.872631000159394],[-118.28159700040248,33.872820000330698],[-118.28158499980862,33.873050000120607],[-118.28191399969658,33.872930999940237],[-118.28206900040561,33.872867000075495],[-118.28210700004044,33.872852999725708],[-118.28211700008617,33.873095000120514],[-118.28212499958379,33.873281999650551],[-118.28213999965241,33.87363999989315],[-118.28228000029279,33.874126999772891],[-118.28228399959242,33.874731000348611],[-118.282302999859,33.875198999964603],[-118.28231600027779,33.875514999892118],[-118.2823439998669,33.876187999987607],[-118.28237700037717,33.876988000264049],[-118.28240900016422,33.877744000118021],[-118.28243299955535,33.878330999894025],[-118.28244199977617,33.87854299985991],[-118.2824779997612,33.879405999808405],[-118.28248799980693,33.879649000371835],[-118.28250799989841,33.880146999870554],[-118.2825360003858,33.880816999705331],[-118.28254600043158,33.881047000316791],[-118.28257900004353,33.881839999976613],[-118.28261599985348,33.882731999911293],[-118.28261699967837,33.882760999673224],[-118.28272399980848,33.885339000043487],[-118.28272899983135,33.885466000370343],[-118.28273100037951,33.885526000335709],[-118.28276399999146,33.886324000262121],[-118.28278300025804,33.886765999866775],[-118.28279099975565,33.886962000190181],[-118.28281900024304,33.887635000235498],[-118.28284900038028,33.888353000348033],[-118.28287899961917,33.889090000281897],[-118.28290899975642,33.88982299986985],[-118.28293800006874,33.890507000218165],[-118.28295899998513,33.891021000020963],[-118.28297400005374,33.891388000118887],[-118.28298499992439,33.891649000221236],[-118.28302900030532,33.892722000204799],[-118.28305199987153,33.893269999729036],[-118.28305600006951,33.893365999669655],[-118.28306000026748,33.89347099973731],[-118.28308500038182,33.894063999795002],[-118.2830900004047,33.894196000227566],[-118.28311299997091,33.894746999759128],[-118.28311700016887,33.894842000347062],[-118.28314099956002,33.895429000298314],[-118.28314899995593,33.895610999758553],[-118.28320400020752,33.896947999860288],[-118.28320099983446,33.896984999971025],[-118.28316800022249,33.896995999638094],[-118.28314099956002,33.897014000107042],[-118.28226799969892,33.897314999805239],[-118.28226299967605,33.898717999706761],[-118.28225799965315,33.900461000115534],[-118.28225699982826,33.900983999762509],[-118.28225400035353,33.901900000069283],[-118.28224299958458,33.905514999831581],[-118.28223300043713,33.909175999993884],[-118.28223099988899,33.910360999963402],[-118.28223000006408,33.910622999885589],[-118.28222900023916,33.910869999934029],[-118.28222800041426,33.911375000168476],[-118.28222500004121,33.912296999730685],[-118.28222199966815,33.91332699985287],[-118.28222099984326,33.913707000018668],[-118.28221199962242,33.914359000341847],[-118.28219800027702,33.915389000143328],[-118.28218400003334,33.916423000355522],[-118.28216800013981,33.917608999858651],[-118.28216399994183,33.917905999778903],[-118.28216300011691,33.918072999673463],[-118.28215999974388,33.918231000129381],[-118.28215100042136,33.918834000356242],[-118.28213999965241,33.919642000268453],[-118.2821389998275,33.919734000300295],[-118.28212799995683,33.920531999892475],[-118.28212100028412,33.921037000268768],[-118.28212100028412,33.921441000054521],[-118.28210899969025,33.921946000260718],[-118.28209899964452,33.92250899978994],[-118.28208799977385,33.923090000251598],[-118.28208600012404,33.923201000039136],[-118.28195899990243,33.923201000039136],[-118.28193600033622,33.923092999784402],[-118.28163900023527,33.923099999936177],[-118.28150100014302,33.923103000214063],[-118.28144900026449,33.923103999809697],[-118.28139700038594,33.923199000104638],[-118.28125400027082,33.923199000104638],[-118.28104699968326,33.923199000104638],[-118.28096600039072,33.923199000104638],[-118.28049699986236,33.923199000104638],[-118.28044199961079,33.923199000104638],[-118.27990600003356,33.923199000104638],[-118.27987400024651,33.9231219999836],[-118.27838600026719,33.9231219999836],[-118.27822600043361,33.923217999852767],[-118.27822499971039,33.923193000301026],[-118.27822399988547,33.923103000214063],[-118.27822100041075,33.92250899978994],[-118.27817700002981,33.922510000137976],[-118.2779309999825,33.922502999937656],[-118.27768400011033,33.922470999973214],[-118.27763399988159,33.9224579999143],[-118.27753400032248,33.922433000139542],[-118.27728900010011,33.922855999843001],[-118.27731699968919,33.92302000019037],[-118.27733199975781,33.9231120003016],[-118.27733199975781,33.923281000360383],[-118.27728400007722,33.923281000360383],[-118.27445799990637,33.923281999953936],[-118.27390100041276,33.923281999953936],[-118.2732279996699,33.923281999953936],[-118.2732279996699,33.923114000238073],[-118.26965099983671,33.923112999897121],[-118.26954399970657,33.923107000087441],[-118.2694530003683,33.923101999872998],[-118.26518600007378,33.923099999936177],[-118.2613869995844,33.923097999999385],[-118.25673299967561,33.923096000062543],[-118.25651199974267,33.923096000062543],[-118.25564300007953,33.923096000062543],[-118.25438400042907,33.923094999721329],[-118.25426499970506,33.923094999721329],[-118.25359400040864,33.923094999721329],[-118.25359299968541,33.923186000156882],[-118.25358900038576,33.92358699992689],[-118.25357900034004,33.923746999769307],[-118.25357699979189,33.92401500002476],[-118.25357000011917,33.924167999745293],[-118.25358099998984,33.924306999832865],[-118.25358000016493,33.92443299993618],[-118.25357500014206,33.924929999975596],[-118.25356000007346,33.92634999997653],[-118.2535500000277,33.927299999973286],[-118.25381399961834,33.927299999973286],[-118.25381199996853,33.927442999837602],[-118.25381000031869,33.927679999688657],[-118.25380600012075,33.927980999923292],[-118.25380500029584,33.92804500017278],[-118.25380399957261,33.928183999896909],[-118.25378500020435,33.928281000304672],[-118.25377000013575,33.9283530003284],[-118.25352999993622,33.928542000007951],[-118.25350300017203,33.928584999990868],[-118.25347399985974,33.928632000311396],[-118.25395500008365,33.929079999860143],[-118.25405600036599,33.929173999928906],[-118.25426899990302,33.929383000154033],[-118.25426800007811,33.929462000365902],[-118.2533249998968,33.929462999886965],[-118.25286100028961,33.929464000153338],[-118.25221400038434,33.929464999674337],[-118.24938400001552,33.929468999994349],[-118.24927699988538,33.929468999994349],[-118.24833200005429,33.929470000260636],[-118.24739999974365,33.929470999781572],[-118.24726800039747,33.929472000047845],[-118.24625700044412,33.929486000047824],[-118.244643999893,33.929507999936639],[-118.24346499971014,33.929515000306608],[-118.24010499961193,33.929520000144628],[-118.23997800028863,33.929520999664959],[-118.23987199998344,33.929515000306608],[-118.23913499966646,33.929479999941648],[-118.23904599997798,33.929476000367529],[-118.23873800000641,33.929456999779177],[-118.23863900027222,33.929450999670891],[-118.23832200007979,33.929431999822334],[-118.23805799959085,33.929416000025007],[-118.23631100004376,33.929311000255623],[-118.23540600039559,33.929255999650437],[-118.23448800032865,33.929200000230885],[-118.23440499958967,33.929195999898297],[-118.23365700030035,33.929161000147566],[-118.23358600015524,33.92915800008312],[-118.23351599983505,33.929153999748493],[-118.23343800001723,33.929150000159062],[-118.2320639998407,33.929084000198188],[-118.23058199970916,33.92901300031874],[-118.23041100000495,33.929004999635694],[-118.23032399996629,33.929001000039321],[-118.23036199960114,33.929175999723057],[-118.23039900030938,33.929352000060334],[-118.23044500034011,33.929569999999238],[-118.23044799981486,33.929583999983066],[-118.23048200015005,33.929743999741511],[-118.2305340000286,33.92998699996901],[-118.23062299971706,33.930401000112425],[-118.23062600009008,33.930416000214848],[-118.23071200030382,33.930818999990663],[-118.23079000012162,33.931180000199475],[-118.23079799961923,33.931220000349377],[-118.23086000044181,33.931512000054504],[-118.23089200022889,33.931660000012862],[-118.23089899990157,33.931691000011817],[-118.23078199972569,33.932083000107362],[-118.23067299994577,33.932444999661598],[-118.23065100020445,33.932516999891845],[-118.23052099960978,33.932953999631437],[-118.23050800008933,33.93299600014322],[-118.23039400028651,33.933379999922316],[-118.23021199981331,33.93398700035214],[-118.23012999979754,33.934261999671527],[-118.23009700018557,33.934372000343146],[-118.23001199979677,33.934656999728325],[-118.22988499957518,33.935082999698295],[-118.22987799990244,33.935105999832004],[-118.22983600006968,33.935247000353755],[-118.22962299963434,33.935960999680837],[-118.2293580002188,33.93684700024599],[-118.22922699979921,33.937284000123512],[-118.2292129995555,33.937331000114895],[-118.22903799965333,33.937917000176114],[-118.22895999983554,33.938179999741919],[-118.2288739996218,33.938464999796622],[-118.22875300014628,33.938873999680474],[-118.22864600001617,33.939007000181476],[-118.22949700013596,33.943099999651849],[-118.22780800031516,33.943088999973462],[-118.22748799974971,33.943090000079778],[-118.22747600005417,33.943091000186087],[-118.22802099985221,33.945620999767733],[-118.22806500023313,33.945824000166965],[-118.22823699976225,33.946624999936432],[-118.22836700035691,33.947223000060646],[-118.22853300003827,33.94800099970815],[-118.22860199963525,33.948301000350426],[-118.22861900025198,33.948301999650361],[-118.22899499999562,33.948300000305338],[-118.23001400034489,33.948280000146156],[-118.23057900023441,33.948274999919349],[-118.23062199989214,33.948278000055474],[-118.23068600036456,33.948282000236794],[-118.23088700020601,33.948280000146156],[-118.23102799977298,33.948278000055474],[-118.23116699969017,33.948277000010108],[-118.23171800023431,33.948269999692201],[-118.23200399956626,33.948266000255515],[-118.23229099962144,33.948263000118914],[-118.23287899997548,33.948256999845519],[-118.23315599998494,33.948253999708605],[-118.23343200016947,33.948250000271166],[-118.23392699973877,33.948243999996798],[-118.23402600037127,33.948242999951027],[-118.23401200012759,33.950542999627906],[-118.23399799988388,33.952759999640776],[-118.23399500040914,33.953263999681894],[-118.2344769995597,33.953264999668647],[-118.235134000409,33.953264999668647],[-118.23627099986075,33.953266999642139],[-118.23647400025037,33.953266999642139],[-118.23652500030398,33.953265999655407],[-118.23740999986065,33.953267999628864],[-118.23794399978803,33.953269000360741],[-118.2385470002107,33.95327000034743],[-118.23897200035816,33.95327000034743],[-118.23950399973738,33.953271000334183],[-118.23963400033205,33.953271000334183],[-118.24056499991946,33.953272000320851],[-118.24074300019468,33.953272000320851],[-118.2408429997538,33.953272000320851],[-118.24089800000537,33.953273000307526],[-118.24175499997297,33.953274000294172],[-118.24190200028606,33.953274000294172],[-118.24241899959668,33.953274000294172],[-118.2424620001527,33.953275000280819],[-118.24264299990269,33.953275000280819],[-118.24301000032379,33.953275000280819],[-118.24316000011163,33.953267999628864],[-118.24321799983794,33.953264999668647],[-118.24325499964786,33.953262999695127],[-118.24328200031037,33.953261999708339],[-118.24333199964077,33.95325999973474],[-118.24342100022754,33.953255999787338],[-118.24410099974477,33.953258999747923],[-118.24421899974557,33.95325999973474],[-118.2442139997227,33.953783000175001],[-118.24421000042304,33.95426999980053],[-118.24431199963198,33.95426999980053],[-118.24682800018142,33.954259000075382],[-118.2470149997792,33.954259000075382],[-118.24744999997236,33.954257000125217],[-118.24748400030757,33.953384000245229],[-118.24748500013247,33.953357999876751],[-118.24759100043765,33.953358999862409],[-118.24845400025303,33.953362999804902],[-118.24883900021749,33.953357999876751],[-118.24899800022612,33.949304000170478],[-118.24899900005104,33.949288999669626],[-118.24900700044699,33.94907499968749],[-118.24903900023402,33.94826100002782],[-118.24910500035627,33.94748099966678],[-118.24910600018119,33.946952999687383],[-118.249107999831,33.946522999974327],[-118.24910899965593,33.946114000323199],[-118.24911000037916,33.945632999940663],[-118.2491139996788,33.945304000239219],[-118.24912600027267,33.94426499988878],[-118.24913799996824,33.943272999962595],[-118.24917599960307,33.943274000066751],[-118.24942199965034,33.943284000362503],[-118.24989299982856,33.943284999721278],[-118.25035599961083,33.943284999721278],[-118.2515359996186,33.943285999825299],[-118.25345399976824,33.943277999738058],[-118.25364000043939,33.943276999633952],[-118.25363399969328,33.943771999802635],[-118.25362799984552,33.944091000009053],[-118.25361399960181,33.944902999882444],[-118.25360199990625,33.945549000185309],[-118.25360199990625,33.945668999703933],[-118.25360000025641,33.946121000073219],[-118.25359799970828,33.946551999647198],[-118.25359699988338,33.946946000005788],[-118.25359500023355,33.947377999929358],[-118.2535850001878,33.94739400007763],[-118.25357000011917,33.947420000032693],[-118.25355199967754,33.949265000353044],[-118.25353400013417,33.951188000332564],[-118.25353300030928,33.951260000360911],[-118.25398500022088,33.951256000319553],[-118.25399500026663,33.951100000049578],[-118.25409999984861,33.951031999937939],[-118.25504300002991,33.952075999653928],[-118.25593000013471,33.953059999900681],[-118.25592900030979,33.953276000267444],[-118.25592599993674,33.953905999944141],[-118.25592400028695,33.954726999792207],[-118.25591900026406,33.955625999734444],[-118.25591300041629,33.956479999937315],[-118.25591400024119,33.956524999864726],[-118.25591300041629,33.956569999768341],[-118.25590900021831,33.957394999743819],[-118.25591000004323,33.957439999932411],[-118.25590900021831,33.957485000097137],[-118.25590400019544,33.958310000141459],[-118.25590599984527,33.95835499984608],[-118.25590400019544,33.958400000271986],[-118.25590300037052,33.958415999838181],[-118.25589999999747,33.959184000064141],[-118.25589999999747,33.959262000275587],[-118.25589800034766,33.959727000309911],[-118.25589800034766,33.960123999741214],[-118.25589900017258,33.960168999976496],[-118.25626099967251,33.960169999882105],[-118.25639299991698,33.960170999787714],[-118.25639299991698,33.961075999693499],[-118.25639299991698,33.961983000171237],[-118.25639299991698,33.962889999919113],[-118.25639299991698,33.963795999818792],[-118.25639299991698,33.96382100011504],[-118.25639399974187,33.964703000351541],[-118.25639399974187,33.964736999794077],[-118.25639399974187,33.965610000153127],[-118.25639399974187,33.965645999660659],[-118.25639399974187,33.966516999968199],[-118.25639399974187,33.966565000038031],[-118.25639399974187,33.967472999919138],[-118.25639399974187,33.968035000326886],[-118.25639399974187,33.968477000035072],[-118.25639499956679,33.968913999922108],[-118.25639499956679,33.969383999820955],[-118.25639499956679,33.969801999739211],[-118.25639499956679,33.970289999831891],[-118.25639499956679,33.970720999908352],[-118.25639499956679,33.971198000172329],[-118.25639499956679,33.971518000144556],[-118.25639499956679,33.972104999991949],[-118.25639499956679,33.972317999649114],[-118.25639499956679,33.973011999821949],[-118.25639499956679,33.973114999816794],[-118.25639499956679,33.973897999821034],[-118.25639600029004,33.974776999900591],[-118.25640100031291,33.975749999867922],[-118.25640700016069,33.976722999874376],[-118.25641200018356,33.97756100014437],[-118.25641700020643,33.978404000294773],[-118.25642200022932,33.979215000042757],[-118.25642700025217,33.980015000128823],[-118.25643099955182,33.980810999993899],[-118.25643499974977,33.98160800025272],[-118.25643599957468,33.98185900007956],[-118.25643700029791,33.982054000255495],[-118.25643800012283,33.982211999665104],[-118.25643899994775,33.982458000235603],[-118.25643899994775,33.983275999713925],[-118.25643899994775,33.983409000087093],[-118.25643800012283,33.984310000030142],[-118.25643800012283,33.98445999977617],[-118.25643800012283,33.985217000006948],[-118.25643700029791,33.985696999694795],[-118.25643700029791,33.9861370000067],[-118.25643700029791,33.987072000275127],[-118.25643700029791,33.987240999970069],[-118.25643599957468,33.98785999998028],[-118.25643599957468,33.988325000061927],[-118.25643599957468,33.98860700028483],[-118.25643599957468,33.988638999965744],[-118.25643599957468,33.989214000045962],[-118.25643599957468,33.989316999776364],[-118.25643599957468,33.989459000154582],[-118.25643599957468,33.989474000275067],[-118.25643599957468,33.989498000164481],[-118.25466700028625,33.989488999648117],[-118.25405499964276,33.989493000126011],[-118.25209399983544,33.989493000126011],[-118.24991899976783,33.989493999686822],[-118.24788000014267,33.989493999686822],[-118.24774799989819,33.989493000126011],[-118.24556100013504,33.989469000235225],[-118.24366999974956,33.989449000072739],[-118.24344100031904,33.989445999899054],[-118.24334500005956,33.989445000337675],[-118.24328300013529,33.989445000337675],[-118.24313900019523,33.989442999725199],[-118.2411590001213,33.989421999994946],[-118.24099500008978,33.989420000126756],[-118.23902099986364,33.989403000128171],[-118.23791799984876,33.989393000039755],[-118.23793999959005,33.989533999985795],[-118.2379970003898,33.98989800005387],[-118.23804800044343,33.990285000167674],[-118.23809000027623,33.990673000300376],[-118.23828299972175,33.992947999766109],[-118.23836999976038,33.993980000322125],[-118.23839599969965,33.994289999931816],[-118.23855700025645,33.99620899988755],[-118.23857099960183,33.996372999651605],[-118.23859099969332,33.996613999829421],[-118.23871000041733,33.998033999829417],[-118.23882500004507,33.999401000350971],[-118.23887299972563,33.999966999690699],[-118.23889000034237,34.000172000331759],[-118.23893399982499,34.000701000030993],[-118.23901300036603,34.001637000320272],[-118.23910700007735,34.002762000130659],[-118.23920499998665,34.003917999682223],[-118.23929299985021,34.004976999888541],[-118.23937900006392,34.006003999718978],[-118.23946299972951,34.007029999690374],[-118.23952899985176,34.007919999886965],[-118.2395320002248,34.007965000142867],[-118.23953399987462,34.008006000024224],[-118.2395380000726,34.008046999885835],[-118.23953999972238,34.008092000074384],[-118.23959300032418,34.008886999721852],[-118.23963599998187,34.009796999661724],[-118.23968700003547,34.010859999748654],[-118.23973100041643,34.012602000108558],[-118.23974499976183,34.013494000030938],[-118.23973100041643,34.013730999948827],[-118.2397020001041,34.014205000033684],[-118.2397079999519,34.014713000008037],[-118.2395330000497,34.014715000025355],[-118.23948399964591,34.014716000034007],[-118.23824199971386,34.014730000153982],[-118.23722800028577,34.014742000254913],[-118.23492799964639,34.014768999731267],[-118.23370800035396,34.014782999842438],[-118.23355000017021,34.014784999858151],[-118.23346700032955,34.014785999865929],[-118.23290099971679,34.014790999904946],[-118.23114599977377,34.01480900004276],[-118.23071800015158,34.01481400008042],[-118.23056400016581,34.014816000095394],[-118.2303299998141,34.014818000110274],[-118.23033200036224,34.014907999988218],[-118.23020000011773,34.014907999988218],[-118.22973800016038,34.014911000007352],[-118.22968799993167,34.014911000007352],[-118.22955599968718,34.014912000013645],[-118.22942500016593,34.014913000019988],[-118.22929299992146,34.014913000019988],[-118.22916200040021,34.014914000026323],[-118.22903000015572,34.014914000026323],[-118.22889799991124,34.014915000032637],[-118.22876700038999,34.014916000038951],[-118.22863500014552,34.014916000038951],[-118.22850299990102,34.014917000045237],[-118.22837200037978,34.014917000045237],[-118.2282400001353,34.01491800005153],[-118.22810899971573,34.014919000057738],[-118.22800300030883,34.014919000057738],[-118.22786100001861,34.014920000063988],[-118.22780199956908,34.014920000063988],[-118.22775800008645,34.014920000063988],[-118.22767299969763,34.014921000070238],[-118.22764900030651,34.015002999797218],[-118.22752299990982,34.01525199999918],[-118.2275010001685,34.015281000061918],[-118.2257069998674,34.015319000129161],[-118.22570199984453,34.015006999818176],[-118.22569599999677,34.01493700016848],[-118.22438799994249,34.014943000204525],[-118.22420600036762,34.014942000198531],[-118.22369199963339,34.014942000198531],[-118.22370500005218,34.015363000185751],[-118.22339500043078,34.015369000191747],[-118.22338000036218,34.015338000156426],[-118.22323200022417,34.014941000192593],[-118.22300600026837,34.014942000198531],[-118.22279700003098,34.014943000204525],[-118.22271199964219,34.014943000204525],[-118.2220870003765,34.014946000222416],[-118.21992599965429,34.014956000281238],[-118.21895900008188,34.01496100031018],[-118.21806399958113,34.014965000333163],[-118.21720400013886,34.014966000338823],[-118.21715499973504,34.014969000355897],[-118.2171580001081,34.015139999663759],[-118.21720699961357,34.0153200001307],[-118.21728199995665,34.015636000027307],[-118.21659300021855,34.015389000208508],[-118.21626099995756,34.015268000035029],[-118.21571899963425,34.015081000172302],[-118.21541700040876,34.014976999656263],[-118.21507699975184,34.014977999661838],[-118.21473600016829,34.014979999672946],[-118.21269800036804,34.01429499981684],[-118.21270099984277,34.014965000333163],[-118.21270099984277,34.014982999689472],[-118.2126389999185,34.014988999722334],[-118.21039600007886,34.014991999738541],[-118.20827999956248,34.015008999828602],[-118.20816599975964,34.015005999812942],[-118.20812200027704,34.014934000150319],[-118.20811700025418,34.014910000000988],[-118.20807100022343,34.014793999928152],[-118.20799300040561,34.014606999765959],[-118.20794099962876,34.014502000147338],[-118.20777900014538,34.014177000362963],[-118.20762799963433,34.013930000022391],[-118.20757800030393,34.013848000003662],[-118.20746299977789,34.01362700001286],[-118.20741799957204,34.013513999744774],[-118.20733300008156,34.013296999730763],[-118.20730799996717,34.013216999897942],[-118.20719900018723,34.013085000046189],[-118.20704100000349,34.01277699984221],[-118.20699499997272,34.012778999905166],[-118.20624799961004,34.012802999912282],[-118.20582800038378,34.012818999665043],[-118.20551700003914,34.012816000316619],[-118.20550199997054,34.012816000316619],[-118.20536200022845,34.012760000049845],[-118.2053389997639,34.012749999732364],[-118.20529199990825,34.01273199990257],[-118.20521400009044,34.012700999649006],[-118.20517300008257,34.012684999874011],[-118.20502599976948,34.012626000165703],[-118.20502800031761,34.01275399985952],[-118.2050290001425,34.012824999850778],[-118.20504400021113,34.013588999932914],[-118.2050579995565,34.014374000110465],[-118.20506000010464,34.014519000335525],[-118.20488699985228,34.014466999749231],[-118.20482999995087,34.014450000295263],[-118.20474499956208,34.014424999997019],[-118.2045200003295,34.014360999944628],[-118.20444400016152,34.014339999672622],[-118.20436100032082,34.0143180001267],[-118.2043010000464,34.014301999911794],[-118.20412299977114,34.014255000007687],[-118.20399300007479,34.014222000281336],[-118.20395799991471,34.014213000150647],[-118.20392100010476,34.014204000018999],[-118.20383700043918,34.014182999708147],[-118.20368299955508,34.014146999907744],[-118.20359300004171,34.01412600032743],[-118.20355200003384,34.014099999917875],[-118.20347400021605,34.014085999694068],[-118.20322399997079,34.01404099970361],[-118.20316899971918,34.014031000281641],[-118.20296200002996,34.0139929996379],[-118.2028220002879,34.013964999897304],[-118.2027340004243,34.013951999668855],[-118.20265599970823,34.013938000165268],[-118.20251000011834,34.013910999680007],[-118.2024659997374,34.013903000279214],[-118.20241899988176,34.013895000133033],[-118.20232900036838,34.013877999819954],[-118.20227599976658,34.0138689996528],[-118.20221300001742,34.01385700017304],[-118.20213900039758,34.013843999928099],[-118.20206999990226,34.013830999681112],[-118.20194100003086,34.013807999983946],[-118.20187400008369,34.013794999731509],[-118.20177699999931,34.013788000339368],[-118.20167099969413,34.013773000044303],[-118.20160600029509,34.01374700027133],[-118.20153799962472,34.013754999686824],[-118.20145899998201,34.013745000231161],[-118.20133099993549,34.013729999928557],[-118.2011920000183,34.013713000327023],[-118.20108099969023,34.01370000005997],[-118.20093900029833,34.013683999728656],[-118.20070400012169,34.013660999991615],[-118.2006560004411,34.013655999886126],[-118.2005519997857,34.013646999695418],[-118.20046100044743,34.013639000269755],[-118.19767200008651,34.013400000046744],[-118.19569500038564,34.013229000212725],[-118.19463699967829,34.013136999989683],[-118.19228099986076,34.012933000143164],[-118.19219899984496,34.012930000054148],[-118.19212500022513,34.012920999786552],[-118.19141600039553,34.012859000150698],[-118.19141800004537,34.013116000159549],[-118.19142399989316,34.013749000311385],[-118.19143599958872,34.015084000185254],[-118.19221899993646,34.015080000167941],[-118.1922280001573,34.016017999821109],[-118.19223099963202,34.016545999860021],[-118.19225200044676,34.018866999972396],[-118.19225900011944,34.019778000113149],[-118.19226199959418,34.020116000078147],[-118.19226300031738,34.020211999959379],[-118.1922640001423,34.020311000304893],[-118.19226699961705,34.020644999881434],[-118.19226900016517,34.020882999874573],[-118.19227800038601,34.021893999883446],[-118.19228199968565,34.02239800033427],[-118.19228199968565,34.022432999696036],[-118.19228699970851,34.022902999937955],[-118.19229599992933,34.023963999921691],[-118.19229900030241,34.024257999706187],[-118.19230799962492,34.025298000079346],[-118.19231000017305,34.025538000188156],[-118.19231299964778,34.025957999862108],[-118.19231600002084,34.026292000295854],[-118.19231600002084,34.026310000228399],[-118.19231699984573,34.026358000029852],[-118.19232500024168,34.02728299971065],[-118.19232500024168,34.027297999851754],[-118.19233100008947,34.027955000155984],[-118.19233399956418,34.028275999906398],[-118.19233399956418,34.028339000041889],[-118.19233500028739,34.028471999843426],[-118.19233899958705,34.028922000340849],[-118.19234199996012,34.029266999974553],[-118.19234199996012,34.029280999927941],[-118.19234799980789,34.02994500006178],[-118.19234799980789,34.02999300004047],[-118.19235100018095,34.030260000031319],[-118.19235600020382,34.030886000167378],[-118.19235799985363,34.03114600013177],[-118.19235899967855,34.031161000334457],[-118.19236000040176,34.031362000114747],[-118.19236600024955,34.031970000092244],[-118.19236799989936,34.032232000061583],[-118.19236799989936,34.032247999874393],[-118.19237700012019,34.033233000219603],[-118.19224099967775,34.033251999958885],[-118.1912859998009,34.033273999808443],[-118.19126900008244,34.03361300015267],[-118.19129099982376,34.034416999980053],[-118.19139799995391,34.034417999756585],[-118.19184300019283,34.034416000203557],[-118.19183800016997,34.034003999701973],[-118.19238399979292,34.034002000139139],[-118.1923910003639,34.034864000154961],[-118.19240100040966,34.035977000309089],[-118.19242499980076,34.037379000266377],[-118.19243700039466,34.038074999960386],[-118.19244599971719,34.038577000132712],[-118.19244800026532,34.038714999635758],[-118.19246599980866,34.039687000067445],[-118.19247199965645,34.040010999969205],[-118.19247900022745,34.040466000317217],[-118.19249099992301,34.041179999744877],[-118.19251100001451,34.042432000233305],[-118.19251199983943,34.042493000170815],[-118.19251600003737,34.042709999970938],[-118.19251900041043,34.04292799963649],[-118.19252199988514,34.043158000035042],[-118.19252600008312,34.043387000139028],[-118.19253399958072,34.043574999823974],[-118.19255600022035,34.044110000222098],[-118.19247099983153,34.044112000290959],[-118.19248000005234,34.045070000328437],[-118.19248900027321,34.046081000202875],[-118.19249900031893,34.047243999689321],[-118.19250699981656,34.048140999773992],[-118.19251000018959,34.048509000117242],[-118.19251500021245,34.049092999842863],[-118.19252299971006,34.050042000121607],[-118.19252799973293,34.050576999910348],[-118.19254100015172,34.052083000233722],[-118.19254199997664,34.052358000152076],[-118.19254199997664,34.052452000149678],[-118.19255700004527,34.053906999970785],[-118.19256399971793,34.05476199964145],[-118.19256899974083,34.055305999653129],[-118.19257100028896,34.055562000333154],[-118.19257299993878,34.055799999870665],[-118.1925739997637,34.055881000014288],[-118.19257700013675,34.056162000362683],[-118.19257999961148,34.05639699966332],[-118.19258100033473,34.056505000317372],[-118.19258700018248,34.057264999815786],[-118.19258899983231,34.057574999789303],[-118.19258999965723,34.057715000125896],[-118.19260700027397,34.059630000280642],[-118.19261099957362,34.060034000311049],[-118.19261700031973,34.06076500003239],[-118.19261700031973,34.060822000082702],[-118.19262499981731,34.061761999743219],[-118.19253799977869,34.061761999743219],[-118.19166999994044,34.06176100028906],[-118.18922200006138,34.061760000090665],[-118.18503000010996,34.061757000239695],[-118.18487199992622,34.061716999735808],[-118.18446699987024,34.061712000229676],[-118.18440099974799,34.061716000281109],[-118.18378499980487,34.061750000338918],[-118.183739999599,34.061756000041314],[-118.18130299959061,34.061753999644402],[-118.18130199976569,34.062248999683817],[-118.18105099969551,34.062248000235392],[-118.17982200018227,34.062244000209077],[-118.17906399994889,34.062236000155757],[-118.1790780001926,34.062296999984916],[-118.17820500033152,34.062298000176902],[-118.1777319996052,34.062299000368945],[-118.1770920002709,34.062295999792852],[-118.17688999970621,34.062280999887584],[-118.17663299978827,34.062274000030094],[-118.17615999996026,34.062276999862775],[-118.17605299983012,34.062295999792852],[-118.17422900029015,34.062294000152946],[-118.17368600014193,34.062292999960846],[-118.17306400035099,34.062291999768746],[-118.17316200026028,34.062234999962982],[-118.17339400006388,34.062098999684046],[-118.17331799989587,34.061984999774566],[-118.17323000003233,34.06202600034716],[-118.17302300034311,34.062121000236438],[-118.17283099982416,34.061832000203353],[-118.17138700022576,34.062290000128748],[-118.17105900016271,34.062290000128748],[-118.17095500040563,34.062290000128748],[-118.17071500020613,34.062288999936598],[-118.17056899971793,34.062288999936598],[-118.16942600041843,34.062290000128748],[-118.16925900001384,34.062290000128748],[-118.1688420002623,34.062291000320876],[-118.16629300010091,34.062292999960846],[-118.16622699997868,34.062292999960846],[-118.16595099979415,34.062292999960846],[-118.16545100020195,34.062294000152946],[-118.16529300001818,34.062298000176902],[-118.16527700012468,34.062435000326971],[-118.16527499957655,34.062451999841244],[-118.16527200010181,34.062481000142952],[-118.16526799990383,34.062504000041592],[-118.16526200005605,34.062542999984863],[-118.16524699998747,34.062604000337245],[-118.16517199964439,34.06308100030963],[-118.16513400000954,34.063331000241583],[-118.16509300000166,34.063589000106504],[-118.16506500041255,34.063769999912097],[-118.16502400040469,34.063982000208313],[-118.16498599987153,34.064156999642577],[-118.16493800019097,34.064359000270919],[-118.16488999961204,34.064541000085789],[-118.1648360000837,34.064732999654822],[-118.16477800035739,34.06492299995508],[-118.16469399979349,34.065209000136484],[-118.16458300036373,34.06548799976057],[-118.16452200026436,34.065640000020075],[-118.16415599966815,34.066416000267949],[-118.16411700020841,34.066531000311862],[-118.16266400038914,34.069309999778888],[-118.16264299957443,34.069349999675055],[-118.16248899958866,34.069660000090423],[-118.16246699984734,34.069688000052892],[-118.1626600001912,34.069695000042032],[-118.1626600001912,34.06985899994168],[-118.16263900027481,34.069872999891217],[-118.16259900009186,34.069894999913451],[-118.1625189997259,34.069942000246336],[-118.16234299999881,34.070089000200824],[-118.16223699969359,34.070228999955773],[-118.16217800014235,34.070312999995387],[-118.16207100001223,34.070476000091489],[-118.16201599976065,34.070565999708833],[-118.16195700020941,34.070665000070491],[-118.16191500037662,34.07074000033505],[-118.16186099994995,34.070840999931626],[-118.16181099972124,34.070936000355815],[-118.16176700023861,34.071029999840469],[-118.16173999957613,34.071128999659855],[-118.16169199989555,34.071257999724445],[-118.1616750001771,34.071340000061419],[-118.1616679996061,34.071404000287444],[-118.16166500013136,34.07149000007314],[-118.16167000015423,34.071574999689062],[-118.1616750001771,34.071618000250176],[-118.16169500026861,34.071722999867283],[-118.16171700000992,34.071793000283876],[-118.16173399972834,34.071871999866012],[-118.16174600032221,34.072066000090793],[-118.1617300004287,34.072200999923716],[-118.16169400044369,34.072334000138532],[-118.16161900010063,34.072525999906823],[-118.16158099956746,34.07267199977268],[-118.1615620001992,34.072821000334528],[-118.1615620001992,34.072970999956247],[-118.16161200042791,34.073483000226133],[-118.16162599977331,34.073501999875788],[-118.16169400044369,34.074130000112937],[-118.16176100039084,34.074634999749918],[-118.16161200042791,34.074719999930593],[-118.16143199960453,34.074808000159059],[-118.16126900029623,34.074875000127989],[-118.16079800011806,34.075027999958309],[-118.16072000030024,34.075042999839255],[-118.16049599999425,34.075130999732153],[-118.1604929996212,34.075315000295191],[-118.16049199979631,34.075422999905705],[-118.16051400043591,34.077718000369998],[-118.16051799973557,34.078239000255891],[-118.1605200002837,34.078478000093789],[-118.16054000037521,34.080814000031104],[-118.16052799978134,34.080889000238045],[-118.16051899956049,34.080944000198819],[-118.16049599999425,34.081081999929623],[-118.16048299957546,34.081164999654021],[-118.16050299966696,34.083685000110286],[-118.16052399958333,34.086348000341168],[-118.16054399967483,34.088890000102083],[-118.16055500044381,34.090249999672139],[-118.160582000208,34.090337000269209],[-118.16060399994929,34.090407000180186],[-118.16060700032234,34.090781999727334],[-118.16060999979707,34.091174000291247],[-118.16061099962199,34.09124000010894],[-118.16062800023873,34.091948999628158],[-118.16062900006365,34.092017000011793],[-118.16064400013229,34.092669000304774],[-118.16065599982784,34.093268000331705],[-118.16065900020087,34.093389000064754],[-118.16066000002579,34.093440999872307],[-118.15970799962366,34.094147000106616],[-118.15964999989735,34.094190000365799],[-118.15952600004879,34.09427699988921],[-118.15935600016945,34.094384000052614],[-118.15906599974126,34.094589000189458],[-118.15851099989747,34.094965000358421],[-118.15803499969641,34.095241000012926],[-118.15792500009154,34.095335000045608],[-118.15683799997022,34.096094000307076],[-118.15670700044895,34.096167000041035],[-118.15664899982431,34.096196999750447],[-118.15635000007359,34.096377999804723],[-118.15619100006491,34.09650799988021],[-118.15615300043009,34.096542999895028],[-118.15588499974315,34.096823000236441],[-118.15565200011466,34.097155999933349],[-118.15548100041043,34.097480000331039],[-118.15546299996878,34.097514999943883],[-118.15535599983865,34.097861999679637],[-118.15532099967857,34.098138000301482],[-118.15529200026455,34.098575999828775],[-118.15528899989148,34.098626999662052],[-118.1552899997164,34.098672000145825],[-118.1553580003868,34.098669999876876],[-118.15670400007592,34.098669999876876],[-118.15677799969575,34.098669999876876],[-118.15795100003081,34.098669999876876],[-118.15856299977601,34.098669999876876],[-118.15912900038876,34.098669999876876],[-118.1602659998405,34.098669000114306],[-118.16049900036734,34.098669000114306],[-118.16137300005332,34.098669000114306],[-118.16218200034032,34.098669999876876],[-118.16270399967381,34.098669999876876],[-118.16436099970754,34.098669999876876],[-118.16606100029732,34.098669999876876],[-118.16639000018526,34.098669000114306],[-118.16777199985941,34.098665000320111],[-118.16795299960937,34.098660999781828],[-118.16841499956672,34.098662000288336],[-118.16927900010532,34.098665000320111],[-118.16944999980954,34.098663000050983],[-118.17049500009809,34.098654999717908],[-118.17260999989124,34.098638999793408],[-118.17338599966796,34.098631999964951],[-118.17404199979406,34.098628000169015],[-118.17538500000848,34.098616999799312],[-118.17620099996813,34.098609999969042],[-118.17659199978037,34.098606999935321],[-118.17671900000201,34.098606000172012],[-118.17738799964859,34.098600000104234],[-118.1776820002748,34.098597999833594],[-118.17793400016984,34.098596000306777],[-118.17799400044431,34.098594999799438],[-118.17799600009414,34.098728000218479],[-118.17799500026922,34.099008999784431],[-118.17799500026922,34.099085999754131],[-118.17799500026922,34.099352000327592],[-118.17799500026922,34.099725999921084],[-118.17799400044431,34.100361000254516],[-118.17799400044431,34.100971000211011],[-118.17799400044431,34.1012709998814],[-118.17799600009414,34.101921000105669],[-118.17799400044431,34.101991999829984],[-118.17799400044431,34.102958000018361],[-118.17799400044431,34.103255999922041],[-118.17799500026922,34.103552000110355],[-118.17799500026922,34.104044000012074],[-118.17799400044431,34.104380000133283],[-118.17799400044431,34.104599000018666],[-118.17799400044431,34.105018999996041],[-118.17799400044431,34.105111999895051],[-118.17799400044431,34.105483999956533],[-118.17799400044431,34.105846000117658],[-118.17799500026922,34.106142000170955],[-118.17799500026922,34.106763999828495],[-118.17799500026922,34.107080000349413],[-118.17799500026922,34.10769999974945],[-118.17799500026922,34.107770000176075],[-118.17799500026922,34.108897999977366],[-118.17799500026922,34.109075000339551],[-118.17799500026922,34.109386999635092],[-118.17799500026922,34.109524000223217],[-118.17799500026922,34.109666999872999],[-118.17799500026922,34.110050000360481],[-118.17799500026922,34.110244000134166],[-118.17799299972108,34.110323000286428],[-118.17723700003587,34.110458000112203],[-118.17741399958786,34.110827999742384],[-118.17733300029532,34.110846999937003],[-118.17712599970778,34.110897000193951],[-118.17702100012578,34.110928000249125],[-118.17701799975275,34.110994000280819],[-118.17697000007216,34.111384000228163],[-118.17692099966834,34.111773000257223],[-118.17688600040658,34.112056999940151],[-118.17699299963837,34.11219799982139],[-118.17691200034582,34.112223999900387],[-118.17631300012111,34.112410999718442],[-118.17618699972442,34.112451000079268],[-118.17606000040115,34.112490999677419],[-118.17594999989795,34.112525999775123],[-118.17587600027811,34.112549000213946],[-118.1757049996756,34.112603000087844],[-118.17563100005574,34.112627000103345],[-118.1755010003594,34.11302099981863],[-118.17546899967405,34.113117999701046],[-118.1738250000591,34.113137999716692],[-118.17370100021053,34.1131979997351],[-118.17326000016958,34.113416999850209],[-118.17304699973424,34.113521999694157],[-118.17264800042437,34.113720999841078],[-118.17248400039284,34.113801999632273],[-118.17231000031556,34.114027999713869],[-118.17208000016181,34.114327999942361],[-118.17185599985582,34.114617999647606],[-118.17164599979354,34.114890999705345],[-118.17146800041661,34.115121999924078],[-118.17132600012638,34.115307000153017],[-118.17093699996396,34.115707999931331],[-118.17053100008309,34.116125999935413],[-118.17018100027875,34.116486999628563],[-118.17011799963124,34.116552000233625],[-118.16990900029218,34.116772000137559],[-118.16973100001692,34.116954999895405],[-118.16927200043263,34.117425999913884],[-118.16919200006667,34.117506999875303],[-118.16916000027962,34.117540999845197],[-118.16901299996653,34.11769200009315],[-118.16886599965345,34.117843000071503],[-118.16885099958483,34.118216000202061],[-118.16883300004149,34.118667999969858],[-118.16894699984429,34.119131999752398],[-118.16899899972285,34.119340999731591],[-118.16888999994289,34.119924000231315],[-118.16828900006834,34.120182999713641],[-118.1679400000889,34.120333000199587],[-118.1678420001796,34.12049499968191],[-118.16777699988228,34.120602000156801],[-118.16774599992013,34.120651999852676],[-118.16771599978291,34.120702999764887],[-118.16752099978923,34.121025000235775],[-118.16748700035237,34.121080000145099],[-118.16747200028377,34.121105000227253],[-118.16751699959129,34.121266999717953],[-118.16757000019304,34.121456000094845],[-118.1676659995542,34.121796999895047],[-118.16795199978445,34.122817000049565],[-118.1680389998231,34.12311199999121],[-118.16805600043986,34.12383600033278],[-118.16805700026475,34.123867000107303],[-118.16805300006681,34.123922999863112],[-118.16814099993036,34.123921000191181],[-118.16845399992481,34.123914000223586],[-118.16826200030418,34.12430199967887],[-118.16779199995092,34.124766999976906],[-118.1676360003153,34.124923000199693],[-118.16759199993434,34.124966999886333],[-118.16701600017417,34.125152000143473],[-118.1667009996316,34.125253000265815],[-118.16660799974517,34.125281999881054],[-118.16615699965845,34.125425999849007],[-118.16602899961194,34.125467999638524],[-118.16593200042588,34.125499999747433],[-118.1657859999377,34.125554000275557],[-118.16580900040225,34.125621000235689],[-118.16584000036438,34.125701000340506],[-118.16592800022794,34.125932000032314],[-118.16593499990063,34.125950999808268],[-118.16593999992349,34.125961000158313],[-118.16594599977128,34.125971999947048],[-118.16595199961907,34.125982999734369],[-118.16596300038802,34.125999999876086],[-118.16597799955831,34.126019999819754],[-118.16599099997713,34.126035000332053],[-118.16600400039592,34.126048999915504],[-118.16601400044165,34.126059000253953],[-118.16603399963482,34.126076999819034],[-118.16604500040378,34.126084999789775],[-118.16606700014508,34.126100999729005],[-118.16608499968845,34.126112000243168],[-118.16610300013011,34.126121999830531],[-118.16611499982567,34.126128000177232],[-118.16614800033595,34.126141999745286],[-118.16616800042746,34.126149999709888],[-118.16619500019162,34.12615799967373],[-118.16621600010801,34.126164000017873],[-118.16623000035172,34.126166999818025],[-118.16625200009304,34.126170000361654],[-118.16628100040533,34.126174000342722],[-118.16636599989585,34.126174999780261],[-118.16645899978226,34.126158999855043],[-118.16691200041711,34.125981000111153],[-118.16714400022069,34.125889999729665],[-118.16718400040369,34.125881000299529],[-118.16722100021359,34.125885000294268],[-118.16737100000141,34.125951999992033],[-118.16750099969776,34.12599599988679],[-118.16760700000296,34.126018999636749],[-118.16765100038388,34.126028999978743],[-118.16776799966144,34.12605800007141],[-118.16789599970798,34.126107000077262],[-118.16799799981523,34.126158999855043],[-118.1681669998696,34.126238000013977],[-118.16831400018269,34.126292000070777],[-118.16840399969607,34.126317000099107],[-118.16846599962037,34.126342000120097],[-118.16887300022444,34.12641999992983],[-118.16897699998152,34.126446000098284],[-118.16910000000517,34.126492000090742],[-118.16919999956428,34.126543999631714],[-118.16939499955795,34.126673000028148],[-118.16951900030483,34.126748999927457],[-118.16965200037421,34.126812999907067],[-118.16976799982685,34.126857000097296],[-118.16988800037578,34.12689300037114],[-118.17006199955473,34.126927999713821],[-118.17021399989069,34.126944000237096],[-118.1703279996935,34.126944999665525],[-118.17043399999872,34.126931000230442],[-118.17053600010595,34.126902999866125],[-118.1706309996422,34.126862999648253],[-118.17071799968086,34.126810000129829],[-118.17102099962955,34.126560000227713],[-118.1711160000641,34.126481999803516],[-118.17119700025498,34.126422000286297],[-118.17130299966186,34.126359000189638],[-118.17141700036299,34.126307999970777],[-118.17153799983851,34.126268000215028],[-118.17213000039052,34.126142999926849],[-118.17220400001034,34.126123000012271],[-118.17229900044492,34.126081999986766],[-118.17237499971459,34.126031999783635],[-118.17244000001192,34.125971999947048],[-118.17249100006555,34.125902999896397],[-118.17252799987547,34.125828000165491],[-118.17253899974612,34.125786999996876],[-118.17280400006,34.124771000024353],[-118.17385900039427,34.124342999823917],[-118.17598400023317,34.123480000356132],[-118.17683100015499,34.123135999999192],[-118.17695500000356,34.123141000340816],[-118.17675699963684,34.124799999804914],[-118.17669899991051,34.125223999897024],[-118.17665100022992,34.12564500027505],[-118.17654099972677,34.126624000350397],[-118.17769399997034,34.126811000303498],[-118.17778699985675,34.126825999931846],[-118.1776770002519,34.126645000322014],[-118.17771700043488,34.126649000280608],[-118.17778000018407,34.126653999670829],[-118.17783299988751,34.126657999629003],[-118.17851099975493,34.126713999767027],[-118.17858299972497,34.126720000071778],[-118.17915199981246,34.126615999687026],[-118.18019299990303,34.126425000077241],[-118.18089599988483,34.12833099992973],[-118.18107800035801,34.128286000350492],[-118.18143800020815,34.128195999632965],[-118.18141399991868,34.1285200001318],[-118.18134000029883,34.129498000233809],[-118.18257999968273,34.129186000025207],[-118.18280099961569,34.129666000097927],[-118.18283999997372,34.12974999990481],[-118.18282800027816,34.130535999789018],[-118.18281700040751,34.13121099976523],[-118.18364500006275,34.131847000323035],[-118.18368799972048,34.131880999731713],[-118.18406799966208,34.13217200032252],[-118.1844209998395,34.132443000004997],[-118.18547899964852,34.133256999884935],[-118.18609700013981,34.133732000175527],[-118.18604000023841,34.13383299971315],[-118.18553100042537,34.134725999995801],[-118.18535999982282,34.135429999822065],[-118.18520599983705,34.136067999989905],[-118.18554800014381,34.136125999969103],[-118.18574399996238,34.136158999824112],[-118.18583400037407,34.13617500008715],[-118.18588700007753,34.136182999845794],[-118.18588299987955,34.136407000214973],[-118.18588700007753,34.136471000317634],[-118.18588700007753,34.136531000137495],[-118.18588700007753,34.13675500032781],[-118.18588799990245,34.136806000191896],[-118.18588399970447,34.136868999937761],[-118.18588399970447,34.136956000182366],[-118.1858850004277,34.137279999818219],[-118.1858850004277,34.137306000363949],[-118.18578699962008,34.137316000114126],[-118.18554899996872,34.137333000207278],[-118.18552399985437,34.137335000305491],[-118.18552399985437,34.137369999785776],[-118.18552399985437,34.137707999948013],[-118.18552499967926,34.137928999866517],[-118.18552499967926,34.138136000140712],[-118.18552499967926,34.138162999718801],[-118.18552499967926,34.138486999931665],[-118.1855260004025,34.138557000154108],[-118.18546799977786,34.138602000213353],[-118.18541000005155,34.138790999754413],[-118.18539499998293,34.138840999845591],[-118.18546799977786,34.138843999939319],[-118.18567199999235,34.138854000251044],[-118.18567799984014,34.138875000158308],[-118.18559099980151,34.138957999705312],[-118.18524799966984,34.139286999974075],[-118.18500900019355,34.139386000258504],[-118.18484699981184,34.139453999688207],[-118.18478400006263,34.139479000284815],[-118.18476499979607,34.139485999707077],[-118.18468000030558,34.139520999783471],[-118.18456499977954,34.139514999643957],[-118.18433700017391,34.139507000200744],[-118.18431799990734,34.139506000177377],[-118.18427199987657,34.13950400013055],[-118.18419300023385,34.139497999989786],[-118.1840199999815,34.13948799975428],[-118.18394800001147,34.139484999683404],[-118.18381300029228,34.139511000294213],[-118.18362199959826,34.139546999639677],[-118.18343900019843,34.139581999690868],[-118.18323599980886,34.139620999815818],[-118.18320300019688,34.139654999814688],[-118.18311899963298,34.139738000082545],[-118.18296100034758,34.139894000186224],[-118.18286099989012,34.139997999847488],[-118.18251600010865,34.140339999961455],[-118.18227199971116,34.140477000216613],[-118.18187699970095,34.140699000337605],[-118.18126499995577,34.140822999910178],[-118.18120700022945,34.140822999910178],[-118.18086900012064,34.140829999964559],[-118.18081300004413,34.140830999972266],[-118.18075799979255,34.140829999964559],[-118.18071099993691,34.140805999775679],[-118.18069699969317,34.140822999910178],[-118.18065800023344,34.140872000278691],[-118.18048800035416,34.140875000300362],[-118.18043200027763,34.141008999671328],[-118.18050099987461,34.141072000001252],[-118.18064599963957,34.141201999790077],[-118.18075699996766,34.141300000059175],[-118.18078799992979,34.141408000224068],[-118.18083899998342,34.141588000192115],[-118.18085400005202,34.14164200010773],[-118.1809079995804,34.141834000271778],[-118.1811620000236,34.142200000189121],[-118.18120600040453,34.142264000365245],[-118.18123800019158,34.142310999917768],[-118.1812759998264,34.142343000341597],[-118.18220200028928,34.143157000030996],[-118.18219700026638,34.143264000073735],[-118.18218499967254,34.143352999637756],[-118.18217999964965,34.143397000139437],[-118.18231299971906,34.143469999941182],[-118.18230100002347,34.143734000011492],[-118.18242999989494,34.14382899965748],[-118.18349299972679,34.144613000272706],[-118.18370799981197,34.144772000180531],[-118.18426400037899,34.145182000324994],[-118.18456099958159,34.145401000118184],[-118.18446400039551,34.14564600029702],[-118.18438400002957,34.145846999819021],[-118.18421300032536,34.146280000134738],[-118.18401400013373,34.147595999919254],[-118.18386900036877,34.148557000007891],[-118.18386199979774,34.148576999817799],[-118.18385199975201,34.148645000028125],[-118.18380599972127,34.148951000297295],[-118.18379099965263,34.149052000230256],[-118.18378700035301,34.149079999947404],[-118.18387799969128,34.149080999857503],[-118.18896400031853,34.149073999743301],[-118.19040899974183,34.14904899975555],[-118.19441400009555,34.149044000203169],[-118.1969449998153,34.149046999934683],[-118.19819500014324,34.149045000113709],[-118.19819099994527,34.151626000271669],[-118.19891999986635,34.151153999865805],[-118.19971300025979,34.151044999635047],[-118.19995099991118,34.151022999891943],[-118.20013699968401,34.150986000344908],[-118.20046999976995,34.150940000302782],[-118.20051400015087,34.150942999966894],[-118.20056100000654,34.150928000158345],[-118.20150699966258,34.150797999723736],[-118.20270099991404,34.150632999913228],[-118.20357299995024,34.149691999942689],[-118.20377399979168,34.149566000196856],[-118.2039289996024,34.149467999851531],[-118.20422900007637,34.149278999661036],[-118.20543199965034,34.147430999801529],[-118.20548899955175,34.147427000083027],[-118.2060069995856,34.147388999774151],[-118.20772300006888,34.147246999916426],[-118.2087740002052,34.146507000323545],[-118.20944000037706,34.146419000306381],[-118.21002100016013,34.146343000251548],[-118.21020299973499,34.146319000141816],[-118.21041299979728,34.146291000252958],[-118.21069200035485,34.146255000063547],[-118.21097199983903,34.146219999802767],[-118.21161399972145,34.147176000269788],[-118.21183499965437,34.147189000136244],[-118.21200899973167,34.147199000203742],[-118.21319600031042,34.147267999968008],[-118.21620400005614,34.147224999927573],[-118.2167930002351,34.147525999750947],[-118.2191790001899,34.147513999865012],[-118.21934599969617,34.148008000329078],[-118.21943600010783,34.148275000102572],[-118.21976199962276,34.14834999998741],[-118.22198699991908,34.148859000201696],[-118.22245499972422,34.149253999733958],[-118.22453299970745,34.149345000235812],[-118.22458399976105,34.14934700004968],[-118.22463800018775,34.149347999956568],[-118.22469199971611,34.149350999677281],[-118.22479299999844,34.149355000048068],[-118.22496700007572,34.149363000045703],[-118.22499999968767,34.14937399976241],[-118.22528799956777,34.149471000311372],[-118.22533899962137,34.149485999635218],[-118.22538800002519,34.149505000063527],[-118.22556200010247,34.149563999644734],[-118.2258530003556,34.149661999878667],[-118.22615799995413,34.14976500025233],[-118.22623099974908,34.149789000126461],[-118.22693899975373,34.148610000014138],[-118.22696700024113,34.148435999644448],[-118.22699700037836,34.14816400003194],[-118.22700900007392,34.147891000362854],[-118.22700400005102,34.147627999828153],[-118.22745199976471,34.147755000160309],[-118.22750500036648,34.147668999809959],[-118.22753299995556,34.14762100033704],[-118.22755300004704,34.147584999970967],[-118.2275780001614,34.147543999948454],[-118.22758599965901,34.147530000208221],[-118.22764099991059,34.14744099984037],[-118.22764900030651,34.147423000364327],[-118.22766100000207,34.14740700000084],[-118.2276760000707,34.147381000333027],[-118.22768500029152,34.147366999822331],[-118.22769199996421,34.147354999913745],[-118.22771399970553,34.147319000177824],[-118.22775600043663,34.147247999848247],[-118.22778800022368,34.147197000339013],[-118.22786400039166,34.147076000257847],[-118.22795800010299,34.146933999874001],[-118.22800300030883,34.14685099998411],[-118.2280839996014,34.146720999965851],[-118.2283170001282,34.146794999806325],[-118.2284510000225,34.146838000065642],[-118.22852299999253,34.146861000091619],[-118.22860199963525,34.146885999983454],[-118.22868299982609,34.146734999840149],[-118.22857599969598,34.146665999640533],[-118.22848799983242,34.14660900014421],[-118.22844599999962,34.146582000291119],[-118.22823699976225,34.146447000152818],[-118.22829200001385,34.146355000303899],[-118.22857700041919,34.145881000286423],[-118.22877400006269,34.146031999725814],[-118.2287690000398,34.145897000195468],[-118.22876700038999,34.144488000350123],[-118.22876499984186,34.14356199995791],[-118.22876400001694,34.142836999817149],[-118.22877599971252,34.142768000151243],[-118.22879099978113,34.142698999685514],[-118.22878699958315,34.140252000212172],[-118.22878499993334,34.139366999784826],[-118.22878400010842,34.139073000089482],[-118.22884100000984,34.139073000089482],[-118.2291559996541,34.139073000089482],[-118.2291559996541,34.139055000317725],[-118.22914899998142,34.138079000094223],[-118.22894700031503,34.138080000134529],[-118.22862900029772,34.138081000174772],[-118.22787699991214,34.138084000295493],[-118.22788100011009,34.137909999808763],[-118.22788699995787,34.137474000322825],[-118.22791000042243,34.136034000034854],[-118.2279160002702,34.135601000001543],[-118.22798400004226,34.135601000001543],[-118.22923600002005,34.135601000001543],[-118.22929000044671,34.135599999931898],[-118.22934399997509,34.135601000001543],[-118.22956699955785,34.135601000001543],[-118.23002199984251,34.135601000001543],[-118.23102799977298,34.135601000001543],[-118.2318379998849,34.135601000001543],[-118.23234199967504,34.135601000001543],[-118.23262899973022,34.135599999931898],[-118.2335979998508,34.135599999931898],[-118.23360100022387,34.135045000364826],[-118.23360500042179,34.134510000292977],[-118.23371400020174,34.134510000292977],[-118.23551600000043,34.134501999632398],[-118.23568699970468,34.134495999880102],[-118.23586400015499,34.134500000210714],[-118.23627300040891,34.134498000045397],[-118.23632299973931,34.134280999674665],[-118.23634200000589,34.134199000081637],[-118.23638700021171,34.13400199997259],[-118.23648400029612,34.133576999943635],[-118.23649500016677,34.133533000276969],[-118.23655000041835,34.133291000213589],[-118.23660800014467,34.132714999665914],[-118.23642300019674,34.131483999791151],[-118.23610199980637,34.129374999802856],[-118.23601899996571,34.128830000268231],[-118.2357169998419,34.128310999789214],[-118.23553899956667,34.128004999874797],[-118.23531199978595,34.127602000078859],[-118.23523800016609,34.126720000071778],[-118.23548000001543,34.126687000249532],[-118.23605699960052,34.126607000334154],[-118.23693899968247,34.12648599976982],[-118.23798099959795,34.126343000299293],[-118.23878499986206,34.126232999855517],[-118.23988700005204,34.126080999804493],[-118.24039000001729,34.126011999842852],[-118.24090100037846,34.125941999640972],[-118.24106100021203,34.125920000054201],[-118.24221000025763,34.125761999811822],[-118.24313400017236,34.125634999887687],[-118.24382299991044,34.125539999866547],[-118.24397799972112,34.1255190003641],[-118.24461899977865,34.125431000055201],[-118.24677399975475,34.125134999831289],[-118.24764400014111,34.125015000329562],[-118.24803300030355,34.124961999652633],[-118.25113899995854,34.124534999876026],[-118.25208899981254,34.124404000275035],[-118.2526570000751,34.124326000092665],[-118.25286399976436,34.124298000352837],[-118.25295199962791,34.124331000363924],[-118.25305200008532,34.124367999684971],[-118.25311700038266,34.124393000282289],[-118.2531759999339,34.124415000266353],[-118.25320100004825,34.124425000054437],[-118.25326499962236,34.124448999689704],[-118.25330599963023,34.124322000024179],[-118.25360199990625,34.123418999982036],[-118.25364000043939,34.123302999649006],[-118.25303700001673,34.12273599996869],[-118.25266899977069,34.122389999851286],[-118.25224199997342,34.121988999779354],[-118.25144799975504,34.121242999923162],[-118.25113300011078,34.120946999910927],[-118.25159699971795,34.120623999639932],[-118.25255800034091,34.119956000207381],[-118.25257800043239,34.119942000358762],[-118.25353400013417,34.119277000045471],[-118.25354800037788,34.11926799991145],[-118.25401399963489,34.118943999653666],[-118.25406700023666,34.118893000167937],[-118.25413500000872,34.118860000265613],[-118.25415699975002,34.11884499996772],[-118.25425800003235,34.118760999737631],[-118.25547599967494,34.119807000052852],[-118.25617000033422,34.120408000342799],[-118.25662100042092,34.120811999722093],[-118.25706300028682,34.121223999832921],[-118.25714600012749,34.121303999636126],[-118.25729400026549,34.121447000192745],[-118.25752900044212,34.121672999924009],[-118.25758600034354,34.121728000155528],[-118.25800899994283,34.122153999749898],[-118.25842400004453,34.122584999803557],[-118.2588290001005,34.123021999714801],[-118.25922499993561,34.123465000134118],[-118.25961099972498,34.123914000223586],[-118.25998900001677,34.124367999684971],[-118.26035600043788,34.124826999925048],[-118.26066900043232,34.125234000333002],[-118.26106899956709,34.125770999998274],[-118.26140599985098,34.126245999969505],[-118.26173399991403,34.126726999807047],[-118.26176800024925,34.126778999947163],[-118.26187299983123,34.126936999776156],[-118.26194899999921,34.127052000157867],[-118.26200000005284,34.127128999886295],[-118.26234400000942,34.127676000303452],[-118.26264199993523,34.128168999845158],[-118.26292899999044,34.128666000092977],[-118.26320599999987,34.129167999634838],[-118.26347299996355,34.129673000332879],[-118.26540100015893,34.133421000075678],[-118.26545899988525,34.133534000371029],[-118.26594699978189,34.13448300029129],[-118.26729099982117,34.137095000079597],[-118.267885000023,34.138251000156536],[-118.26810500013104,34.138678999829587],[-118.26951899959222,34.141427000238792],[-118.26975499959377,34.141886000039769],[-118.26980800019554,34.14198800023518],[-118.26999300014347,34.142348000290539],[-118.27128299975607,34.144855999842704],[-118.27226500029543,34.146764000262841],[-118.27308299990494,34.148353999662156],[-118.27372999981024,34.149613000147632],[-118.27379099990959,34.149732999666064],[-118.27537299960026,34.152803000184164],[-118.27556199974615,34.153165999828282],[-118.27587599956551,34.153164999966528],[-118.27600699998507,34.153164999966528],[-118.27623200011598,34.153164000104823],[-118.27706599961901,34.153161999637938],[-118.27721899977989,34.153207999956692],[-118.27768300028538,34.153207000095499],[-118.27833699986337,34.153204999629615],[-118.2783939997648,34.153204999629615],[-118.27853500023009,34.153204999629615],[-118.27861399987282,34.153204999629615],[-118.27884499985149,34.15320399976838],[-118.27898299994376,34.15320299990708],[-118.27899800001236,34.153287999966579],[-118.27901200025607,34.153367000041392],[-118.27904800024108,34.153576000118115],[-118.27909300044692,34.153832000254283],[-118.27909900029472,34.153865999737725],[-118.27911099999027,34.153921999687995],[-118.27932000022763,34.155128000093164],[-118.28049600003745,34.156332999805954],[-118.28225299963029,34.156691999864826],[-118.28277700041025,34.156806000077758],[-118.28398400018217,34.15653399991514],[-118.28595000001241,34.156097000076755],[-118.2860270000053,34.156080000042451],[-118.28654400021426,34.155964999764265],[-118.2874689999539,34.155771000090574],[-118.28900399978889,34.155749000091788],[-118.28934899957038,34.155750999754019],[-118.28940299999705,34.155750999754019],[-118.28977700009089,34.155752000328491],[-118.29015500038265,34.155753999990658],[-118.29128500016168,34.155781999716133],[-118.2915400004298,34.155776999818926],[-118.29182599976177,34.155995999647821],[-118.29215299999993,34.156247000012527],[-118.29327699993117,34.157110000140968],[-118.29372700019299,34.157386999737192],[-118.29396400001946,34.157600000252444],[-118.29514800022518,34.158455999853871],[-118.2956019997866,34.158798000320104],[-118.29587299994826,34.158809000294731],[-118.29626700013355,34.15882599977963],[-118.29668300006018,34.158842000209987],[-118.29705799997889,34.158857000099609],[-118.297129000124,34.158860000225879],[-118.29741500035426,34.158871000192434],[-118.29774400024223,34.158574999647236],[-118.29783700012867,34.158576999985911],[-118.29785399984708,34.158477000091935],[-118.29795099993146,34.158391000251981],[-118.29803100029741,34.158318999765427],[-118.29821000039756,34.15815799973543],[-118.2984809996609,34.157913999972884],[-118.29863800001975,34.15780799971018],[-118.29882999964036,34.157682999986697],[-118.29894699981622,34.157698999890293],[-118.30139300004548,34.158217999764048],[-118.30233200002881,34.158444999833272],[-118.30256800003035,34.158498000324826],[-118.3027389997346,34.158548999700464],[-118.30281999992545,34.158588999786808],[-118.30282599977321,34.158503999859413],[-118.30433499966895,34.158839999877593],[-118.30476900003723,34.159154999981176],[-118.30486100009873,34.15922200006171],[-118.30502500013027,34.159341000262181],[-118.30625700001654,34.160236000325291],[-118.3062460001459,34.160267000127597],[-118.30707100032645,34.160827000111382],[-118.30724799987843,34.160956000205118],[-118.30781199994304,34.161139999957527],[-118.30784899975298,34.161152000137498],[-118.30791900007316,34.161174999982165],[-118.30806999968588,34.16122399969499],[-118.30872800036016,34.161438999721952],[-118.30964600042711,34.161258999684826],[-118.31026999986786,34.160797000286017],[-118.31032000009657,34.160759999817756],[-118.31206400016893,34.15570900014685],[-118.3121260000932,34.155528999788643],[-118.31218899984242,34.155344999703132],[-118.31218999966731,34.155302000057709],[-118.31222499982742,34.155205000258391],[-118.31231400041419,34.154960000299887],[-118.3123989999047,34.154830000124285],[-118.31248599994333,34.154689999825784],[-118.31261499981477,34.1544770001477],[-118.31271000024933,34.154317999922689],[-118.3127860004173,34.154190999794373],[-118.3129060000679,34.153993000354752],[-118.31338700029183,34.154070999919085],[-118.31342900012461,34.15407699976825],[-118.31359099960802,34.154104000199176],[-118.31375499963956,34.154130000027749],[-118.31391799984618,34.154155999848371],[-118.31408100005277,34.154181999660985],[-118.31424400025941,34.15420900005828],[-118.31440699956771,34.15423499985458],[-118.31457099959925,34.154260999642887],[-118.31463500007165,34.154272000208508],[-118.31467500025462,34.154278000043355],[-118.31570899977423,34.154433000213572],[-118.31581799955416,34.154453000118934],[-118.31593800010306,34.154573000194773],[-118.31600199967717,34.154660999894219],[-118.31613300009673,34.154782000260518],[-118.316271000189,34.154905999976762],[-118.31632100041772,34.154956000194559],[-118.31640900028125,34.155042999655457],[-118.31661900034356,34.15525100020777],[-118.31767700015259,34.156313000345882],[-118.31996199982501,34.156011000042987],[-118.32155899958431,34.155799999640983],[-118.32211000012843,34.155727000087261],[-118.32290400034681,34.155183000112146],[-118.3241780000659,34.154311000242508],[-118.32445300042552,34.15412199973823],[-118.32466400031269,34.153978000344537],[-118.324874000375,34.153833000108079],[-118.32510799982842,34.153674000157352],[-118.32534100035525,34.153514000049668],[-118.3254509999601,34.153437999687931],[-118.32564299958072,34.153307000283014],[-118.32572100029682,34.153252999646341],[-118.32611100028417,34.152889999632741],[-118.32632999966896,34.152687999903897],[-118.32654800012718,34.152484999822065],[-118.3273669995616,34.151722999721208],[-118.32902600014349,34.150181000079193],[-118.32905499955748,34.150168999826924],[-118.32941100010794,34.150020000146178],[-118.32980100009529,34.149858000005437],[-118.33006700023407,34.149746999784682],[-118.33019699993039,34.149553999857218],[-118.3305569997805,34.149019000206607],[-118.33079199995714,34.148668000305548],[-118.33102799995869,34.148318000351971],[-118.33158500035063,34.148142000281894],[-118.33214699986711,34.147964999921875],[-118.33257100018962,34.147830999688225],[-118.33466800043941,34.147142000323655],[-118.33657399999517,34.14651499984744],[-118.33663699974439,34.146494000352078],[-118.33701300038631,34.146273999731754],[-118.33724199981685,34.146139999789575],[-118.33776599969849,34.145833999746053],[-118.33834499983172,34.145496000120183],[-118.33880400031435,34.145227999785504],[-118.33911499976067,34.145322999981978],[-118.33951399996883,34.145444000343652],[-118.3398910004357,34.145559000078194],[-118.33999199981973,34.145590000063862],[-118.34036000006576,34.145546999912781],[-118.34074000000734,34.145514000006756],[-118.34090099966583,34.145454999827201],[-118.34111699957592,34.145378999648642],[-118.3412010001398,34.145338000042351],[-118.34134599990476,34.14527000014381],[-118.34149099966972,34.145201000234501],[-118.34163600033298,34.145132000268838],[-118.34178100009794,34.145064000204478],[-118.34192599986291,34.144995000126926],[-118.34208400004663,34.144918000318654],[-118.34221600029113,34.144856999802755],[-118.34231300037551,34.144811000140294],[-118.34314299968057,34.144166000036762],[-118.34430400032008,34.143267999989291],[-118.34511899955656,34.142635999825224],[-118.34516600031051,34.142746999724508],[-118.34552299978759,34.143585000132354],[-118.34594899975994,34.144573000258077],[-118.34619800018029,34.145153000102752],[-118.34642999998387,34.145696000048957],[-118.34644599987742,34.145735000325594],[-118.34662400015264,34.146150999925979],[-118.34676700026776,34.146485000141972],[-118.34679999987974,34.146562000008927],[-118.34730799986782,34.147747999936271],[-118.34755499974005,34.148327000366848],[-118.34768000031183,34.148618000082323],[-118.34806699992612,34.14952299983932],[-118.34845000024077,34.150418999773557],[-118.34921599997175,34.152208999631327],[-118.34966399968542,34.153255999971712],[-118.3497399998534,34.153431999793412],[-118.34981900039443,34.153616000329883],[-118.3498960003873,34.153803999882228],[-118.34995800031157,34.15394099986181],[-118.3499880004488,34.154011999769253],[-118.35019599996295,34.154497000042632],[-118.35075099980676,34.155793999914216],[-118.35123500040373,34.156924999966336],[-118.35155400024595,34.157667999888545],[-118.35181199998881,34.158270999654661],[-118.35196900034767,34.158639999850834],[-118.35213800040205,34.159033000141839],[-118.35215599994541,34.159076000117508],[-118.35292500004944,34.160872999971524],[-118.35303399982938,34.161127999775822],[-118.35310300032467,34.161289000089305],[-118.3540199996684,34.161288000323793],[-118.35468199964228,34.161288000323793],[-118.35497799991828,34.161288000323793],[-118.35603599972733,34.161286999814877],[-118.35715100033606,34.161286999814877],[-118.35715399981081,34.163096999831424],[-118.35715800000875,34.164839999666],[-118.35715800000875,34.164908000160878],[-118.35647599994336,34.164908999883579],[-118.35628799962237,34.164919999805349],[-118.35609900037483,34.164935999824102],[-118.35604599977306,34.164941999644526],[-118.35604599977306,34.164911000072145],[-118.35541499976131,34.164911000072145],[-118.3547050001068,34.164946999742355],[-118.35486099974243,34.165230999905418],[-118.35522300014067,34.166077999834634],[-118.35557799996791,34.166905999959276],[-118.35591600007672,34.167696000047435],[-118.35607500008538,34.168067999730013],[-118.35625500001045,34.168651000034515],[-118.35630799971388,34.168775000194429],[-118.3563570001177,34.168888999701281],[-118.35637999968391,34.168943999675555],[-118.3567320000364,34.169765000045224],[-118.35706500012235,34.170542999802187],[-118.35775800005837,34.172162000278128],[-118.35783199967823,34.172649999982092],[-118.35794999967899,34.173431999874168],[-118.35831100025233,34.175818000019753],[-118.35857800021601,34.177582999775538],[-118.35862400024681,34.177890000275497],[-118.35873200020181,34.178604999666192],[-118.35880300034692,34.179076999705465],[-118.35885600005038,34.179428999829817],[-118.35894700028699,34.180027000271934],[-118.35912700021203,34.181223999860713],[-118.35940400022147,34.183063000242697],[-118.3597439999801,34.184880000084142],[-118.36000300044617,34.186593000061265],[-118.35996599973792,34.186791999784404],[-118.36019400024189,34.188303000353386],[-118.36021799963302,34.188468000105523],[-118.36049999966531,34.190332999921878],[-118.36077900022288,34.192188000169949],[-118.36082400042874,34.192484999631276],[-118.36104899966129,34.193974000309709],[-118.36111599960846,34.194385000151392],[-118.36115099976857,34.194651000255732],[-118.36594799979252,34.195599999939098],[-118.36594899961742,34.195579000021766],[-118.36594799979252,34.19554799981573],[-118.36594899961742,34.195516000238271],[-118.37014800013986,34.196345999979634],[-118.37031299999632,34.196379000077982],[-118.3703120001714,34.201196999917158],[-118.36581200024838,34.201195999881463],[-118.36326800010985,34.201195999881463],[-118.36237199978422,34.201196999917158],[-118.36231400005789,34.201209999637271],[-118.36226100035444,34.201233999743899],[-118.36222500036943,34.201263000018486],[-118.36219699988204,34.201297999747311],[-118.36217099994275,34.201360999668395],[-118.36217099994275,34.201419000120147],[-118.36243500043172,34.203163999637503],[-118.36268599960357,34.20482600008846],[-118.36291800030548,34.206366999932911],[-118.36295900031335,34.206638999950925],[-118.36298699990245,34.206817999795263],[-118.36185299992543,34.206824000352071],[-118.36081100000993,34.206830000165517],[-118.36072499979622,34.206828000227773],[-118.35911200014343,34.206804000227919],[-118.35892999967022,34.206801000320297],[-118.35881699969232,34.20679899963892],[-118.35827699991715,34.206790999884589],[-118.35803900026576,34.206787000007196],[-118.35762400016408,34.206781000190681],[-118.35732700006315,34.206776000343254],[-118.35416399960843,34.206728000307045],[-118.35361899981039,34.206719999803099],[-118.35191300027115,34.206693999831508],[-118.35084700006621,34.206679000272857],[-118.35036900021534,34.206671999735001],[-118.34996400015939,34.206665999910292],[-118.34970999971615,34.206662000026917],[-118.34868700006724,34.206645999748602],[-118.34855499982275,34.206643999806488],[-118.34760800034182,34.206630000210183],[-118.34650600015186,34.20661399992585],[-118.34643599983166,34.206611999982911],[-118.34545099981759,34.206597999638412],[-118.34432799971121,34.206581000119073],[-118.34413199989264,34.206577000231647],[-118.34327599974998,34.206561999909248],[-118.34300700013645,34.206557000048839],[-118.34271199968538,34.206552000188118],[-118.34262600036996,34.206551000215953],[-118.34256699992042,34.206549000271586],[-118.3424320002012,34.206547000327106],[-118.34134699972968,34.206527000137221],[-118.34099399955225,34.20652100030221],[-118.34094000002388,34.20652100030221],[-118.33992999989547,34.206503000051661],[-118.33984000038207,34.209905999844466],[-118.3398429998568,34.210108999987789],[-118.33982899961309,34.210318999877657],[-118.3398129997196,34.210941999938811],[-118.33980600004688,34.211194000224523],[-118.33956699967229,34.211301000200521],[-118.33801099992088,34.211275000156327],[-118.33773999975924,34.211270999748841],[-118.33771899984283,34.212040000129697],[-118.33770600032236,34.212589000060433],[-118.33759499999427,34.212702999788377],[-118.33692899982243,34.213387000117407],[-118.33603199967187,34.214309000130939],[-118.33641699963634,34.214567999887599],[-118.33608299972551,34.214794999903084],[-118.33521800026031,34.215382999750254],[-118.33484499999142,34.215514000104783],[-118.33454600024068,34.215618000201559],[-118.33512799984864,34.216753000076416],[-118.3353990000103,34.217282999735616],[-118.33559900002682,34.217673999816704],[-118.33706199989182,34.220530999954519],[-118.3374619999249,34.221312000297296],[-118.33657999984297,34.221319000361802],[-118.33533799991092,34.22132800001939],[-118.33094699976786,34.221361999790183],[-118.32889899992188,34.221378000245537],[-118.32556300011308,34.221404000143465],[-118.32304999993666,34.221422999978046],[-118.32274600016306,34.221426999903606],[-118.31928999980538,34.221451999991011],[-118.31150199975416,34.221512000319052],[-118.31042999970143,34.221520000161483],[-118.30935900037193,34.221528999797656],[-118.30634700042826,34.221552000266414],[-118.30606700004576,34.221556999979974],[-118.30581000012782,34.221556000185856],[-118.30417300018557,34.221567999942984],[-118.302795999636,34.221578999904494],[-118.29849800027766,34.221610999987035],[-118.29562900044911,34.221632000104236],[-118.29276100044545,34.221654000009124],[-118.29187099996763,34.221661000045202],[-118.29166199973024,34.221662999630986],[-118.29122499988726,34.221665999752283],[-118.28951400032514,34.22167800023648],[-118.28842800002872,34.221686000063158],[-118.28227799974464,34.221732000165964],[-118.27772000009533,34.221765999773659],[-118.27558699986051,34.221781000360878],[-118.26766900011296,34.221839999921094],[-118.26687099969662,34.22184600015099],[-118.26685999982595,34.223410999725843],[-118.26685200032836,34.224391000215455],[-118.26680700012251,34.230677000335596],[-118.26680399974946,34.231102999868121],[-118.26680299992455,34.231234999965892],[-118.26680100027471,34.231444000254548],[-118.26679799990168,34.23185599975929],[-118.26679700007676,34.232017000250991],[-118.26678700003103,34.233422000149744],[-118.26678700003103,34.233542999700134],[-118.26678399965797,34.233889000327331],[-118.26678100018324,34.234235999919051],[-118.26677899963511,34.234493999668807],[-118.26677799981022,34.234590000012979],[-118.2667769999853,34.234709999732196],[-118.26677600016038,34.234874000359241],[-118.26677500033546,34.234987999637795],[-118.26677299978732,34.235318999867062],[-118.2667719999624,34.235515999677517],[-118.26677000031258,34.235775000329127],[-118.26676799976445,34.235979999769583],[-118.26676600011463,34.236240000099002],[-118.26676600011463,34.236275999772865],[-118.26676600011463,34.236308999831664],[-118.26675699989379,34.23748799986101],[-118.26675500024398,34.237759999667368],[-118.26673599997741,34.240268000299366],[-118.26673500015249,34.240459000022852],[-118.26673299960434,34.240795999901152],[-118.26659399968717,34.240710000073648],[-118.26656899957283,34.240694000320545],[-118.26602399977479,34.240355999720343],[-118.26602299994987,34.240512000223134],[-118.26601999957681,34.240956999635614],[-118.26601600027716,34.24153500025497],[-118.26601600027716,34.241569000036755],[-118.26601499955395,34.241651000021839],[-118.26600799988127,34.242576999996537],[-118.26600799988127,34.242658000198688],[-118.26600799988127,34.2427139998711],[-118.26600600023144,34.242972999913775],[-118.26600399968329,34.243182000026621],[-118.26599899966043,34.243891999781539],[-118.26601499955395,34.244582999684788],[-118.26601600027716,34.244608000323929],[-118.26602899979765,34.245197999738437],[-118.26603499964544,34.245460000322161],[-118.26605200026219,34.246194000091563],[-118.26605300008711,34.246220999997433],[-118.26608300022433,34.247495000312711],[-118.26608400004925,34.247589000227137],[-118.26604399986627,34.24776799993969],[-118.26669099977155,34.247772000098998],[-118.26668900012173,34.247928000223411],[-118.26668599974867,34.248492999905395],[-118.26667999990089,34.249461000070653],[-118.26667499987805,34.250308999908519],[-118.2666720004033,34.250778999792878],[-118.26529700040187,34.250265000214696],[-118.26529499985374,34.250402000198235],[-118.2652639998916,34.252380000175087],[-118.25717399971658,34.252275000009256],[-118.2565000000471,34.252265999946516],[-118.2565069997198,34.252787999766497],[-118.25657100019221,34.257810000280152],[-118.25663499976632,34.262873999924679],[-118.25664999983492,34.264055999864333],[-118.25669000001793,34.267189999758841],[-118.2546120000347,34.267199999704211],[-118.25390999987781,34.267202999687598],[-118.25372800030294,34.26720199969315],[-118.24758600041478,34.267143999994659],[-118.24516299975177,34.267122000098581],[-118.24511800044424,34.26712100010316],[-118.24157699969774,34.267088000247881],[-118.23890299986286,34.26706300034887],[-118.23890299986286,34.267084000264525],[-118.2388159998242,34.267086000256228],[-118.23867100005927,34.267088000247881],[-118.23854600038581,34.267090000239484],[-118.23851899972328,34.267091000235268],[-118.23848699993623,34.267090000239484],[-118.23848699993623,34.267212999631475],[-118.23848199991339,34.269610000122739],[-118.23848000026355,34.270412000066507],[-118.23847299969255,34.273981999827797],[-118.23845000012633,34.277631000368395],[-118.23845000012633,34.280648999774023],[-118.23845799962393,34.281086999640991],[-118.23845299960107,34.281580999975318],[-118.23878900006004,34.281589000047042],[-118.24386200026852,34.281600000329874],[-118.25100599988917,34.281615999726604],[-118.25615600009051,34.281748000014701],[-118.26083299956554,34.281809000235242],[-118.26492699960771,34.281859000163955],[-118.26912899960489,34.28192000030397],[-118.2736970001983,34.281970000166652],[-118.27375300027478,34.280227000254847],[-118.27381199982601,34.278388999686818],[-118.27970799966684,34.27843499997973],[-118.28251499957109,34.278457999745605],[-118.28668999980414,34.278491000334611],[-118.28661000033649,34.281562000358754],[-118.28658000019927,34.282717000303798],[-118.28646399984834,34.287139000232152],[-118.28641299979469,34.289095000070667],[-118.28631800025845,34.291765999850583],[-118.28630700038779,34.29207500005527],[-118.28628599957308,34.292649000238889],[-118.28628399992324,34.292776000331521],[-118.28628399992324,34.292786000202128],[-118.2868780001251,34.292793000259252],[-118.29056200008844,34.292839000090048],[-118.29061700034001,34.292839999779545],[-118.29060800011916,34.293228000120585],[-118.29060700029427,34.293364000198537],[-118.29587299994826,34.29335799987232],[-118.29948599976646,34.293352999971233],[-118.29948699959139,34.293259999678476],[-118.29948900013954,34.292908000160054],[-118.29950400020813,34.289747000042055],[-118.29950500003305,34.289678000344772],[-118.29950500003305,34.289488000025031],[-118.29952199975148,34.286140999733036],[-118.30031199977189,34.286117000073354],[-118.30113699995243,34.2860979999978],[-118.307852000126,34.286101999818719],[-118.30821600017407,34.286101999818719],[-118.30992000006349,34.2860979999978],[-118.30997399959183,34.286094000176625],[-118.31002800001852,34.2860979999978],[-118.31334799993377,34.286091000125069],[-118.31687100023863,34.286082999739705],[-118.3169769996455,34.286082999739705],[-118.31716199959344,34.286081999969817],[-118.31851300020375,34.286078000147945],[-118.31885299996237,34.28607699963576],[-118.32373700002495,34.286066999708929],[-118.32455499963447,34.286065000168755],[-118.32691399982507,34.286059999833682],[-118.32683099998438,34.282434999988773],[-118.32842100007097,34.282438000170842],[-118.33391000020606,34.282447999787223],[-118.33719999998407,34.282454000150267],[-118.34311599991641,34.282465000319938],[-118.34473299976716,34.282466999945775],[-118.34899699968862,34.282471999752424],[-118.34992700034944,34.282473000307469],[-118.35172900014814,34.2824749999331],[-118.35173099979797,34.281249999867924],[-118.35173199962288,34.280342000281067],[-118.35173400017101,34.279434999641715],[-118.35173499999591,34.278833000075338],[-118.35265499971268,34.278838999954147],[-118.3530410004004,34.278842000264568],[-118.35398799988134,34.2788449998326],[-118.35470799958155,34.278848000142744],[-118.35616600032196,34.279127000315874],[-118.35670500027221,34.279229999919629],[-118.3571820002982,34.27932200030213],[-118.36029899982387,34.279918000276439],[-118.36051599955887,34.279960000361811],[-118.36087399975912,34.279856000324088],[-118.36131399997518,34.279728000158109],[-118.36311499994895,34.280357999917264],[-118.36352500002779,34.280490999790587],[-118.3638699998093,34.280621999783776],[-118.36427900006319,34.280764999798308],[-118.36642300016867,34.280637000274282],[-118.36681499980583,34.280615000197294],[-118.36728099996115,34.28058900003137],[-118.36740700035784,34.280369000361247],[-118.36748099997769,34.280411000221271],[-118.36764800038225,34.280851000250451],[-118.36810500031676,34.282052000114582],[-118.36862500000043,34.282840999653232],[-118.36881599979615,34.283130000210406],[-118.36890000036003,34.283257999649052],[-118.36905199979769,34.283308000200272],[-118.36920300030873,34.283358999781782],[-118.36951499957996,34.283462000137568],[-118.36988000035126,34.282598999639589],[-118.37017599972896,34.281897999820529],[-118.37075400003727,34.282117000125119],[-118.37128100029196,34.282316999670904],[-118.37134999988895,34.282343000044563],[-118.37066399962558,34.283336999675015],[-118.37058499998287,34.283480000266039],[-118.37053099955619,34.28360799991389],[-118.37050700016506,34.283703000094825],[-118.37049499957116,34.283813000092003],[-118.37052200023371,34.284156000238411],[-118.37052399988349,34.284257000034216],[-118.37050700016506,34.28438999967566],[-118.37047399965478,34.284509999629208],[-118.37027299981334,34.285227000123044],[-118.37022599995768,34.285394000340048],[-118.37019900019349,34.285478000212635],[-118.3701439999419,34.285602999717433],[-118.36983799962017,34.286126999994231],[-118.37087299986297,34.286132000325367],[-118.37175800031795,34.286136999913928],[-118.37190599955761,34.286136999913928],[-118.3720529998707,34.286137999683163],[-118.3726410002248,34.286140999733036],[-118.37351699956061,34.286146000063283],[-118.37351200043608,34.285943999695178],[-118.37351300026097,34.285627000266103],[-118.37351400008586,34.285471000288332],[-118.37351400008586,34.28540800020096],[-118.37351699956061,34.284831000184241],[-118.37351800028384,34.284417999729619],[-118.37351900010876,34.283562000225267],[-118.37351900010876,34.283331999919895],[-118.37351900010876,34.283165999863449],[-118.37263700002683,34.282831999892174],[-118.37361899966784,34.282830000275027],[-118.37371199955427,34.282830000275027],[-118.37380399961577,34.282828999724174],[-118.37453400026007,34.282827000106955],[-118.37467499982705,34.282827000106955],[-118.37480100022377,34.283659999854336],[-118.37654699994596,34.283435000308756],[-118.37710299961465,34.283364000277622],[-118.37926699981158,34.283615999792666],[-118.38185899963071,34.283897000060342],[-118.3827099997505,34.284098000359613],[-118.38292599966056,34.284147999668825],[-118.38491999997819,34.284617999737769],[-118.38576199987715,34.284817000227207],[-118.38461799985438,34.288174999979013],[-118.3846189996793,34.289730999966714],[-118.38544200020999,34.289731999693196],[-118.38616600010818,34.28973300016186],[-118.38691599994563,34.289733999888313],[-118.38691099992276,34.291494000238323],[-118.38688800035655,34.291512000130744],[-118.38685900004424,34.291532000171578],[-118.38405700016284,34.291527999866936],[-118.38237199964169,34.291525999714523],[-118.38237199964169,34.292202000273406],[-118.38237099981677,34.293329000144951],[-118.38295099977492,34.293329999828622],[-118.38293800025444,34.29396499990424],[-118.38291200031519,34.295267999695696],[-118.38287799997997,34.296955999829436],[-118.38353199955796,34.296957000212025],[-118.38489400003891,34.296959000235148],[-118.38647200042995,34.296949000119128],[-118.3873789997279,34.296943000048969],[-118.3873910003218,34.297974999877525],[-118.38739399979653,34.298233000079946],[-118.38739600034467,34.298779999654087],[-118.39363500031718,34.298788000314659],[-118.39390499975559,34.298796999851028],[-118.39392599967201,34.297023999846829],[-118.39392599967201,34.296978999721411],[-118.39674299962201,34.296982999766549],[-118.39694299963854,34.293964000228129],[-118.39698399964644,34.293348000069805],[-118.39758799989401,34.293362999773102],[-118.39865999994674,34.293390000122912],[-118.39973100017457,34.293418000146616],[-118.39981400001523,34.293420000253995],[-118.39986000004599,34.293305999995752],[-118.39990799972658,34.293211000280891],[-118.40023199959168,34.292572000188571],[-118.40029400041426,34.292431000356899],[-118.40063099979984,34.291350999925264],[-118.40088900044101,34.290217999688998],[-118.40090600015947,34.290142999822663],[-118.40091299983216,34.290080999991503],[-118.40091899967992,34.289931999671417],[-118.40080999989999,34.288726999906785],[-118.40080700042525,34.288581999857406],[-118.40082099977064,34.288444999719054],[-118.40114299998594,34.288449999912217],[-118.4012400000703,34.287972000287532],[-118.40125199976586,34.287914999821673],[-118.40158800022486,34.286423000230599],[-118.40183199972401,34.286396999634761],[-118.40204099996137,34.286373999814614],[-118.40285100007327,34.286286000283411],[-118.40370499966781,34.286194000101418],[-118.4041189999446,34.286149000112886],[-118.40469499970474,34.286085999791553],[-118.4049859999579,34.286055000240488],[-118.40521399956354,34.28603000004356],[-118.40551099966443,34.285997999958724],[-118.40580199991759,34.285966999633004],[-118.40606800005639,34.28593800032354],[-118.40616799961548,34.285926999866199],[-118.40629900003505,34.286052000187595],[-118.40738399960826,34.287084999959596],[-118.40748999991348,34.287183999690555],[-118.40758100015006,34.287271000010087],[-118.4076189997849,34.287307000115959],[-118.40834900042917,34.288002999873655],[-118.40899399978632,34.288624000066356],[-118.40939999966719,34.289011999837655],[-118.40970099996606,34.28970499965223],[-118.40986199962457,34.290078000082282],[-118.40988400026417,34.290128000286693],[-118.41010600002204,34.290638000078225],[-118.410294000343,34.291070999801221],[-118.41030400038873,34.291244000014544],[-118.41034799987136,34.291968000324388],[-118.41021700035012,34.291842999897419],[-118.40987000002046,34.291832999914575],[-118.40896000034945,34.291807999952312],[-118.40907199960412,34.29365899975285],[-118.40561000029697,34.293567999902727],[-118.40362500020017,34.293516000156146],[-118.40350800002432,34.293513000369579],[-118.40346000034373,34.297105999947448],[-118.40137899998747,34.297068000309018],[-118.40120499991021,34.297064999907143],[-118.4012040000853,34.297083000090232],[-118.40115700022962,34.298189000228056],[-118.4011630000774,34.298436000211417],[-118.40114499963572,34.298507000123315],[-118.40114499963572,34.298560999733922],[-118.40115100038186,34.298593999849878],[-118.40113299994017,34.298753000294582],[-118.40105199974931,34.300670000041841],[-118.4013670002919,34.300673999911162],[-118.40151200005685,34.300675999845787],[-118.40165799964673,34.300677000184123],[-118.40560000025123,34.300725999679457],[-118.40545499958796,34.304364000076376],[-118.40546800000675,34.307663999980356],[-118.40546899983167,34.307911999805768],[-118.40375099969854,34.307917000324309],[-118.40366700003295,34.308342000274408],[-118.40368999959917,34.308644000129213],[-118.40365199996435,34.308835999899699],[-118.40356599975064,34.308970000198165],[-118.40383500026248,34.309002999934265],[-118.40402500023325,34.309026999734236],[-118.40411399992173,34.309038000134947],[-118.40388100029321,34.310049999669033],[-118.40386100020173,34.310049000184364],[-118.40381799964571,34.310037999916112],[-118.4033239999013,34.310023999707553],[-118.40308000040216,34.309719999903031],[-118.40308299987686,34.309670999719224],[-118.40309499957245,34.309644999640376],[-118.40306799980826,34.309609000202855],[-118.40304000021915,34.309511999910235],[-118.40301599992972,34.309389000089446],[-118.4024789996293,34.309428999815651],[-118.40244600001735,34.309607999970908],[-118.4019370002043,34.309772000006177],[-118.40183599992199,34.309877000344699],[-118.40107900041183,34.309722000364197],[-118.40105900032034,34.309812999779489],[-118.40101599976431,34.309899999666378],[-118.40090399961133,34.310026999646475],[-118.40079300018154,34.314382999655578],[-118.40077200026516,34.315179000184365],[-118.40076999971704,34.315252000367657],[-118.40076899989211,34.315287000189123],[-118.40076899989211,34.315319999668219],[-118.40076600041738,34.315405000200322],[-118.40076499969415,34.315439999958002],[-118.40077200026516,34.315615000011263],[-118.40077399991496,34.315654999739003],[-118.40078399996072,34.315799999798074],[-118.40076800006719,34.316194000351452],[-118.40078999980851,34.316324000169679],[-118.40078800015867,34.316387000071998],[-118.40078599961053,34.316436000045726],[-118.40068100002856,34.316438999755469],[-118.39971899958067,34.316461000097],[-118.39898600035998,34.316772000261075],[-118.39842700031824,34.317033999676781],[-118.39829300042393,34.317022000180152],[-118.39761999968107,34.31700799965239],[-118.3974720004414,34.317054000317867],[-118.39727900009751,34.317115000129242],[-118.39705700033969,34.317205000292979],[-118.39687700041462,34.317278000198293],[-118.39653000008499,34.317418999866085],[-118.39652599988705,34.317826999891189],[-118.39652400023721,34.318071000333305],[-118.39627800018992,34.318070000202169],[-118.39625999974827,34.319859999918833],[-118.39689099976005,34.319814000049249],[-118.39861599956582,34.319689999629965],[-118.39891799968962,34.319676000289114],[-118.39922200036153,34.319652999936103],[-118.39955600027237,34.319622000159974],[-118.40057800009639,34.319547999953997],[-118.4006629995869,34.319542000014629],[-118.40094499961921,34.319783000332578],[-118.40147900044491,34.320238999868771],[-118.40271999965371,34.321299000157182],[-118.40392099957788,34.321724999963514],[-118.40491200033807,34.322076999631342],[-118.40490999978992,34.32247499996862],[-118.40491399998787,34.32262200027013],[-118.40492099966058,34.322807000192824],[-118.40494800032307,34.323461999809162],[-118.40498199975995,34.324313999782269],[-118.40498799960774,34.32446600010465],[-118.40511300017951,34.327595000052263],[-118.40511599965424,34.327657999654541],[-118.40520199986797,34.329811000174509],[-118.40783899989292,34.329834999959871],[-118.40905300023587,34.329845999859209],[-118.41146099993198,34.329864999681959],[-118.41235700025761,34.329872000357405],[-118.41357900009815,34.329881000271207],[-118.41357999992307,34.329600000282049],[-118.41357999992307,34.329567999735218],[-118.41358499994594,34.327408000259553],[-118.41244799959588,34.326295999759402],[-118.41220699957145,34.325903999966087],[-118.41224199973158,34.325883999950236],[-118.41348899968646,34.325160999774589],[-118.41359099979371,34.325103000017975],[-118.41359099979371,34.324690000234085],[-118.4143490000271,34.324692000338509],[-118.41434999985201,34.324441000212076],[-118.41589399990785,34.324486999771246],[-118.41714000003783,34.324947999960131],[-118.41905099961647,34.325655999877789],[-118.42020800005803,34.325598999762917],[-118.42075100020622,34.325573000166173],[-118.42074100016049,34.32772299998355],[-118.42033100008167,34.327756999781769],[-118.41969099984908,34.327832000182596],[-118.41945599967242,34.327926000036314],[-118.41821299991547,34.329490000159382],[-118.41843700022146,34.329424999715563],[-118.41850199962049,34.329412999765069],[-118.41857199994068,34.329415999752904],[-118.41863700023802,34.329432999681615],[-118.41869599978924,34.329464000284645],[-118.41876399956129,34.329523999983408],[-118.41883100040677,34.329602000269496],[-118.4190099996086,34.329881000271207],[-118.41946200041853,34.329880000280831],[-118.41998299992713,34.329879000290433],[-118.42300099971861,34.329879000290433],[-118.42648100036573,34.329879000290433],[-118.42919899968324,34.329879000290433],[-118.42925300010991,34.32987600031921],[-118.42930699963824,34.329879000290433],[-118.43003599955931,34.329879000290433],[-118.43128199968932,34.329879000290433],[-118.4318309996853,34.329879000290433],[-118.44051400023724,34.329917999906606],[-118.44063499971276,34.329918999896542],[-118.44198799997288,34.329923999845988],[-118.44243800023467,34.329924999835789],[-118.44556900000404,34.329936999713055],[-118.44591200013569,34.329937999702771],[-118.4469170002413,34.329941999661415],[-118.4494169999989,34.329951000309499],[-118.45304900008369,34.329975000054873],[-118.45821900037654,34.33000899968237],[-118.45894199955148,34.33001400036823],[-118.45966399979986,34.330020000300735],[-118.46097799970192,34.330030000187229],[-118.46294400043047,34.330046000003158],[-118.46491100008558,34.330060999827822],[-118.46886299983753,34.330091000210892],[-118.46902900041719,34.330092000198761],[-118.46912899997629,34.330093000186615],[-118.46941900040451,34.330095000162245],[-118.47233900028671,34.330117999878865],[-118.47581599966249,34.330176999864932],[-118.47664500004096,34.33018699973276],[-118.47685500010321,34.330188999706145],[-118.47736300009136,34.330195000367929],[-118.47822000005893,34.330206000220073],[-118.48042699991358,34.330231999864907],[-118.48440299995495,34.33027899994417],[-118.48689500021494,34.330432999814242],[-118.48876200031098,34.330531999634474],[-118.4887849998772,34.330533000358876],[-118.48990600033372,34.330596999962424],[-118.49026100016096,34.330611999688564],[-118.4909399998533,34.330657000334547],[-118.49296699978289,34.33077300028949],[-118.49360000034278,34.331153999863403],[-118.49397600008641,34.33138099985981],[-118.49405700027727,34.331429999981061],[-118.49748500014756,34.333494999630823],[-118.50319900041353,34.336937999700254],[-118.50381000033381,34.337305999996609],[-118.50400699997731,34.337156999651917],[-118.5057660001183,34.335830999750385],[-118.50600399976969,34.335650999963683],[-118.50634600007645,34.335392999768857],[-118.50639600030516,34.33535499965587],[-118.50645499985637,34.335308000195077],[-118.5065140003059,34.335261999892367],[-118.5066120002152,34.335190999907809],[-118.50663700032955,34.335172999734986],[-118.50683200032321,34.335025999909995],[-118.50686900013314,34.334997999666847],[-118.50709799956371,34.334824999838354],[-118.50722999980817,34.334725999891717],[-118.50727400018911,34.334692999883579],[-118.50736399970246,34.33462499996066],[-118.50744400006842,34.334564000266532],[-118.50752500025926,34.334503999721576],[-118.50762900001635,34.334434999709345],[-118.50767199967407,34.334405000137892],[-118.507716000055,34.334376999687471],[-118.50772500027581,34.334368000255985],[-118.50776600028371,34.334322000179576],[-118.507788000025,34.33430599969558],[-118.50800099956204,34.334145999880128],[-118.50834100021896,34.333890000134147],[-118.50846199969448,34.333798000173672],[-118.50850100005252,34.33376699968855],[-118.5085420000604,34.33373799982256],[-118.50876399981829,34.33357000009476],[-118.51417299958739,34.32948800016927],[-118.51776899968718,34.326776000176508],[-118.52058700036041,34.324650000360805],[-118.52180900020097,34.323727000047576],[-118.52262500016066,34.323113000228531],[-118.52419199978272,34.321929999858973],[-118.52565100034803,34.320832000107252],[-118.528717999645,34.318523999890523],[-118.53386399964837,34.314640999904285],[-118.53401099996147,34.31453100020579],[-118.54343900032799,34.316681000227348],[-118.54413399991385,34.316838999668398],[-118.54625200008005,34.317321999693817],[-118.54629599956267,34.317332000351641],[-118.54622199994283,34.31717300021284],[-118.54582100008483,34.316319000151843],[-118.54574400009193,34.316154000138582],[-118.54557900023549,34.31580399968869],[-118.54551099956512,34.315658000218619],[-118.54595599980405,34.315010000227836],[-118.54709499980392,34.313346000182285],[-118.54678500018252,34.312600000264226],[-118.54666700018176,34.312315999685097],[-118.54613300025437,34.311034000283442],[-118.54571700032777,34.310033000265904],[-118.54557300038773,34.309740000060678],[-118.54499300042959,34.308563999909822],[-118.54471100039727,34.307955000248541],[-118.54429100027271,34.307049999899945],[-118.54388500039184,34.306173999941194],[-118.54367199995652,34.305715000339518],[-118.54402599995882,34.304707999727604],[-118.54429600029556,34.303940000327685],[-118.54417099972379,34.303851000343094],[-118.54346400044236,34.303349000106245],[-118.54333499967261,34.30325800036433],[-118.54309199999838,34.302636999998938],[-118.54279200042271,34.301869999793858],[-118.54264699975946,34.301498000101539],[-118.54259300023109,34.301361000246523],[-118.54190799979264,34.300607000219358],[-118.54168100001192,34.300356999657069],[-118.54155700016335,34.300220000167151],[-118.54116800000095,34.299478000065854],[-118.54107299956637,34.299294999903317],[-118.54089900038741,34.298963999813154],[-118.5408209996713,34.29881400004453],[-118.5408490001587,34.29881000008664],[-118.54087599992289,34.298802000170213],[-118.54094299987004,34.298794000253046],[-118.54361500005508,34.298363999873636],[-118.54670099961862,34.297866999868177],[-118.54889499995281,34.297230999964874],[-118.5498039997989,34.296967000327086],[-118.55013600005992,34.29692299981199],[-118.55124599974748,34.296777999806878],[-118.55169500018435,34.296719999734698],[-118.55358300019678,34.296472999900388],[-118.55403400028351,34.296413999970667],[-118.55443000011863,34.296566999992045],[-118.55455300014228,34.296752999831895],[-118.55479199961856,34.297124000121705],[-118.55739100000866,34.299242999991201],[-118.55976699991771,34.299191999660799],[-118.56209599997112,34.29879000029419],[-118.56354999961525,34.29784699985121],[-118.56437099959781,34.296986999811445],[-118.56446699985726,34.29688799975694],[-118.5660870000811,34.29581799972847],[-118.56636699956528,34.295426999756735],[-118.56644500028138,34.295391999820467],[-118.56742000024971,34.294952999890306],[-118.56774099974176,34.29507400000707],[-118.56870800021252,34.294639000056144],[-118.57014599996315,34.29535499980841],[-118.57015900038193,34.295804000117734],[-118.57101700017442,34.29693099990736],[-118.57157899969089,34.297950000258773],[-118.57176199998898,34.29861900001913],[-118.57296100026333,34.299056000112621],[-118.57402400009525,34.29944300033327],[-118.57685600011385,34.300476000213415],[-118.57960100009385,34.301476999878247],[-118.57983700009541,34.301557999756398],[-118.58008899999048,34.301654000005541],[-118.58509100005382,34.303478000215605],[-118.58529600009322,34.3034399997495],[-118.58687799978389,34.303149999727268],[-118.58718300028076,34.303094000221705],[-118.58763900039033,34.301494999857908],[-118.58781000009455,34.30089500018817],[-118.58823199986892,34.299411999773419],[-118.58862900042729,34.29801899984156],[-118.58868100030581,34.297842999847212],[-118.58905600022456,34.2965649999596],[-118.58916900020246,34.296181000271069],[-118.5891950001417,34.296088999791309],[-118.58953700044846,34.294888000160419],[-118.58978699979542,34.294008000066611],[-118.59016000006432,34.292647000113163],[-118.5908499996273,34.290238999758294],[-118.59087499974166,34.290150999821485],[-118.59145700024797,34.288090999833408],[-118.59162399975422,34.287500000173182],[-118.59153800043882,34.286985000352843],[-118.59144700020221,34.286439000193603],[-118.59143100030867,34.28634499990342],[-118.5913760000571,34.286045000311049],[-118.59122799991908,34.285858000001085],[-118.59117299966751,34.285746000163911],[-118.5911800002385,34.285588999889058],[-118.59123700013993,34.285163999852742],[-118.59124299998771,34.285119000054863],[-118.59120700000271,34.284941000189455],[-118.5911519997511,34.28482299967893],[-118.59113199965962,34.284710999946817],[-118.59114000005555,34.284613000058791],[-118.59112099978897,34.284402000124089],[-118.59111800031424,34.284381000080487],[-118.59110700044357,34.284313000221424],[-118.59103100027559,34.283821999748007],[-118.59100100013838,34.283629999949724],[-118.59095500010761,34.283334000267345],[-118.59092999999325,34.283169999823976],[-118.59091099972666,34.283047999829691],[-118.59089999985603,34.282979999634343],[-118.59086300004611,34.282738000020927],[-118.59085899984817,34.282713000321714],[-118.59084499960444,34.282621999750596],[-118.59084100030479,34.282598999639589],[-118.59082600023619,34.282502000070373],[-118.59101600020696,34.28246799975868],[-118.59113699968249,34.282445000347778],[-118.59128200034577,34.282426999997639],[-118.59143799998138,34.282391999841799],[-118.59158299974635,34.282363999855136],[-118.59197100008384,34.282295999848586],[-118.59198600015247,34.282292999661514],[-118.59217000027549,34.282356999671457],[-118.59196500023606,34.28099700010884],[-118.59193199972579,34.280777000021992],[-118.59190900015957,34.280626999700168],[-118.59169900009728,34.280229999773447],[-118.59177600009018,34.279991999776591],[-118.59197799975654,34.279365999642621],[-118.59199200000025,34.279233000216045],[-118.59199700002311,34.279184999913667],[-118.59210199960509,34.278976000164242],[-118.59257199995839,34.278037000226632],[-118.5933550003061,34.277456999722851],[-118.59372299965382,34.277183999942302],[-118.59470900039115,34.276134999778094],[-118.59565099984923,34.275257999703236],[-118.59586699975927,34.27496100032878],[-118.59601200042256,34.274840000200399],[-118.59610100011102,34.274716000182551],[-118.59620800024113,34.274520999904297],[-118.59696499975126,34.274797999783821],[-118.59729899966213,34.274919999875337],[-118.59846399960126,34.275344999748697],[-118.60063700001903,34.276139000073165],[-118.60093699959468,34.276252999866863],[-118.60133699962779,34.27642500026576],[-118.60353000013703,34.277242000138394],[-118.60414500025526,34.277465000187014],[-118.60481999974965,34.27762299992002],[-118.60497600028359,34.277657999834766],[-118.60531199984422,34.277714999834458],[-118.60564699958,34.277755999667022],[-118.60598399986389,34.277782999835566],[-118.6063229997976,34.27779600035349],[-118.6066609999064,34.27779300000573],[-118.60699900001518,34.277776000012665],[-118.6073360002991,34.2777439997543],[-118.60855300011677,34.277576999925003],[-118.6089000004464,34.277530000033259],[-118.6104610002207,34.277315999767438],[-118.61475299973125,34.276731000079629],[-118.61670500021607,34.276459000052654],[-118.61735899979406,34.276368000133751],[-118.62257099991969,34.27564199999351],[-118.62302100018148,34.275572999850255],[-118.62346800007022,34.275490000366723],[-118.62362000040621,34.275457999980496],[-118.62391099976102,34.275394999810914],[-118.62435000015216,34.275286999728401],[-118.62478399962211,34.275166000069149],[-118.62521200014261,34.275032999936109],[-118.62563499974191,34.274888000014464],[-118.62584399997927,34.274810000117064],[-118.62625700043117,34.274647000021616],[-118.62646099974734,34.274559999996164],[-118.62686300032856,34.274379000311725],[-118.62725699961553,34.274185999816936],[-118.62764300030324,34.273981999827797],[-118.6280199998718,34.273766000347699],[-118.62838800011782,34.273539999637805],[-118.6287460003181,34.273303999844437],[-118.62892100022027,34.273180999711492],[-118.62926299962872,34.272930000016679],[-118.62956300010269,34.272693999995703],[-118.63079199961594,34.271692999636372],[-118.63105500027999,34.271479000101735],[-118.63114099959542,34.271405999733545],[-118.63150299999367,34.271097999942953],[-118.63292599967565,34.269943999921736],[-118.63324200004314,34.269687999647743],[-118.63346100032626,34.269522000114904],[-118.63344700008258,34.269434000015032],[-118.63343700003682,34.26936499997349],[-118.63342600016618,34.269289000088179],[-118.63328300005104,34.268334999885212],[-118.63328100040123,34.268322000131448],[-118.63326700015752,34.268229000349422],[-118.63270499974271,34.264477000346986],[-118.63255599977981,34.263482999699328],[-118.6325480002822,34.263428999820704],[-118.63254599973406,34.263350999687283],[-118.6325330002136,34.262905999903118],[-118.63253499986341,34.26224299976505],[-118.63253999988628,34.262098000060774],[-118.63254400008425,34.261589000149272],[-118.63254499990914,34.261482000215103],[-118.63255400012999,34.260491000032602],[-118.63256400017573,34.25934000024332],[-118.63257300039655,34.258251999992936],[-118.63260000016075,34.255193000368195],[-118.63260199981055,34.254930000246439],[-118.63260400035868,34.254715999636709],[-118.63264899966623,34.249480999720433],[-118.63264899966623,34.248386999869055],[-118.63264000034371,34.24742700032499],[-118.63260900038158,34.245619000287235],[-118.63256099980268,34.242796000226001],[-118.63253700041155,34.241947999688705],[-118.63253499986341,34.241864000144218],[-118.6325330002136,34.241796000062635],[-118.63253099966546,34.241727999926063],[-118.63252200034293,34.241404000268396],[-118.63249499968046,34.240426000105487],[-118.63249399985554,34.240391000291503],[-118.63248700018283,34.240141000348281],[-118.63248299998487,34.239995000109374],[-118.63247600031217,34.239737999714521],[-118.63246799991624,34.239449000043905],[-118.63246700009135,34.239294999708896],[-118.63245799987054,34.239079000268859],[-118.6324500003729,34.238782999723561],[-118.63244399962683,34.238571999901218],[-118.63160599992584,34.23857500016284],[-118.63046799975086,34.238579000016458],[-118.62995399991496,34.238577999681759],[-118.63005600002221,34.238471000189826],[-118.6307249996688,34.23777200008638],[-118.63146299981068,34.237018000019205],[-118.63510800031428,34.237268000324931],[-118.63585800015173,34.237319999956554],[-118.63640200012485,34.237357000260502],[-118.63683499976989,34.237385999985527],[-118.63724200037399,34.237414000094724],[-118.63747800037554,34.237438999892589],[-118.6377720001034,34.237450000009183],[-118.63782599963174,34.237451000357296],[-118.63788000005843,34.237457999823093],[-118.63953399971913,34.237572000058783],[-118.63984099986578,34.237564999859863],[-118.64015399986023,34.237581999811532],[-118.64022300035552,34.237575000356102],[-118.6405820003807,34.237613999754942],[-118.64099900013224,34.237600999709819],[-118.64159599980881,34.237656000172805],[-118.64336499999554,34.237759000065594],[-118.64348999966903,34.237842999993042],[-118.6439180001895,34.237872999893767],[-118.64397000006804,34.237876000180293],[-118.64402600014454,34.237880999667418],[-118.64452900010978,34.237913999839769],[-118.64522500041886,34.237961999932431],[-118.64698100018683,34.238082000044209],[-118.64749500002272,34.236018999907323],[-118.64775299976557,34.234982999978833],[-118.64803099959991,34.233866000256775],[-118.64869500012196,34.23120099972418],[-118.64944599978433,34.228184999859671],[-118.64971199992308,34.227114999696099],[-118.65099900006096,34.227113000239726],[-118.65212700019021,34.22711100004063],[-118.65286100013412,34.227110000312436],[-118.65286199995903,34.227352000295575],[-118.652866000157,34.227557000188504],[-118.6529869996325,34.227557000188504],[-118.65329600032732,34.227555999722853],[-118.65329200012934,34.227439999847],[-118.65329200012934,34.227348999634032],[-118.65329100030445,34.227110000312436],[-118.65404699998966,34.227108999841484],[-118.6540489996395,34.225379999669258],[-118.65405000036272,34.224794000028623],[-118.65405000036272,34.224699999914741],[-118.65405000036272,34.22466600000574],[-118.65405000036272,34.224537000029549],[-118.65405200001253,34.223494999853799],[-118.65838999955388,34.223494999853799],[-118.65839200010201,34.22226499979989],[-118.65839200010201,34.222194000128404],[-118.65839999959958,34.216567999928934],[-118.65836600016272,34.216568999782247],[-118.65738699999643,34.216572000085016],[-118.65701799992546,34.216568999782247],[-118.65403100009614,34.216568999782247],[-118.65318800037228,34.216568999782247],[-118.65233800007741,34.216567999928934],[-118.65236800021462,34.216445999906604],[-118.65237499988733,34.216419000109155],[-118.65291700021064,34.214241999963896],[-118.65324000025082,34.212946000199011],[-118.6539309996387,34.212945000302703],[-118.65732000004927,34.212938000285313],[-118.6575259999136,34.212946000199011],[-118.6576320002188,34.212936999646033],[-118.66274100041227,34.212898999859384],[-118.66276399997848,34.209342999633087],[-118.66680699996701,34.209332000302723],[-118.6677989996538,34.209328999742176],[-118.66780000037703,34.209046000122747],[-118.66780200002685,34.208040999832548],[-118.66780299985177,34.207835999994586],[-118.66780299985177,34.207690000211862],[-118.66780399967669,34.207184000290084],[-118.66780500039991,34.206955999864022],[-118.66780500039991,34.206769999783027],[-118.66780600022483,34.206631000181467],[-118.66780700004972,34.20579500002475],[-118.66781500044564,34.205482000142354],[-118.66788800024057,34.202639999702363],[-118.66796500023347,34.199628999943037],[-118.66796699988329,34.199571999800774],[-118.66797600010413,34.199226000130373],[-118.66797699992902,34.199158999860451],[-118.66797899957886,34.199100000022256],[-118.66798699997479,34.198787999864017],[-118.66799199999765,34.198601000268368],[-118.6680010002185,34.198216999865956],[-118.66803399983044,34.196949999892261],[-118.6680659996175,34.195694999924527],[-118.66806700034071,34.195664999862508],[-118.66806700034071,34.195641999758188],[-118.66806899999052,34.195572000048116],[-118.66807400001342,34.19538500000705],[-118.66807900003629,34.195193999866781],[-118.66808400005917,34.194972000362107],[-118.659814999784,34.19496300011884],[-118.65847300029286,34.194962000009198],[-118.65847499994267,34.195351000157643],[-118.65847699959248,34.196046999805695],[-118.65847999996554,34.196761999846892],[-118.65660600019682,34.196757000148189],[-118.65662100026546,34.196626000358975],[-118.65663799998387,34.196489999908735],[-118.65670400010612,34.195953999669648],[-118.65682100028199,34.194999000343124],[-118.65685600044208,34.194712999829846],[-118.65691599981821,34.194216999731417],[-118.65692099984108,34.19410800012021],[-118.65705499973538,34.192688000117336],[-118.65706599960605,34.192565999708094],[-118.65709499991836,34.192357000314416],[-118.65720899972118,34.191545999831732],[-118.65724700025434,34.19128099974624],[-118.65732599989705,34.190720999714763],[-118.65733299956975,34.190670999876112],[-118.6574489999207,34.189817999801178],[-118.65746700036236,34.189809999921664],[-118.65823599956808,34.189480000143796],[-118.65839499957671,34.189424000003783],[-118.65856000033146,34.189379999708507],[-118.65872900038588,34.189348000019734],[-118.65879700015793,34.189338999919315],[-118.6589849995806,34.189316000318819],[-118.65930400032116,34.189279999897678],[-118.65951100001038,34.189274999755419],[-118.65968400026276,34.189285000039703],[-118.66039800011518,34.189369000002614],[-118.66099800016482,34.189443999792665],[-118.66117399989191,34.189472999663877],[-118.66125199970972,34.189480000143796],[-118.6614480004266,34.189495999964663],[-118.66312600037675,34.190023999780955],[-118.66296300017012,34.190380999632978],[-118.66303199976709,34.190403000265455],[-118.6633499997844,34.190503000230869],[-118.66351200016612,34.190144999985435],[-118.66442000018732,34.190430000223202],[-118.66657000014055,34.191106999641043],[-118.66732500000087,34.19134399972144],[-118.66790199958596,34.191334999834027],[-118.66814000013566,34.191330999966311],[-118.66814599998345,34.191078000331672],[-118.66817600012067,34.189866999975415]],[[-118.46876300027839,34.06518600022784],[-118.46889299997474,34.06587099997558],[-118.46871399987459,34.066023000292205],[-118.46817900012229,34.066478000207503],[-118.46678300020449,34.067663000269917],[-118.46673100032595,34.067708000096388],[-118.46533600023301,34.066989000141746],[-118.46372299968192,34.065536999869124],[-118.46319999962516,34.065065999794342],[-118.46307599977661,34.064440999843342],[-118.46292199979084,34.063653999665895],[-118.46288800035394,34.063481000293216],[-118.46281399983577,34.063109000213629],[-118.46109999990064,34.060045999958319],[-118.45993099976353,34.059050999870955],[-118.45878099989301,34.058072999658592],[-118.45792899994831,34.058583000177421],[-118.45760799955795,34.058776000082666],[-118.45725699992867,34.058985999757923],[-118.45608199994378,34.059690000274301],[-118.4558009997364,34.059858999804831],[-118.4556740004131,34.059935000179649],[-118.45566400036735,34.059941000010468],[-118.45545500012997,34.060065999862744],[-118.45516100040209,34.060242999629942],[-118.4560340002632,34.061274999980846],[-118.45962299979196,34.065444999809017],[-118.45952300023288,34.065468999802],[-118.45856699963278,34.06572199984118],[-118.45479099960792,34.066723999976588],[-118.45468100000308,34.066799000009127],[-118.45464199964499,34.066380000306218],[-118.45462999994943,34.066301000067945],[-118.45457300004804,34.066058000257939],[-118.45453399968999,34.065918999713347],[-118.45448099998653,34.065776999976237],[-118.45439999979568,34.065597000145658],[-118.45430100006146,34.065419000243097],[-118.45419200028154,34.06524999989346],[-118.45403300027287,34.065046999741149],[-118.45312600007659,34.063997999984494],[-118.45296700006793,34.063827000173717],[-118.45267900018784,34.063516999998178],[-118.45204700035117,34.062834000197299],[-118.45153400034019,34.062279999695335],[-118.45140999959331,34.062145999876272],[-118.45131300040723,34.062041000297604],[-118.45090499997825,34.061605999913098],[-118.4507259998781,34.061416000361852],[-118.45069200044121,34.06137999976437],[-118.45012800037664,34.060778999996074],[-118.44992900018499,34.060527000296155],[-118.44888600044457,34.059205000225894],[-118.44866999963618,34.058930999680641],[-118.44798900029403,34.058069000179401],[-118.44771499975933,34.057721000113887],[-118.4469459996553,34.056828999965376],[-118.44628399968141,34.05606000012142],[-118.44562400025562,34.055295000353759],[-118.44577599969327,34.055330000284698],[-118.44908700028603,34.053351000063323],[-118.44839199980186,34.052406999665024],[-118.44909499978361,34.051995999789639],[-118.44817500006687,34.04957799969285],[-118.44839799964964,34.049440000002598],[-118.44835900018988,34.049367000183459],[-118.44837599990832,34.049356999713964],[-118.44856699970403,34.049242999785854],[-118.44865999959045,34.049186999738922],[-118.44908499973791,34.048932999859268],[-118.44925299996736,34.048832999809235],[-118.44954400022051,34.048659000349069],[-118.45003700014003,34.048365000270202],[-118.45022899976064,34.04825000013922],[-118.4504999999223,34.048088000078401],[-118.45098899964383,34.047796000234619],[-118.45194100004595,34.047227999727816],[-118.45222200025334,34.047059999949575],[-118.45227800032984,34.047127999899878],[-118.45407400028077,34.049212000216365],[-118.45657599968818,34.047716999793032],[-118.45667299977256,34.047829999921504],[-118.45684100000204,34.048024000106935],[-118.45708899969917,34.048311999970352],[-118.45922100010907,34.050784999890659],[-118.45999500023596,34.051672000276191],[-118.46073099982969,34.052513999885122],[-118.46146599959854,34.053356000062699],[-118.46172099986667,34.053646999814717],[-118.46180500043057,34.053744000006262],[-118.46234699985558,34.054364000012768],[-118.46247599972699,34.054511999737628],[-118.46293400038471,34.055044000255734],[-118.46368400022214,34.0559129996454],[-118.46459899991606,34.056973999831683],[-118.46477800001621,34.057228000180125],[-118.4655809995571,34.058159000323109],[-118.4663639999048,34.059066999833853],[-118.466686999945,34.059442999953518],[-118.46693600036534,34.059730999724565],[-118.46795300016649,34.06090999986305],[-118.46821299955917,34.062283999720016],[-118.4682569999401,34.062513000259067],[-118.46850100033758,34.063802999715755],[-118.46857699960725,34.064203000012213],[-118.46876300027839,34.06518600022784]],[[-118.46348000000766,33.981048999889211],[-118.46337200005263,33.981116999843351],[-118.46279499956921,33.981483999916364],[-118.46268300031453,33.981555999629101],[-118.46187900005042,33.982067999800172],[-118.46107499978631,33.982579999866871],[-118.4604060001397,33.983005999794827],[-118.45862400043249,33.984140999721092],[-118.45857099983073,33.984175000330353],[-118.45837099981418,33.984302000075978],[-118.45740599989156,33.984916999942712],[-118.45634800008254,33.985590000129498],[-118.45511600019626,33.986374000288791],[-118.45505099989894,33.986415999760702],[-118.45486000010322,33.986365000186424],[-118.45229800042135,33.985690999827149],[-118.44925799999025,33.984889999914749],[-118.44894099979784,33.984808999779531],[-118.44830200028848,33.984660999884802],[-118.44774700044469,33.984549000175676],[-118.4462200001073,33.984260000304289],[-118.44251400040265,33.983558000302743],[-118.4417939998041,33.983421000144084],[-118.44160399983333,33.983380000314682],[-118.44146499991616,33.983183000186244],[-118.44120700017331,33.982867000213872],[-118.44094299968434,33.982554000228774],[-118.44084700032319,33.982444999653985],[-118.44067099969779,33.982244999910115],[-118.44039399968833,33.981940000046507],[-118.4401100000062,33.981638999936109],[-118.43981999957799,33.98134200036629],[-118.43952400020028,33.981050000294253],[-118.43922100025158,33.980760999699619],[-118.43897699985411,33.980542999771146],[-118.43872599978394,33.980316999699305],[-118.43814500000089,33.979826000026989],[-118.4380909995742,33.979780999763427],[-118.43803600022096,33.979734999800471],[-118.43771700037871,33.979480999880707],[-118.43731599962241,33.979172000310065],[-118.43704700000889,33.978972999999229],[-118.43666299986934,33.97869099984274],[-118.43654400004367,33.978508999842099],[-118.43592899992542,33.978096999923821],[-118.43582599999326,33.978028000093111],[-118.43572399988601,33.977959999902851],[-118.43451499956595,33.977151999964413],[-118.43390399964566,33.976740999885173],[-118.43364500007787,33.976551000240924],[-118.43355700021432,33.976479000013846],[-118.43339900003058,33.976348999863319],[-118.43331799983973,33.976275000032643],[-118.43316600040208,33.976137000337459],[-118.43309400043205,33.976061999858601],[-118.43300300019547,33.975973999977157],[-118.43298599957873,33.975955000083886],[-118.43291100013396,33.975872999907807],[-118.43287799962367,33.975837999981209],[-118.43280800020179,33.975760999793934],[-118.4327749996915,33.975720999717474],[-118.43274299990448,33.975682000090465],[-118.43269699987371,33.975626999650032],[-118.43261200038323,33.975523999718341],[-118.43255200010874,33.975441999871556],[-118.43243199955984,33.97527899966866],[-118.43241700038955,33.975255999962236],[-118.43230699988636,33.975088999737004],[-118.4322590002058,33.975016000030713],[-118.43352100022932,33.974301000083798],[-118.43356499971195,33.974273999663772],[-118.43361099974267,33.974250999685438],[-118.45130099981336,33.964231000200215],[-118.45142999968481,33.96442300026208],[-118.45145800017218,33.964460999982343],[-118.45148199956334,33.964501000140118],[-118.45154900040879,33.964600999707244],[-118.45160600031022,33.964685000027579],[-118.45171300044034,33.964844000273779],[-118.45225099966737,33.96564399997817],[-118.45307000000008,33.966862999648193],[-118.45319300002373,33.967044999991543],[-118.45476100036903,33.969674999936792],[-118.45453200004016,33.969839000244328],[-118.45480599967652,33.970214000367932],[-118.4548380003619,33.970257999948245],[-118.45494200011899,33.970400000131598],[-118.45555499968908,33.97122200000711],[-118.4574779998616,33.973786000085347],[-118.45760199971015,33.973721000211043],[-118.45864299980073,33.975101999953722],[-118.4597240000743,33.976379000259506],[-118.46062200004974,33.977439000014307],[-118.46133599990219,33.978259000245615],[-118.46142100029101,33.978356999894928],[-118.46180000040769,33.978274999800796],[-118.46183100036986,33.978354000074567],[-118.46186700035486,33.978477000071848],[-118.46188800027126,33.978602000013893],[-118.46189599976886,33.978809999861745],[-118.4618999999668,33.978906000250184],[-118.46190400016478,33.978998000303434],[-118.46191099983747,33.979097999956892],[-118.46193799960166,33.97924500017254],[-118.46197500030986,33.979366000265742],[-118.46202100034064,33.979415000211389],[-118.46233299961187,33.979750999822798],[-118.46245599963551,33.979890999703471],[-118.46317100021116,33.980698999681159],[-118.46348000000766,33.981048999889211]],[[-118.45567799971272,34.284595000172978],[-118.45600800032391,34.284903000244405],[-118.45414100022792,34.286265999736074],[-118.45251099995833,34.287456999648889],[-118.45252199982899,34.287494000170398],[-118.45195000026679,34.287894999662051],[-118.45181600037249,34.287988999702826],[-118.45164099957198,34.28811099994639],[-118.45160100028733,34.288139999990413],[-118.45135199986699,34.288325999932297],[-118.45060299985445,34.288887000208348],[-118.45050699959498,34.288958000026518],[-118.45020799984425,34.289165999713092],[-118.44976799962819,34.289471999900371],[-118.44956299958875,34.289613999972559],[-118.44948300012115,34.289671000028115],[-118.44944100028835,34.289698999806895],[-118.4496630000462,34.289978000326464],[-118.44978400042004,34.29012999973019],[-118.45000199997992,34.290404000226403],[-118.4496839999626,34.290687999949327],[-118.44925999964008,34.291065999764029],[-118.44881299975133,34.291462999713637],[-118.44829700026561,34.291919999873677],[-118.44825000040991,34.291964000040458],[-118.4481780004399,34.292058999681061],[-118.44813300023407,34.292092999823161],[-118.44806299991387,34.292154999654024],[-118.44803299977664,34.292180999952549],[-118.44792099962366,34.292280000358986],[-118.4478250002625,34.292359000067322],[-118.44771300010949,34.292437999701434],[-118.44760900035243,34.292512000052248],[-118.44743000025228,34.292666999883863],[-118.4471719996111,34.292896000184228],[-118.44707000040218,34.29301500017813],[-118.44702000017347,34.293053000165635],[-118.44550000040707,34.29440599988623],[-118.44521599982662,34.29416599987011],[-118.44518300021467,34.294138999769743],[-118.44500400011452,34.293994000154242],[-118.44478099963345,34.293803000268518],[-118.44469699996787,34.293870999869625],[-118.44357200021169,34.294875000059918],[-118.44357700023455,34.294999999686482],[-118.44343699959414,34.295124999869159],[-118.44347299957917,34.295155999784761],[-118.4428979996439,34.295616000348026],[-118.44283400006981,34.295670000332827],[-118.44277299997044,34.295720999833094],[-118.44271600006901,34.295772000044558],[-118.44254700001464,34.295922999703208],[-118.44247300039478,34.295855999932414],[-118.44244900010534,34.295877999730081],[-118.44178799995635,34.296466999796223],[-118.44029699960397,34.297796000157398],[-118.43882100021852,34.299112000084214],[-118.43731599962241,34.300454000135751],[-118.43661299964063,34.301079999758009],[-118.43622100000347,34.301429999995598],[-118.43590499963597,34.301705999909139],[-118.43585199993251,34.301755000288338],[-118.43577199956657,34.301830000177326],[-118.43509500042238,34.302433999631724],[-118.43435100043273,34.303097999975641],[-118.43360700044303,34.303760999962641],[-118.43286299955506,34.304425000203587],[-118.4325689998272,34.304687000307013],[-118.43242400006224,34.304559000120669],[-118.43217700019004,34.304322999868631],[-118.43192199992191,34.304126000165951],[-118.43144099969795,34.303703000260008],[-118.4313650004283,34.30363099998484],[-118.4313369999409,34.303603999958533],[-118.43126499997086,34.303541000110691],[-118.43110699978712,34.303403000314205],[-118.43034199988107,34.302737999841689],[-118.43027400010901,34.302678000287727],[-118.42932099988197,34.301837000222861],[-118.42924999973685,34.301769999974681],[-118.42780500031354,34.300409000363665],[-118.42635400014412,34.299040999941589],[-118.4234669998739,34.296321999746077],[-118.42140099958625,34.294374999693908],[-118.42003999982852,34.29536999989547],[-118.41856199989493,34.296451000258479],[-118.41828200041076,34.296186999653557],[-118.41824200022781,34.296149999991606],[-118.4157919998006,34.293840999899594],[-118.41863200021513,34.291763999703832],[-118.41859500040523,34.291728999725876],[-118.41819500037212,34.291350999925264],[-118.41744800000943,34.290654999696351],[-118.41740700000153,34.290624000346433],[-118.41712300031941,34.290356000366543],[-118.41744800000943,34.290118999821615],[-118.42068699973383,34.2877570001381],[-118.42072899956662,34.287727000211568],[-118.42076899974957,34.287697000274392],[-118.42239300017138,34.286512000125349],[-118.42324299956792,34.285891999683528],[-118.42401800041804,34.285327000337276],[-118.42566899970569,34.284122999646833],[-118.42729099957931,34.282939999930299],[-118.42924200023924,34.281521000155756],[-118.43056899966179,34.28054899993176],[-118.43053900042287,34.280517999822912],[-118.4306039998219,34.280447000296682],[-118.43242099968919,34.278745999928155],[-118.4324769997657,34.278694999774409],[-118.43253299984217,34.278645000190402],[-118.43262099970573,34.278567999926622],[-118.43270500026964,34.278497000237905],[-118.43276899984374,34.278444000211593],[-118.43286199973014,34.2783709999526],[-118.4329560003398,34.278297999630219],[-118.43305099987602,34.278226999713446],[-118.43361400011575,34.277815999947315],[-118.43371399967484,34.2777439997543],[-118.43399200040751,34.277870000237115],[-118.43410799986015,34.277974999629187],[-118.43505799971415,34.278873000249256],[-118.43558599979376,34.279372000225742],[-118.43569499957371,34.279294999885622],[-118.43590600035921,34.279139999883661],[-118.43592899992542,34.279124000015621],[-118.43593300012338,34.279102000284915],[-118.43589899978818,34.279044999741188],[-118.43597599978111,34.278972999858603],[-118.43614200036077,34.278864999919072],[-118.43629100032365,34.278739000185396],[-118.43638800040806,34.278679999679632],[-118.43684699999238,34.278344999834871],[-118.43749300007273,34.277873999707367],[-118.43810599964284,34.277426999831093],[-118.43840399956868,34.277209999676799],[-118.43876400031709,34.276947000107242],[-118.4388639998762,34.276874000032819],[-118.43909599967981,34.276705000196969],[-118.43929900006937,34.27655699979811],[-118.43942499956775,34.27646500010097],[-118.44004300005906,34.276014999744433],[-118.44072699977427,34.275515999882835],[-118.44137399967956,34.275045000235814],[-118.44202099958484,34.274573000270195],[-118.44264699957375,34.274116000051123],[-118.44331399957051,34.273629999730517],[-118.44373399969508,34.273310000117867],[-118.44380800021325,34.273379999812448],[-118.44496300010665,34.274471000064679],[-118.44618300029738,34.275623999671112],[-118.44691999971603,34.276319999679977],[-118.44704799976255,34.276441999789768],[-118.44864100022218,34.277945999788969],[-118.44988300015422,34.279119999862601],[-118.45112699973608,34.280296000289454],[-118.45211400029834,34.281227999951376],[-118.45234699992682,34.281454000034422],[-118.45258700012634,34.281673999833764],[-118.45270099992914,34.281781999875399],[-118.45296100022016,34.282044000086984],[-118.45316999955922,34.282225000339793],[-118.45367500007258,34.282702999994598],[-118.45400099958749,34.283011000319618],[-118.45474100027752,34.283709000368262],[-118.45476100036903,34.283713000302953],[-118.45479300015609,34.283699000159672],[-118.45484800040767,34.283790000306915],[-118.45492600022546,34.283885000282126],[-118.45524500006769,34.28418699974771],[-118.45529500029639,34.284234000370631],[-118.45536999974115,34.284303999875746],[-118.45549100011498,34.284416000150266],[-118.45567799971272,34.284595000172978]],[[-118.44810200027193,33.992615999774529],[-118.4484720001678,33.993358999683856],[-118.4475080000701,33.99362000014883],[-118.44642299959858,33.993912999741305],[-118.44533800002536,33.994205999812962],[-118.44505299962,33.994282000172362],[-118.44471299986137,33.994375000215861],[-118.44434100031572,33.994632000303227],[-118.44431000035355,33.994653000235388],[-118.44334999955554,33.99531700013214],[-118.44245699960292,33.993598999961286],[-118.44169800044297,33.993977999816465],[-118.44168400019929,33.993985000096572],[-118.44158700011488,33.994032000047326],[-118.44088699960783,33.994382999966547],[-118.44006099960242,33.994794999889073],[-118.43923999961984,33.995205000316012],[-118.43842600020831,33.995612000297868],[-118.43757500008851,33.996035999984038],[-118.43742299975253,33.99611200019595],[-118.4371230001769,33.996266000122979],[-118.43707299994819,33.996290000328294],[-118.43675599975576,33.99644500015642],[-118.43581099992464,33.996917000217024],[-118.4353070001345,33.996899000010337],[-118.43471999960533,33.997206000240979],[-118.43360099969695,33.997794000164056],[-118.43350000031292,33.997846999996455],[-118.43275700014819,33.998212999861437],[-118.43270600009456,33.998237999719429],[-118.43195799990691,33.998620000327847],[-118.43159399985883,33.998805999752761],[-118.43120200022167,33.999010000023041],[-118.43065400005058,33.999294000167737],[-118.43032699981245,33.999445999907522],[-118.43046300025489,33.999615999754901],[-118.43052799965389,33.999698000111621],[-118.43083599962547,34.000102000368294],[-118.43040200015551,34.000327999957669],[-118.42967099968632,34.000715999656265],[-118.42927999987408,34.000924999918794],[-118.42898899962094,34.001079000057523],[-118.42848900002875,34.001343999811901],[-118.42843399977716,34.001275000236475],[-118.42820199997357,34.000985999905566],[-118.4279500000785,34.000647999745041],[-118.42791499991839,34.000600000300601],[-118.42762700003831,34.000213999686359],[-118.42756199974096,34.00013800016518],[-118.42742899967159,33.999987999793667],[-118.42691499983567,33.999301000009865],[-118.42684200004075,33.999185999658174],[-118.42664299984914,33.998912999805924],[-118.42650999977973,33.998732000110429],[-118.42598000005032,33.998069999757995],[-118.42588799998882,33.998080999774494],[-118.4227620002423,33.998422000324403],[-118.42170000023532,33.998537000220843],[-118.4213479998828,33.998575000333723],[-118.42105400015494,33.998608000182791],[-118.42062399998461,33.998654999810299],[-118.4205379997709,33.998662999902784],[-118.42048400024252,33.998669999796853],[-118.42039999967865,33.998687999628302],[-118.42023200034748,33.998832999827613],[-118.42005200042242,33.998965000235529],[-118.41971099994055,33.999381000292189],[-118.41954199988615,33.99958899992891],[-118.41933699984673,33.999840000269643],[-118.41930000003684,33.999885000338395],[-118.41927400009754,33.999917000240387],[-118.41917799983808,34.000033999965531],[-118.41912400030974,34.000068000173748],[-118.41867700042097,34.000346000182532],[-118.41823899985475,34.000618999897767],[-118.41826499979402,34.000650000093685],[-118.41831500002273,34.000710000104355],[-118.41835500020571,34.000758000231329],[-118.41970500009276,34.002467000218388],[-118.42098100036002,34.004083000335953],[-118.42124900014861,34.004422000361835],[-118.42051799967942,34.00486199977464],[-118.42035799984586,34.00495799977687],[-118.41977399968977,34.005308999978389],[-118.41902899987518,34.00575700017766],[-118.41848099970409,34.006078999838522],[-118.41819299982399,34.00624899981463],[-118.41778899959296,34.006486999954078],[-118.41743799996367,34.006692999855446],[-118.41734400025236,34.006748999655528],[-118.41738199988717,34.006801999857814],[-118.41762600028466,34.007109000041545],[-118.41799000033271,34.00756400033189],[-118.41899600026321,34.008812999926455],[-118.41922999971662,34.009102999762128],[-118.41930800043275,34.009061999665761],[-118.41962200025209,34.008898999904005],[-118.42008500003439,34.008645000030818],[-118.42141099963202,34.010324000352426],[-118.42132899961622,34.010370000138806],[-118.42055399966442,34.010803000371013],[-118.42052600007534,34.010818999755998],[-118.41962800009989,34.011319000240512],[-118.41876600010943,34.011809000330906],[-118.41872900029954,34.011829999739724],[-118.41845599958972,34.011984000209779],[-118.41841100028222,34.012009999778051],[-118.41823499965679,34.012109000008778],[-118.417940000104,34.01227599971525],[-118.4170940000071,34.012788000187818],[-118.41691999992982,34.012887000256029],[-118.41573099970124,34.013566000170201],[-118.41571700035584,34.013574000347376],[-118.41520799964448,34.013864000304117],[-118.41470999970211,34.014148999938442],[-118.41374899997746,34.014698999885333],[-118.41372899988598,34.014709999981925],[-118.41276200031356,34.015263000024113],[-118.41177700029947,34.015824000152307],[-118.41176200023087,34.015832000116703],[-118.41085000001169,34.016343999993261],[-118.41083499994309,34.016351999908665],[-118.41012100009064,34.016718999684507],[-118.4095119998202,34.017063999783957],[-118.40949799957649,34.017071999631511],[-118.40879200011996,34.017474999911165],[-118.40877500040155,34.01748399969604],[-118.40867800031714,34.017538999849791],[-118.40808599976512,34.017876999795405],[-118.40691800035125,34.018542999736972],[-118.40686399992458,34.018574000091085],[-118.4057190000769,34.017088000068945],[-118.40557400031197,34.016945999711311],[-118.40553699960373,34.016910000337994],[-118.40545999961083,34.016853999793305],[-118.40522199995947,34.01702599975328],[-118.40500000020161,34.017176999794465],[-118.40465600024503,34.017383999799101],[-118.40452800019852,34.017458000314974],[-118.40401500018751,34.017751000325454],[-118.40379000005663,34.017885000310919],[-118.40352399991784,34.018044000069253],[-118.40340199971909,34.018117000041187],[-118.4030569999376,34.018320000122642],[-118.40251399978938,34.018640999832925],[-118.40241800042824,34.018697999905079],[-118.40179099971611,34.019087999724597],[-118.40119200038973,34.019461000046249],[-118.40068100002856,34.019779000062108],[-118.40047599998914,34.019896999919482],[-118.40051600017212,34.019949000157943],[-118.40044199965396,34.019993000048395],[-118.40128500027615,34.021086999975722],[-118.40060800023363,34.021472000341667],[-118.40047400033933,34.021297999849139],[-118.40055100033223,34.021251000095653],[-118.40024900020842,34.020859999854288],[-118.40015100029915,34.020915999989867],[-118.39949199979996,34.02129400012457],[-118.39910099998771,34.020787000007694],[-118.39899899988046,34.020847999873624],[-118.3989310001084,34.020784000196272],[-118.39885800031348,34.020825999780605],[-118.39879600038918,34.020861999726826],[-118.39819399979143,34.021220999906674],[-118.39745499982463,34.021662000052793],[-118.3975009998554,34.021704999873499],[-118.39753500019056,34.021737999669199],[-118.3974809997639,34.021789000343517],[-118.39835000032537,34.022917000196742],[-118.39748400013696,34.023409000165799],[-118.39700600028605,34.023681000286359],[-118.39704999976868,34.023738999854373],[-118.3965729997427,34.02400999976269],[-118.39575400030827,34.02447499999294],[-118.39565100037613,34.024491999672861],[-118.39554599989584,34.024509999987202],[-118.39480899957884,34.024928999648921],[-118.3947059996467,34.025001999655572],[-118.394594000392,34.025082000294482],[-118.39432099968222,34.02523699968912],[-118.39428600042044,34.025191999653849],[-118.39408399985575,34.025310000175359],[-118.39406200011445,34.0253850003647],[-118.39419699983367,34.025558999923369],[-118.39393700044096,34.025706000158266],[-118.39380299964834,34.025532000156474],[-118.39363699996699,34.025457000096992],[-118.39347899978324,34.025386000247664],[-118.39320699979669,34.025693000238917],[-118.39276199955776,34.02619900021125],[-118.39262199981567,34.026277999849313],[-118.39243199984487,34.026387000020819],[-118.39154399991519,34.02689300032209],[-118.39098099967548,34.027214000367401],[-118.39037099958011,34.027562999674394],[-118.38997999976786,34.027791000334375],[-118.38990699997292,34.027834999881804],[-118.38939300013702,34.028123999658767],[-118.38911500030267,34.028285000034998],[-118.38815399967972,34.028839000072914],[-118.38776000039275,34.029064000019012],[-118.38717100021375,34.029399999810522],[-118.38697500039518,34.029257999950161],[-118.38679899976975,34.02912899999162],[-118.38666200040072,34.029207000041929],[-118.38639600026197,34.028905000059368],[-118.38590599981718,34.029198000011171],[-118.38569599975492,34.029322999774145],[-118.38427300007288,34.030174000103663],[-118.38420600012574,34.030213999855789],[-118.38331999984587,34.030447999777266],[-118.38243399956596,34.030681999797892],[-118.38152200024511,34.030923000130748],[-118.38060199963004,34.031166999968121],[-118.37969299978394,34.03140699985584],[-118.37890600013657,34.031614999953902],[-118.37872000036371,34.031665000094677],[-118.37769099996869,34.031940999775919],[-118.3763689996707,34.032296000039139],[-118.37620899983716,34.032338999682864],[-118.37591900030725,34.032416999760052],[-118.37528400009752,34.03268199997337],[-118.37523200021896,34.032703999970735],[-118.37518399964009,34.032724000369434],[-118.37490800035388,34.032838999964937],[-118.37428800021276,34.033098000107898],[-118.37372800034612,34.033332000264259],[-118.37289899996763,34.033678000362549],[-118.37207999963492,34.034023999794215],[-118.37125000032981,34.034373999900687],[-118.37062299961771,34.034638999956606],[-118.3705740001122,34.034658000125503],[-118.37052700025654,34.034678999836949],[-118.36957700040257,34.03508000034963],[-118.36959800031897,34.035039000144771],[-118.36965600004527,34.034909000271902],[-118.36990399974239,34.034353000113683],[-118.37056400006649,34.032892000256879],[-118.37076699955774,34.032441999970032],[-118.37109600034402,34.031713999653199],[-118.37125100015473,34.031370000103529],[-118.37147600028561,34.030870999916068],[-118.37148299995835,34.030855999662109],[-118.37156999999696,34.030661999662286],[-118.37180299962547,34.030145999744832],[-118.37190100043307,34.029928999814693],[-118.3719239999993,34.029935000279956],[-118.37364299995733,34.030421000076963],[-118.37435199978687,34.02995700024514],[-118.3749590004075,34.029561999832801],[-118.37499200001947,34.029552000005822],[-118.3750000004154,34.029529000101498],[-118.37556600012984,34.029099000354044],[-118.37563200025207,34.02904800035023],[-118.37568599978042,34.029027999829474],[-118.37621999970783,34.028645999772785],[-118.37623899997438,34.02859699993148],[-118.37640300000592,34.028186999907113],[-118.37679499964308,34.02722000028016],[-118.37683200035131,34.027129000192929],[-118.37689599992542,34.026968999721205],[-118.37694000030635,34.026972999922783],[-118.37696399969748,34.026900000122652],[-118.37700899990331,34.026763999746123],[-118.37701200027635,34.026717000041593],[-118.37702899999481,34.026626000159474],[-118.37703599966751,34.026594999768321],[-118.37710000013992,34.026228000256559],[-118.37694799980393,34.026171000029748],[-118.37679200016834,34.026080000306649],[-118.37673799974168,34.026063000200296],[-118.37669300043413,34.026036999724518],[-118.37664300020543,34.026008000358409],[-118.37647599980085,34.025910999711172],[-118.3763689996707,34.02584899988409],[-118.37669699973378,34.02398799974474],[-118.37680999971171,34.023871000263981],[-118.37696100022272,34.023752000073046],[-118.37698100031422,34.023707999897624],[-118.37699899985759,34.023683999995384],[-118.37700300005554,34.023659000183073],[-118.37705900013202,34.02353699998077],[-118.37723400003422,34.023152999956714],[-118.37741899998215,34.022747000089232],[-118.37749599997503,34.02257699964116],[-118.37756899976995,34.022436000193728],[-118.37761099960274,34.022381000234901],[-118.37777600035751,34.022226000091344],[-118.37800099959009,34.022095000023192],[-118.3779520000846,34.022032999641894],[-118.3779520000846,34.021970000036717],[-118.37794899971158,34.021381999977407],[-118.37792699997027,34.021244999760889],[-118.37808000013115,34.021220999906674],[-118.37833500039928,34.021180999638318],[-118.37886099993072,34.021097999989124],[-118.37968199991329,34.020961999993787],[-118.38048299980437,34.020835999891268],[-118.38052899983511,34.020829000335098],[-118.38095599963238,34.020754999779761],[-118.38134700034294,34.020690000094014],[-118.38131499965756,34.020567000151466],[-118.38089000040846,34.020120999803233],[-118.38050799991872,34.019860000360495],[-118.38024000013012,34.019676999990139],[-118.38016999980992,34.019632999935865],[-118.37971899972321,34.019343000327332],[-118.37966600001977,34.019308999645929],[-118.37952799992749,34.019220999877604],[-118.37942800036838,34.019156999718021],[-118.37889699991572,34.018816999736451],[-118.37875999964838,34.018729000202597],[-118.37858800011927,34.018574000091085],[-118.37845800042291,34.018455999883663],[-118.37797300000101,34.018018000115063],[-118.37762599967138,34.017929999752951],[-118.37756700012017,34.017973999945433],[-118.37750699984568,34.0179890002427],[-118.376767000054,34.018018000115063],[-118.37660899987023,34.018021999994012],[-118.37606800027015,34.018035000343751],[-118.37585400000991,34.018048999916317],[-118.37587099972835,34.018188999982605],[-118.3758740001014,34.018229000171843],[-118.37588800034511,34.018464000344622],[-118.37589099981986,34.018519999827205],[-118.37579200008564,34.018516999935663],[-118.37413199967885,34.01843100002062],[-118.37281299975392,34.018363000147289],[-118.37267499966164,34.018357000352957],[-118.37269999977602,34.018299000085371],[-118.37279900040852,34.018095999953708],[-118.37336699977277,34.017061999822005],[-118.37363600028461,34.016572000265008],[-118.37373599984372,34.016375999650343],[-118.37383299992813,34.016150000324835],[-118.37385100036975,34.016108999908319],[-118.37389900005034,34.015973000110165],[-118.37394199970805,34.015835000103188],[-118.37397900041627,34.015696999871892],[-118.37401100020335,34.015557000163405],[-118.3740560004092,34.01527600005182],[-118.37406999975458,34.015133999641634],[-118.37407899997541,34.014851000349637],[-118.37407499977743,34.014708999973195],[-118.37405700023409,34.014496000080129],[-118.37402700009687,34.014284999680171],[-118.37399899960946,34.014144999877004],[-118.37392599981453,34.013867000360143],[-118.37385600039262,34.013663000033759],[-118.37380199996596,34.013528000062955],[-118.37356699978932,34.013011000186196],[-118.37351200043608,34.012887000256029],[-118.37329800017582,34.01244299983783],[-118.37320100009144,34.012223999989011],[-118.37311700042586,34.011982000128093],[-118.37309300013639,34.011913000259845],[-118.37292099970895,34.011918999764973],[-118.37285799995976,34.011920999848137],[-118.37282199997473,34.012587000348589],[-118.37265399974525,34.01574299972571],[-118.37264899972239,34.015839000084931],[-118.36671900044466,34.015622000056801],[-118.36673199996515,34.015381000202346],[-118.36717300000612,34.007088000209876],[-118.36684300029322,34.00707599977185],[-118.36622999982481,34.006351999744098],[-118.36551299959933,34.005876999643533],[-118.36502700025082,34.005554999961483],[-118.36265600036465,34.006316000346864],[-118.36265399981652,34.006350000274438],[-118.36263000042538,34.006395999979503],[-118.36260199993797,34.006441000298295],[-118.36255699973215,34.006483999637346],[-118.36248599958701,34.006525000233779],[-118.36239000022587,34.006583999713243],[-118.36230200036233,34.006650999981183],[-118.36221000030083,34.006738000016867],[-118.36212200043727,34.006848000062739],[-118.3620610003379,34.006952000110509],[-118.36201500030715,34.007061999879191],[-118.36200299971327,34.007110000139782],[-118.36198599999484,34.007174999797869],[-118.36197299957605,34.007290999854497],[-118.36198199979687,34.007483000216382],[-118.36165100025907,34.007558999867342],[-118.36161199990103,34.007570000144348],[-118.36154599977878,34.007599999944766],[-118.36149300007533,34.007638999818411],[-118.36144799986951,34.007690000027132],[-118.36141699990735,34.007752999804588],[-118.3614050002118,34.007816000280059],[-118.36143600017392,34.008331999684465],[-118.35861500002594,34.009057000034041],[-118.35779599969322,34.00913000028703],[-118.35771100020271,34.009134999914458],[-118.35754299997322,34.00914499991304],[-118.35755200019405,34.009092999758607],[-118.35756700026268,34.008906999776251],[-118.35756600043776,34.008720000051902],[-118.35755100036913,34.008547000310507],[-118.3574650001554,34.00783200022785],[-118.3574579995844,34.007635000194966],[-118.35746599998032,34.007438999799433],[-118.35749199991959,34.00724299969621],[-118.35753299992749,34.00705000018214],[-118.35905000021913,34.002003999653255],[-118.35907899963316,34.001906999876198],[-118.35910499957239,34.001784999692198],[-118.35912300001408,34.001631000088729],[-118.35912499966386,34.001477000206044],[-118.35910999959529,34.001321999877817],[-118.35908000035637,34.001169999771307],[-118.35903299960239,34.001019999732662],[-118.3589699998532,34.000872999944299],[-118.35891100030196,34.000761000005639],[-118.35873300002673,34.000488000002044],[-118.3584350001009,33.999917999678573],[-118.35833999966634,33.999704999920404],[-118.35825900037381,33.999488999809067],[-118.35819099970342,33.999270000066382],[-118.35813700017509,33.999047999924386],[-118.35810899968763,33.998900000252128],[-118.35787100003628,33.997469999949935],[-118.35780800028709,33.997165000359253],[-118.35780499991404,33.997144999774029],[-118.3577890000205,33.997151000322454],[-118.35768600008836,33.997223999637853],[-118.35762400016408,33.997245999888491],[-118.35754899982099,33.99727800003982],[-118.35743099982024,33.997336999984668],[-118.35740499988098,33.997349999777654],[-118.35727199981157,33.997434999979255],[-118.35716899987941,33.997514999784627],[-118.35711000032816,33.997569000001633],[-118.35707500016807,33.997601000031295],[-118.3570419996578,33.997638000353099],[-118.35697399988574,33.997713999876709],[-118.35688799967203,33.997834000279532],[-118.35681800025012,33.997960999720576],[-118.35677200021938,33.998072000167348],[-118.3567320000364,33.998208000335865],[-118.35653899969255,33.999376000090543],[-118.35651699995125,33.99949100018501],[-118.35646900027068,33.999676999936952],[-118.35640499979824,33.999860000220401],[-118.35634700007195,33.999995000323302],[-118.35625699966023,34.000171000151816],[-118.35615200007828,34.000339999859733],[-118.35603400007749,34.000503999840966],[-118.35593600016819,34.000621000247087],[-118.35579399987797,34.000771000245528],[-118.35563999989219,34.00091300009931],[-118.35547500003575,34.001045000253995],[-118.3552540001028,34.00119599967163],[-118.35478999959732,34.001496999771383],[-118.35452600000669,34.00168300034391],[-118.35427400011159,34.001881000193507],[-118.35407999994284,34.002050000222837],[-118.3539579997441,34.002160999794739],[-118.3537679997733,34.00234799981228],[-118.35203700011972,34.004066999681825],[-118.35184600032402,34.004230999913943],[-118.35167399989656,34.004357000086081],[-118.35153800035245,34.004445000367305],[-118.35134900020657,34.004553000147737],[-118.35120100006856,34.004625999804368],[-118.3510489997326,34.00469300012761],[-118.35089300009697,34.004753000261132],[-118.35067999966162,34.004823000115053],[-118.35051599963008,34.004866999653345],[-118.35034999994876,34.004903999788958],[-118.35006899974137,34.004949000153623],[-118.34989800003714,34.004966000020367],[-118.34972700033292,34.004974999641853],[-118.34955499990546,34.004978000011889],[-118.3492689996752,34.004964999896927],[-118.34909899979587,34.004946999906224],[-118.34892899991657,34.004921999788777],[-118.34735999974637,34.004653999645768],[-118.34693600032216,34.00458100001326],[-118.3465940000154,34.004535000069779],[-118.34625000005883,34.004504999931264],[-118.34590399955408,34.004489000101358],[-118.34568699981912,34.004486999843131],[-118.34259000038493,34.004498999902339],[-118.34241700013257,34.004506000060175],[-118.34230199960651,34.004514999730418],[-118.34207200035107,34.004542000224653],[-118.3419030002967,34.004572000350038],[-118.34167899999071,34.004623000166553],[-118.34151499995916,34.004669000062378],[-118.34124799999546,34.004761999905149],[-118.34122500042925,34.004771999673977],[-118.34104200013113,34.004849999766726],[-118.34084399976443,34.004950000277312],[-118.34065499961855,34.005061999905088],[-118.34005600029214,34.005464999850496],[-118.3399619996825,34.005525000183276],[-118.33972400003114,34.005657999987953],[-118.33957500006821,34.005730000069633],[-118.33951200031902,34.005756000063478],[-118.33942100008242,34.005795000039264],[-118.33923299976145,34.005863999666182],[-118.33876499995628,34.00603400007261],[-118.33850999968818,34.00614699986977],[-118.3383850000147,34.006211000156107],[-118.33822900037909,34.006301000221143],[-118.33807799986805,34.006397000086146],[-118.33797800030894,34.006468000180206],[-118.33794800017169,34.006489000165189],[-118.3377649998736,34.006650999981183],[-118.33767799983497,34.006736999914246],[-118.33765400044383,34.006763000344421],[-118.33751499962834,34.006915000122405],[-118.33746500029794,34.00697999992974],[-118.33739400015284,34.007069999924504],[-118.33737999990912,34.00709400005595],[-118.33736599966544,34.007118000180576],[-118.3373420002743,34.007178000090185],[-118.33731799998483,34.007218000254589],[-118.33724199981685,34.007319999657724],[-118.33716300017413,34.007423999872131],[-118.33711399977034,34.007481000028676],[-118.33706899956449,34.007532999680869],[-118.33698499989892,34.007613999748678],[-118.33689500038554,34.007691000118534],[-118.33679900012606,34.007762999965919],[-118.33669700001882,34.007827999868866],[-118.33661699965289,34.007874000262717],[-118.33644900032172,34.007952999828731],[-118.3362300000386,34.008041000107134],[-118.33604199971761,34.008115999917003],[-118.33568799971529,34.00825800015005],[-118.33567900039276,34.008109000056706],[-118.33566400032416,34.007949000220073],[-118.33563099981389,34.007709000272278],[-118.33558200030839,34.007469999740138],[-118.33551899966088,34.007234999667205],[-118.33544000001817,34.007001999887628],[-118.33534700013176,34.006772999877647],[-118.33524000000163,34.006547999669714],[-118.33511899962782,34.006329000255079],[-118.33498399990859,34.006115000080861],[-118.33426699968311,34.005109999806699],[-118.33402900003172,34.004776000176967],[-118.33391000020606,34.004624999676871],[-118.33380100042611,34.004501000160275],[-118.33366499998367,34.004359999733296],[-118.33351400037093,34.004221000081415],[-118.33347800038592,34.004189000311527],[-118.33346099976916,34.004173999810128],[-118.33326199957753,34.004016000276145],[-118.33289699970456,34.003759999671992],[-118.33287400013835,34.003743999701669],[-118.3326830003426,34.003588999786906],[-118.33250900026535,34.003429999767732],[-118.33247300028034,34.003392999734686],[-118.33235399955633,34.003267999765285],[-118.33222100038525,34.003112000325963],[-118.33211500008005,34.0029719999741],[-118.33197399961473,34.002755999978589],[-118.33185700033719,34.002542999889869],[-118.33178199999411,34.002379000121856],[-118.33170800037426,34.00218899970411],[-118.33169499995547,34.002149000149942],[-118.33148499989319,34.001491999694288],[-118.33149099974098,34.000006000090529],[-118.33149800031198,33.998411999807963],[-118.33152699972598,33.998328000040814],[-118.3315560000383,33.998247000053752],[-118.33162299998544,33.997585999855978],[-118.33162899983323,33.996333000337778],[-118.33216500030875,33.996330999887476],[-118.33329099988983,33.996326000251138],[-118.33441200034638,33.996320999869674],[-118.33548199985096,33.996316000232696],[-118.33553600027764,33.996313999781997],[-118.33558999980599,33.996316000232696],[-118.33665400036109,33.996310999850699],[-118.33728199999986,33.996307999919239],[-118.33727600015206,33.994919999665761],[-118.33726899958107,33.993076000071461],[-118.33726000025854,33.990824000278181],[-118.33725400041075,33.989474000275067],[-118.33769899975134,33.989469999796327],[-118.33775300017803,33.989466000062187],[-118.33775099962989,33.988984000182811],[-118.33731899980975,33.988986000061239],[-118.33726500028141,33.988986000061239],[-118.3372660001063,33.988527000284947],[-118.3372660001063,33.98849100003703],[-118.337749999805,33.988487000256818],[-118.33985799992544,33.988471999962051],[-118.3419390002817,33.988456999664699],[-118.34247400003397,33.988452999882888],[-118.34247599968381,33.988470999644363],[-118.34248499990463,33.988489000146949],[-118.34249400012547,33.988508000218069],[-118.34249300030055,33.988810000151226],[-118.34248499990463,33.988948000128438],[-118.34248699955447,33.98941500008376],[-118.34296399958043,33.989411000347033],[-118.34392299965526,33.989403999690047],[-118.34485699961573,33.989396000215372],[-118.34611500033961,33.989386999688257],[-118.34904100006955,33.989364000074715],[-118.35044299983515,33.989352999674409],[-118.35163700008664,33.989343000324943],[-118.35268099965195,33.989335000099736],[-118.35268099965195,33.988877000286919],[-118.35268099965195,33.987962000283325],[-118.35268200037518,33.987061000323045],[-118.35268200037518,33.986150000023557],[-118.35268200037518,33.985278999709372],[-118.3526830002001,33.984396000234739],[-118.3526830002001,33.98350400011978],[-118.3526830002001,33.983058999912856],[-118.3546470003805,33.983056000258408],[-118.35470099990886,33.983052999858984],[-118.35475500033553,33.983056000258408],[-118.35532199987487,33.983054999876977],[-118.35579499970289,33.983052999858984],[-118.35584999995447,33.983050000204344],[-118.35590299965793,33.983052999858984],[-118.35687900034949,33.983046999804699],[-118.35780400008915,33.983046999804699],[-118.35785900034072,33.983044000149832],[-118.35791200004418,33.983046999804699],[-118.35840800033671,33.9830449997865],[-118.35846199986506,33.983042000131576],[-118.35851600029174,33.9830449997865],[-118.36008999958649,33.983038999731647],[-118.36014400001318,33.983036999713264],[-118.36019800043984,33.983038999731647],[-118.36120600002015,33.983036000076517],[-118.36126000044683,33.983034000058062],[-118.36131399997518,33.983036000076517],[-118.36237500015726,33.983030999657856],[-118.3633579996232,33.983028999639274],[-118.36341200004989,33.983028000002435],[-118.36346599957824,33.983028999639274],[-118.36448599975245,33.983025000346906],[-118.36540100034465,33.983021999946374],[-118.36545300022317,33.983021000309442],[-118.36557899972155,33.983019000290632],[-118.36621399993128,33.983019999927599],[-118.36652100007797,33.983019000290632],[-118.36753600022926,33.983015999889901],[-118.36843400020473,33.983013000233946],[-118.36926000021016,33.983009999833008],[-118.3702419998512,33.983007000176841],[-118.3704250001493,33.983005999794827],[-118.37056099969344,33.983005999794827],[-118.37075099966421,33.983005000157704],[-118.37170300006636,33.983001999756475],[-118.37169899986839,33.982567000048824],[-118.37169600039365,33.98203700027323],[-118.37180500017361,33.982058000338476],[-118.37180699982342,33.981946000178937],[-118.37180199980055,33.979846999893518],[-118.37180699982342,33.97804799996343],[-118.37180900037156,33.977318000158157],[-118.37286499963245,33.977260000172166],[-118.37440200001559,33.977177000059235],[-118.37564399994763,33.977109999639652],[-118.37681899993252,33.977045999778895],[-118.37701200027635,33.977035000019079],[-118.37715799986624,33.977022000097996],[-118.3771839998055,33.977019999938051],[-118.3773539996848,33.976996999957642],[-118.37739399986778,33.976989000060179],[-118.37762700039461,33.976943999784787],[-118.37795799993241,33.976866999854217],[-118.37819099956089,33.976812999890377],[-118.37920200041258,33.976578999650556],[-118.37937499976664,33.976538999959004],[-118.37981300033285,33.976437999815928],[-118.37997099961828,33.976400999947352],[-118.38013999967269,33.976371000303885],[-118.38034100041244,33.976354999645423],[-118.38046799973574,33.976356999821007],[-118.38051399976651,33.976358000281259],[-118.38163799969777,33.976424000089047],[-118.38272900001706,33.976487999673083],[-118.38390099962889,33.976557000008768],[-118.3845760000216,33.976596999691914],[-118.38508599965955,33.97662700000059],[-118.38524800004124,33.976637000101135],[-118.38541899974547,33.976658000010467],[-118.38553599992134,33.976683000250503],[-118.3857169996713,33.976761000058268],[-118.38611199968152,33.976953000139744],[-118.38640399975954,33.977090000293614],[-118.38652599995829,33.976846999706069],[-118.38660200012629,33.97669600022342],[-118.38658500040785,33.976632999763076],[-118.38673500019567,33.976719000285307],[-118.38671900030215,33.976750000261632],[-118.3866540000048,33.976907000136414],[-118.38705400003791,33.977096999730037],[-118.39100099976696,33.978949000117424],[-118.39091899975119,33.978942000088544],[-118.3915249996486,33.97922699994696],[-118.39183400034341,33.979371999834932],[-118.39197099971243,33.979436000179462],[-118.39209200008625,33.979489999967086],[-118.39225600011778,33.979563999979028],[-118.39262799966347,33.979743999859956],[-118.39308499959797,33.979960999929759],[-118.39309999966656,33.979933999817405],[-118.39354099970754,33.980140999714997],[-118.39465799996611,33.980666000325726],[-118.39590900011898,33.981253000333282],[-118.39681899979001,33.981679999860383],[-118.39764999981828,33.98206999984135],[-118.3976349997497,33.982092999939063],[-118.39756899962744,33.982189999991199],[-118.39836200002091,33.983066999983954],[-118.39846099975513,33.983163999669479],[-118.39836299984582,33.983205000347972],[-118.39627399999195,33.983593000030602],[-118.39603399979245,33.983637999765868],[-118.39577199985165,33.983687999857686],[-118.39562899973647,33.983715000267416],[-118.39556199978934,33.983727999909902],[-118.39508499976336,33.983817999958575],[-118.39489499979258,33.9838539999514],[-118.39494500002129,33.983905000287535],[-118.3950379999077,33.983999999765906],[-118.39526700023659,33.9842319997001],[-118.39560500034537,33.984625999851858],[-118.39585100039265,33.9849129999943],[-118.39627300016706,33.985381999739857],[-118.39649999994775,33.98563199998889],[-118.39653400028297,33.985679999696316],[-118.39664399988781,33.985786000288705],[-118.39706999986016,33.986256000029805],[-118.39806400009508,33.987350000353047],[-118.3982880004011,33.987596999787954],[-118.39844700040973,33.987771999649695],[-118.39866800034267,33.98801500029024],[-118.39873299974168,33.98797399969753],[-118.3987610002291,33.987957000154474],[-118.39896299989546,33.987817999732336],[-118.39900999975112,33.987788999974626],[-118.39918200017858,33.987678000245481],[-118.39944099974633,33.987526999891323],[-118.39949599999792,33.98749200029382],[-118.39973100017457,33.987343999857288],[-118.40001900005464,33.98716199976225],[-118.40045099987478,33.986889000006151],[-118.400549999609,33.98682699998848],[-118.40065400026437,33.986761000064135],[-118.40123900024538,33.986385999927222],[-118.40209700003787,33.986907000098959],[-118.40289899975384,33.987395000333741],[-118.40297499992185,33.987440999875567],[-118.40384199993515,33.987967999990637],[-118.40406899971588,33.988107000167481],[-118.40445100020563,33.988339000063341],[-118.40463299978047,33.988449000100886],[-118.4053089999981,33.988860000179642],[-118.40610800023934,33.989345999757482],[-118.40620299977559,33.989403999690047],[-118.4061400000264,33.989467999929282],[-118.40567300004618,33.989955000054287],[-118.40514900016454,33.990500999845864],[-118.40696699985675,33.991606000003536],[-118.40770900019659,33.992030999847387],[-118.40774299963347,33.992051999677642],[-118.4077800003417,33.992068999891117],[-118.4078160003267,33.992095000342466],[-118.40785599961137,33.992116999686871],[-118.40779000038742,33.992138000240701],[-118.40759700004361,33.992247000300956],[-118.40744800008065,33.992331000122164],[-118.40727800020136,33.992348999807028],[-118.40710900014697,33.9923620003633],[-118.40704300002473,33.992402000057041],[-118.40638799972351,33.992804999738098],[-118.40614599987417,33.992955000131069],[-118.40611900011001,33.992980000046693],[-118.40588700030641,33.992981999831095],[-118.40549800014399,33.993324999769676],[-118.40526499961716,33.993746999931041],[-118.40512900007303,33.993989999870713],[-118.40496699969134,33.994279999673779],[-118.40495900019374,33.994306000193291],[-118.40503299981359,33.994595000161759],[-118.40482399957619,33.994707000037224],[-118.40481199988062,33.994714000257304],[-118.40477099987275,33.994735999668407],[-118.40468600038224,33.994781000206473],[-118.40460900038937,33.994824000234971],[-118.40458299955176,33.994839000153171],[-118.40455199958963,33.994855000311269],[-118.40451899997765,33.994873999703756],[-118.40449600041144,33.994886999873671],[-118.40419900031053,33.995049000219602],[-118.40418900026478,33.995058999642389],[-118.40411200027188,33.995093999847143],[-118.40397599982946,33.995179000071559],[-118.40373200033031,33.995330000234219],[-118.40358099981924,33.995386000078376],[-118.40360900030666,33.995405000096902],[-118.40312499970966,33.995704999630306],[-118.40281500008827,33.995833000250762],[-118.40241000003232,33.996562999672655],[-118.40144099991177,33.998302000007413],[-118.4013739999646,33.998422000324403],[-118.40098399997726,33.999122000036145],[-118.40105799959711,33.999460999754426],[-118.40106699981793,33.999662000128204],[-118.40107600003877,33.999845999883007],[-118.40111399967358,33.999852000240644],[-118.40118200034399,33.999860999659255],[-118.40125000011602,33.999868999638117],[-118.40148799976741,33.99990000010775],[-118.40159400007262,33.999958999721066],[-118.40149000031556,34.000085999708894],[-118.4013100003905,34.000309000295424],[-118.40122699965151,34.000411999981324],[-118.40115100038186,34.00054400016981],[-118.40107900041183,34.000672000201817],[-118.40101099974142,34.000788999631773],[-118.40092200005297,34.000945000358776],[-118.40090899963418,34.001053000121395],[-118.40090199996149,34.001107000323515],[-118.40089000026592,34.001146000199938],[-118.4008390002123,34.00130700035956],[-118.4008030002273,34.001423000239086],[-118.40075299999859,34.001424999824749],[-118.40068500022653,34.00142599998992],[-118.4006629995869,34.001428999740639],[-118.4005439997612,34.001432000236001],[-118.40044800040006,34.001436000151529],[-118.40042499993551,34.001434999986515],[-118.40004800036698,34.001405999663184],[-118.39981599966507,34.00160599973988],[-118.39981300019031,34.00162999992596],[-118.39979200027393,34.001826000322936],[-118.40017499969025,34.002040000133526],[-118.40026699975176,34.002092000138312],[-118.40035799998837,34.00214299995455],[-118.40065199971623,34.002308000332981],[-118.40091000035741,34.002419000312457],[-118.40215999978706,34.003118999853413],[-118.40271499963083,34.003429999767732],[-118.4027680002326,34.003465000247132],[-118.40297300027201,34.003187000020546],[-118.40334800019075,34.002679999752971],[-118.40425299983889,34.001454000141585],[-118.40517299955565,34.000209000278488],[-118.40522399960928,34.000086999889838],[-118.40563000038847,33.999543999703356],[-118.4057170004271,33.999440999709762],[-118.40588899995623,33.999236000283517],[-118.40671900015963,33.999754000055454],[-118.40755299966266,34.000268999855962],[-118.40838799988893,34.000784999685742],[-118.4088220002572,34.001054000290893],[-118.409076999627,34.001212000121875],[-118.40916700003871,34.001095999954131],[-118.40930400030605,34.000918999636887],[-118.40934899961358,34.000859999945696],[-118.40948599988091,34.000682999881356],[-118.40951000017039,34.000655000220291],[-118.40962300014826,34.000523000204282],[-118.40964300023977,34.000499999881505],[-118.40975600021767,34.000571999867482],[-118.41164099985704,34.001771999833174],[-118.41197999979074,34.001989999669235],[-118.41215100039329,34.00209999990706],[-118.41227600006674,34.002179999787465],[-118.41265099998549,34.002419999721191],[-118.41423100002631,34.003433000192395],[-118.41435999989774,34.003662000272058],[-118.41462000018876,34.003189999709079],[-118.41527499959165,34.002002000081234],[-118.4152989998811,34.001960000121251],[-118.41576199966336,34.001130999905911],[-118.41609999977219,34.000516999894053],[-118.41605799993937,34.000498999705421],[-118.41642399963729,34.000260999914723],[-118.41719500028942,33.999759999674836],[-118.41733099983355,33.999671999752785],[-118.41740100015375,33.999626000129581],[-118.41743100029099,33.99960600012372],[-118.4180530000819,33.99920199974234],[-118.41890900022457,33.998153000321281],[-118.41901600035469,33.998036999699934],[-118.41913400035548,33.997928999826513],[-118.41926300022691,33.99783099965709],[-118.41938100022769,33.9977550002382],[-118.41952000014486,33.997677999797268],[-118.41967400013063,33.997608000012931],[-118.41983499978913,33.997549000256249],[-118.42000100036879,33.997503000228214],[-118.42004499985138,33.99749399981507],[-118.42020600040819,33.997462999956923],[-118.42150000021878,33.997314000288782],[-118.42196899984881,33.997259999909623],[-118.4237060002485,33.997071000174309],[-118.42519000002987,33.996908999960098],[-118.42661500026003,33.99675400023375],[-118.42803799994205,33.996599000224599],[-118.42843700015018,33.996556000349699],[-118.42900600023771,33.996511000007025],[-118.43004700032827,33.996428000073749],[-118.43024399997176,33.996412000211905],[-118.43110199976425,33.996380999958944],[-118.43110099993935,33.996363999863469],[-118.43109400026667,33.996316999713251],[-118.43078700011996,33.9942350003599],[-118.43051799960816,33.992409999993541],[-118.43047599977535,33.992124999650208],[-118.43037399966812,33.991429000023409],[-118.43029900022334,33.990916999637761],[-118.43019799994103,33.990233999935938],[-118.43018200004749,33.990125000272734],[-118.42981700017449,33.98983499969529],[-118.4297169997171,33.989755999664396],[-118.43087400015862,33.989191999949973],[-118.4322039999542,33.99108500033708],[-118.43231699993213,33.991246000199112],[-118.43244599980356,33.991429000023409],[-118.4324630004203,33.991453000105437],[-118.43249799968208,33.991480999820176],[-118.43311699999829,33.991984000279388],[-118.43404400028604,33.992735999930154],[-118.43505699988924,33.993557000315441],[-118.43508600020154,33.993580999796407],[-118.43581900032056,33.994175000244617],[-118.437146999568,33.995252999829695],[-118.43717400023051,33.995276000083607],[-118.43797599994649,33.994876000188363],[-118.43878400040857,33.994471999656184],[-118.43954500011671,33.994092000263599],[-118.4396150004369,33.994054999886977],[-118.43970300030043,33.994007999948941],[-118.44040700010711,33.993656999970078],[-118.44119700012753,33.993261999717554],[-118.44194600014009,33.992888000231595],[-118.44205099972207,33.993000000122862],[-118.44212199986718,33.992964000280317],[-118.44456300007357,33.99174500018816],[-118.44694999985327,33.990553000210532],[-118.4470229996482,33.990518999918436],[-118.44707899972468,33.990578999636099],[-118.44717800035721,33.990759000024688],[-118.44721599999203,33.990836000033106],[-118.44810200027193,33.992615999774529]],[[-118.42703500038461,34.090075999697632],[-118.42704100023238,34.09063099980397],[-118.42638500010625,34.090633000262898],[-118.42449999956858,34.090638000294121],[-118.42414499974134,34.090639000151498],[-118.42412899984782,34.090544000252947],[-118.42409799988569,34.090449000247766],[-118.42397900005997,34.090461999910218],[-118.42394899992276,34.090444000205387],[-118.42387899960256,34.090414999804992],[-118.42380800035576,34.090401000275136],[-118.42373800003558,34.090398999810674],[-118.42369200000481,34.090411000364689],[-118.42364799962387,34.090438000302974],[-118.42359200044569,34.090504999809532],[-118.42331799991099,34.090535000037775],[-118.42307500023676,34.090561999936504],[-118.42304400027461,34.090598000036117],[-118.42300300026673,34.090624000057147],[-118.42297899997729,34.090631999661447],[-118.4229720003046,34.090641999723687],[-118.42290600018234,34.090641999723687],[-118.42268500024943,34.090643000325045],[-118.42265599993708,34.090643000325045],[-118.42267900040163,34.093156000363216],[-118.42275399984638,34.093214999847],[-118.42275899986925,34.093347999793423],[-118.4227549996713,34.093528000165541],[-118.4227620002423,34.093953999694889],[-118.42273999960267,34.094315000268622],[-118.42229400043713,34.094272999887451],[-118.42167000009809,34.094272000072927],[-118.42069000010686,34.094271000258452],[-118.42042599961792,34.094265999697903],[-118.42018200011874,34.094269999699996],[-118.41895000023244,34.094268999885436],[-118.41725399984065,34.094267000256359],[-118.41651200039914,34.094265999697903],[-118.41482100003019,34.094264999883301],[-118.41434599965405,34.094264000068691],[-118.41393399992539,34.094268000070933],[-118.41391700020696,34.094225999666378],[-118.41387399965095,34.094148999738536],[-118.41383099999325,34.094095999805454],[-118.41346000027247,34.093742999839691],[-118.41338199955635,34.093674000277147],[-118.41317200039239,34.093500999724952],[-118.41307699995782,34.093414999972488],[-118.41269500036641,34.093000000319556],[-118.41260900015268,34.092917000293603],[-118.41253399980963,34.092856000195752],[-118.41245400034197,34.092798000293676],[-118.41234800003677,34.092733999868173],[-118.41230600020398,34.092711999826982],[-118.41213100030178,34.092626000016843],[-118.41196899992009,34.092478999749815],[-118.41191000036888,34.092367000225188],[-118.41188299970638,34.092244000098319],[-118.41175100036021,34.092249999872791],[-118.41175800003289,34.092321000271255],[-118.41172500042094,34.092549000121338],[-118.41164000003212,34.093110000094107],[-118.41147099997771,34.093495999862832],[-118.409625999623,34.094703999921819],[-118.40943999985016,34.09485899999315],[-118.40918999960492,34.09553799976787],[-118.4092089998715,34.095555000077994],[-118.40924999987936,34.095603999902487],[-118.40939100034467,34.095885000170256],[-118.40941899993378,34.095940000060544],[-118.40948099985805,34.096037999979309],[-118.40950099994954,34.096074999774935],[-118.40950500014749,34.096113000091037],[-118.40949400027684,34.096149999853836],[-118.40946599978943,34.096185000016746],[-118.40942899997954,34.09621099980955],[-118.40937399972793,34.096227999984492],[-118.4092659997729,34.096342999721621],[-118.40918600030525,34.09642900021862],[-118.40905400006079,34.096570000109118],[-118.4088919996791,34.097118999866431],[-118.40864099960892,34.0971469996773],[-118.40873400039365,34.097273000199365],[-118.40881600040942,34.097357000195224],[-118.40906699958127,34.097554000133108],[-118.40905900008367,34.097591000009849],[-118.40908500002293,34.097617000114617],[-118.40910000009154,34.097643000211413],[-118.40910799958914,34.097687999730603],[-118.4090909998707,34.097746000001315],[-118.40906099973346,34.097810000356532],[-118.40903499979422,34.097854999786932],[-118.40898700011364,34.097929000004946],[-118.40895000030372,34.097975999657471],[-118.40893400041018,34.09802099974349],[-118.4089140003187,34.098083000351771],[-118.40891000012074,34.098093000277672],[-118.40890400027294,34.098112000356764],[-118.4088990002501,34.098142000120589],[-118.40889599987702,34.098161000188682],[-118.40888400018147,34.098341999762148],[-118.40887099976268,34.098544999710931],[-118.40887099976268,34.098587999967357],[-118.40887699961047,34.098631000201991],[-118.4088869996562,34.09866600008273],[-118.40889000002926,34.098678999970957],[-118.40889300040232,34.098691000094931],[-118.40892299964123,34.098822000097741],[-118.40900499965699,34.099001000227993],[-118.40901300005289,34.099084999996464],[-118.40897299986995,34.099225000169291],[-118.4089639996491,34.099249000260698],[-118.40892900038732,34.099434999994209],[-118.40893799970982,34.099713000193638],[-118.40898299991569,34.099870000258619],[-118.40905099968775,34.100068999789777],[-118.40905800025875,34.100155999964819],[-118.40903800016724,34.100214000031855],[-118.40898399974061,34.100266000109421],[-118.40880899983841,34.100391999707135],[-118.40878399972404,34.10053799988016],[-118.40875100011206,34.100612999723317],[-118.4087229996247,34.10066000011679],[-118.40866999992122,34.100754000081629],[-118.40862399989048,34.100982000274783],[-118.40862800008843,34.101019999875284],[-118.40866599972327,34.101362999706112],[-118.4086969996854,34.101362999706112],[-118.40869400021069,34.101507999962479],[-118.40825999984243,34.101502000100453],[-118.40742499961615,34.10148899990196],[-118.40732699970685,34.101488000172751],[-118.40723299999553,34.10148899990196],[-118.40712500004048,34.10147299976942],[-118.40620100012578,34.101458000107336],[-118.40541000028043,34.10146100003999],[-118.40537599994524,34.099482000298124],[-118.40535400020393,34.098274999763753],[-118.4053299999145,34.096865999880045],[-118.40532499989163,34.096605999885199],[-118.40531999986877,34.09629999981231],[-118.4044789997947,34.095536000168771],[-118.40419000008968,34.095274000202473],[-118.40312200023494,34.094304000082261],[-118.40241900025313,34.093667000038067],[-118.40237999989508,34.093655999767435],[-118.40234499973496,34.093661000364023],[-118.40231499959775,34.093680999771721],[-118.4023029999022,34.093704000126181],[-118.40228100016091,34.093707000333687],[-118.40221800041169,34.093721000060739],[-118.40213300002287,34.093753000278362],[-118.40206400042592,34.093791000149153],[-118.40198900008284,34.093849999934214],[-118.40193499965615,34.093912999697174],[-118.40183500009707,34.094091999795147],[-118.40179099971611,34.094142000282652],[-118.40173399981471,34.094182000353818],[-118.40167699991331,34.094204999828271],[-118.4016429995781,34.094208999833256],[-118.40160800031633,34.094204000012958],[-118.4015720003313,34.09418600035994],[-118.40154800004186,34.094159999945042],[-118.4014440002848,34.093885000304283],[-118.40142800039126,34.093861000179636],[-118.40139900007895,34.093840000250921],[-118.40136100044413,34.093833000025569],[-118.40132200008605,34.093838999687421],[-118.40129399959865,34.093856000338782],[-118.40127400040549,34.093883999741259],[-118.40122599982659,34.093874999881209],[-118.40097899995439,34.093961999728364],[-118.40088799971778,34.093993999854895],[-118.40089000026592,34.094207000202751],[-118.40090000031168,34.095128999679453],[-118.40091100018233,34.096302000137264],[-118.40092799990076,34.097897999650044],[-118.40095999968781,34.101025000036806],[-118.40101300028955,34.106320000021029],[-118.40103800040394,34.108733000176052],[-118.40103800040394,34.108743999974486],[-118.3986719996423,34.108752000097439],[-118.4000509998417,34.110909999690655],[-118.40007299958302,34.110934999804172],[-118.40005699968951,34.110940999741054],[-118.39988400033545,34.111004999785251],[-118.39977800003025,34.111054000332508],[-118.39968000012094,34.111112999982375],[-118.39920300009494,34.111486999654737],[-118.39843800018889,34.111499000193554],[-118.39809400023232,34.111491999941407],[-118.39795799978988,34.111522999778579],[-118.39768599980331,34.1115819998451],[-118.39764099959747,34.111587999736095],[-118.39720200010464,34.111619000281806],[-118.396706999637,34.111650999681579],[-118.39657899959049,34.111644000185777],[-118.39658399961334,34.112414000006453],[-118.39585600041552,34.112414000006453],[-118.39497099996053,34.112414000006453],[-118.39489200031784,34.112415000350389],[-118.39310600041269,34.112427000013781],[-118.39230999964613,34.112432000244929],[-118.39158300027323,34.112425999670037],[-118.39113999968413,34.112423000126178],[-118.39063800044211,34.109565999729362],[-118.39057399996969,34.109203000227915],[-118.39079099970468,34.108835999855359],[-118.39095800010924,34.108542000337728],[-118.39111499956978,34.108266999828693],[-118.39124099996647,34.107959999873188],[-118.39135999979214,34.107664999886332],[-118.39133200020306,34.1075109998703],[-118.39131499958631,34.107416999973935],[-118.39156300018173,34.107078999942388],[-118.39188899969665,34.10663599996888],[-118.39216400005628,34.106449000029336],[-118.39238099979127,34.106313000084143],[-118.39237400011855,34.106283999914396],[-118.39236300024793,34.106245999702629],[-118.3923420003315,34.106206999800285],[-118.39232100041514,34.106179000011828],[-118.39228500043011,34.106153000306278],[-118.39224400042222,34.106133000126803],[-118.39216900007915,34.106103999895417],[-118.39212499969823,34.106092000078853],[-118.39209999958388,34.106080000260597],[-118.39209899975896,34.10605199968635],[-118.39208500041356,34.105546999984924],[-118.39208100021561,34.105411999760328],[-118.39207199999477,34.105094000330475],[-118.39206399959885,34.105076999705119],[-118.39207199999477,34.102546999906949],[-118.39207899966748,34.100474000100284],[-118.39208100021561,34.099794000007684],[-118.39208399969033,34.099054000065067],[-118.39210499960674,34.099059000342749],[-118.39258900020373,34.09866600008273],[-118.39255700041667,34.098499000138943],[-118.39468100043062,34.096768999961093],[-118.39530700041954,34.096259000207127],[-118.39541200000151,34.096173000281347],[-118.39586700028617,34.096177000193322],[-118.39650599979556,34.096181999897063],[-118.39650400014573,34.095066000077644],[-118.39644899989415,34.095065000272498],[-118.3963540003579,34.095096999982026],[-118.39615400034135,34.095162999716614],[-118.39614299957239,34.09513400018897],[-118.39613400024989,34.09510599971216],[-118.39611199961026,34.095066000077644],[-118.39607700034848,34.095034000356414],[-118.39603100031772,34.095012999974855],[-118.39597400041632,34.095004000234837],[-118.39593300040842,34.095009000007813],[-118.39591400014184,34.095012999974855],[-118.39590699957084,34.09494099979608],[-118.39585300004246,34.094349999702487],[-118.39584999966944,34.093402000019651],[-118.39584399982165,34.091055000072835],[-118.39534300040454,34.091054000220311],[-118.39484999958674,34.091053000367772],[-118.39454499998818,34.091065000085131],[-118.39395400015941,34.091050999918764],[-118.39314099967446,34.091050000066247],[-118.39267899971711,34.091049000213665],[-118.39144199980794,34.091050000066247],[-118.38974200011647,34.091050999918764],[-118.38865699964497,34.091051999771331],[-118.38656100011839,34.091039000199473],[-118.38603999971149,34.0910359998974],[-118.38604700028252,34.09246399998149],[-118.38605099958215,34.092512000272237],[-118.38602100034322,34.092536000035487],[-118.38599600022889,34.092573999708634],[-118.38598700000806,34.092606000359879],[-118.38597100011451,34.092702000009247],[-118.38594099997727,34.092768000123492],[-118.38589599977145,34.09282199997579],[-118.38583800004513,34.092866999826413],[-118.38570599980065,34.092941999772208],[-118.38555600001283,34.092790999982149],[-118.38552800042372,34.092763000218071],[-118.38552900024864,34.092914999888642],[-118.38553000007356,34.09320299969054],[-118.38503600032912,34.093201999863439],[-118.38503799997896,34.093558000066317],[-118.38503799997896,34.093587999956519],[-118.38445999967064,34.093587000133972],[-118.38445999967064,34.093721000060739],[-118.38437799965487,34.093721999881751],[-118.38337000007458,34.093724000267649],[-118.38336900024966,34.093326999737428],[-118.3811830003114,34.093322999690784],[-118.38118199958819,34.092710000161105],[-118.38118099976326,34.092104000280777],[-118.3798810001049,34.092683000203536],[-118.37948799974454,34.092857999858168],[-118.37929699994881,34.092954999795751],[-118.37910699997803,34.093066000201439],[-118.37856499965471,34.093427000098899],[-118.37738499964694,34.094212000022857],[-118.37657700008317,34.094750000068601],[-118.37539100022764,34.095016000135963],[-118.37505300011884,34.09509300001902],[-118.37480100022377,34.095156000344588],[-118.37464499968983,34.095184999864699],[-118.37389800022542,34.095353000198209],[-118.3728529999369,34.095588000145106],[-118.37273599976102,34.095622999796454],[-118.37260000021691,34.095676000261193],[-118.37247200017036,34.095739999949998],[-118.37235199962146,34.095815000325807],[-118.3722429998415,34.095900999871496],[-118.37203500032736,34.096096999685976],[-118.37189200021224,34.096218999629698],[-118.37173599967831,34.096330000218479],[-118.37157400019494,34.096427999685666],[-118.37153999985972,34.096444999817024],[-118.3713969997446,34.096514999884334],[-118.37048799989849,34.09689200020749],[-118.37014300011698,34.097034999634296],[-118.36999199960594,34.097107000263406],[-118.36979900016041,34.097213000045016],[-118.36961400021248,34.09733000023224],[-118.36896099956111,34.097810000356532],[-118.36873999962815,34.09797199983052],[-118.36820200040114,34.097980000228112],[-118.36818399995947,34.097838999711179],[-118.36816999971576,34.097723999775084],[-118.36816800006595,34.097087000177474],[-118.36742099970324,34.097097000221055],[-118.36734200006052,34.097098000002148],[-118.3673410002356,34.096879000044758],[-118.36672000026958,34.096888000329308],[-118.3667210000945,34.097108000044429],[-118.36594600014269,34.097118999866431],[-118.36445800016337,34.097138999944796],[-118.36300600016902,34.0971590000185],[-118.36165200008399,34.097178000307231],[-118.36164100021334,34.094535999787993],[-118.36154099975592,34.094534999976581],[-118.36154199958081,34.094455000148926],[-118.36034700040275,34.094446000349592],[-118.35925600008346,34.094439000174347],[-118.35816599958906,34.094431000185899],[-118.35707599999299,34.094423000196741],[-118.35666400026435,34.094420000014608],[-118.35603200042767,34.094416000019606],[-118.35506099975896,34.094408999841889],[-118.35499800000977,34.094408999841889],[-118.35459499960365,34.094405999659259],[-118.3539080004137,34.094400999850606],[-118.35281799991931,34.094392999858556],[-118.35172800032322,34.09438499986576],[-118.35063000033125,34.094376000058972],[-118.35007299993931,34.094372000061895],[-118.34953700036212,34.094368000064563],[-118.34910399981874,34.094364999880533],[-118.34832100036934,34.094359000255963],[-118.34790600026763,34.094356000071564],[-118.34715800008003,34.094349999702487],[-118.3462340001653,34.094343000263237],[-118.34517200015833,34.094335000265716],[-118.34462700036029,34.09432999970894],[-118.34408599986187,34.094327000267427],[-118.3433820000552,34.094328000081305],[-118.34338100023027,34.092567000122514],[-118.34338000040535,34.090698999758473],[-118.34338000040535,34.090220999949238],[-118.34340100032175,34.090215000030952],[-118.34340100032175,34.090204999918257],[-118.34340100032175,34.090184999689313],[-118.34338999955277,34.090167999788591],[-118.34338799990296,34.088927999923968],[-118.34339299992583,34.088895000236235],[-118.34400499967103,34.088894000358202],[-118.34405900009772,34.088892999736231],[-118.34615600034751,34.088909000015178],[-118.34622999996732,34.088909999892991],[-118.34866299977779,34.088929999679166],[-118.34870399978568,34.088929999679166],[-118.34964399959391,34.088938000187511],[-118.34980599997563,34.088939000065018],[-118.34983100008998,34.088939000065018],[-118.35111599967973,34.088949000327268],[-118.35223600031134,34.088957999967079],[-118.35280200002578,34.088962000220043],[-118.35280200002578,34.088707999778897],[-118.35280000037596,34.087129000100582],[-118.35323300002099,34.087131999797137],[-118.35427300028667,34.087139999731399],[-118.35531400037728,34.087149000307548],[-118.35635399974464,34.087158000138707],[-118.35739499983522,34.087166000070503],[-118.35843599992582,34.087174999899901],[-118.35947600019148,34.087183999728289],[-118.36051599955887,34.087191999657641],[-118.3613290000438,34.08720000033022],[-118.36144299984662,34.087201000228212],[-118.3615120003419,34.087201000228212],[-118.36206700018569,34.08720000033022],[-118.36221899962334,34.087197999790163],[-118.36270099967219,34.087190999759493],[-118.36271200044115,34.088786999950891],[-118.36326700028494,34.088778000292855],[-118.36326899993477,34.088970999858482],[-118.36378699996862,34.08896300009723],[-118.36484300012781,34.088947999705901],[-118.36590299958665,34.088932000178346],[-118.36644300026013,34.08892399966944],[-118.36644200043524,34.08872499997279],[-118.36642999984134,34.087138999832696],[-118.36659600042101,34.087137999933908],[-118.36696100029401,34.087132999695982],[-118.3680249999508,34.087116999825376],[-118.36908799978271,34.087100999951751],[-118.36993499970453,34.087087999773225],[-118.37009500043644,34.087085999974512],[-118.37023299963036,34.087084000175743],[-118.37023199980544,34.086759000256258],[-118.37023199980544,34.086611000312146],[-118.37023000015566,34.0856090003102],[-118.37030399977547,34.085606999732555],[-118.370980999818,34.085597999736542],[-118.370980999818,34.085459999925327],[-118.37172300015784,34.085449000076302],[-118.37248499969084,34.0854380002258],[-118.37248600041409,34.085754999943696],[-118.37248899988882,34.087049999869443],[-118.37249399991168,34.088837999730835],[-118.37249800010963,34.090256000331834],[-118.37307399986983,34.090247999948112],[-118.37317400032724,34.090149000158036],[-118.37327200023653,34.090051999980957],[-118.37370099968362,34.090046000050677],[-118.37370099968362,34.089963999969541],[-118.37413000002901,34.089957000167622],[-118.3742339997861,34.089954999692715],[-118.37423100031137,34.089829000180067],[-118.37422899976323,34.089759999658916],[-118.37422799993831,34.089708999690437],[-118.37432800039576,34.089706000085179],[-118.37475699984283,34.08969900026193],[-118.37475699984283,34.089425000135577],[-118.37518600018825,34.089418000289093],[-118.37527900007466,34.089286999866424],[-118.37538299983171,34.089139999752874],[-118.37575799975045,34.089134999633181],[-118.37575799975045,34.088996999635285],[-118.37628400018022,34.088988999876499],[-118.37640899985371,34.088921999914099],[-118.37695100017699,34.088630000158254],[-118.37700600042859,34.084848999854209],[-118.37703300019275,34.083040000194586],[-118.37661999974088,34.083032999820219],[-118.37649599989231,34.083058999932433],[-118.37633900043181,34.083067000251525],[-118.37425100040284,34.083098000085855],[-118.3740999998918,34.083099999978757],[-118.37315500006068,34.083113999971886],[-118.3721990003589,34.083128999908787],[-118.37124000028406,34.08314299989712],[-118.37030200012566,34.083156999883137],[-118.37030100030074,34.083112000079311],[-118.37029899975261,34.08205700030603],[-118.37029799992769,34.081499999866239],[-118.37029399972974,34.080168999824537],[-118.37107100022969,34.080167999843496],[-118.37121000014686,34.080167999843496],[-118.37212800021379,34.080165999881359],[-118.37315199968762,34.080162999938025],[-118.37372800034612,34.080161999956857],[-118.37420899967174,34.080160999975696],[-118.37419699997618,34.081260999628157],[-118.37420199999904,34.082018999632467],[-118.37524999976233,34.082010999958342],[-118.37524599956438,34.080971000180007],[-118.37526400000601,34.080159000013388],[-118.37588699962188,34.080158000032185],[-118.37654899959577,34.080156000069806],[-118.37706300033,34.080205999859629],[-118.3772480002779,34.080206999840264],[-118.37722700036153,34.080130999791798],[-118.37689299955237,34.078965999931619],[-118.37698499961388,34.078927000107434],[-118.37703700039073,34.078905000198681],[-118.37710799963752,34.078878000302822],[-118.37713399957678,34.078925000115973],[-118.37756700012017,34.078741999952655],[-118.3772199997905,34.07817299997636],[-118.37715200001847,34.077499000129642],[-118.37716700008706,34.076592000229674],[-118.37761700034888,34.076596000322773],[-118.37858700029435,34.076604999787435],[-118.37864800039371,34.076605999810525],[-118.37880200037949,34.076389999748258],[-118.37884199966415,34.076389999748258],[-118.37891299980926,34.076389999748258],[-118.37906500014525,34.076390999773956],[-118.37929799977371,34.076390999773956],[-118.37940099970588,34.076390999773956],[-118.37971100022561,34.076402000055545],[-118.37976999977684,34.076404000106578],[-118.37987400043222,34.076435000147683],[-118.37996599959541,34.07645299985434],[-118.38005699983202,34.076487999975697],[-118.38013200017508,34.076520000010177],[-118.38024699980281,34.076583000019561],[-118.38031799994793,34.0766260002707],[-118.38035099955987,34.0766419998914],[-118.38037599967423,34.076653000140396],[-118.38039999996369,34.07666200034307],[-118.38041199965923,34.076666999711165],[-118.38042300042824,34.076669999778339],[-118.38043400029886,34.076673999867751],[-118.38045600004016,34.076681000023697],[-118.38048299980437,34.076688000179125],[-118.38049700004805,34.076691000245553],[-118.38052899983511,34.07669799965602],[-118.3805480001017,34.07670199974411],[-118.38057700041401,34.07670499981004],[-118.38061000002597,34.07670899989774],[-118.38062799956933,34.07670899989774],[-118.38064600001098,34.076709999919665],[-118.38066500027755,34.076712999985318],[-118.38169299994935,34.076710999941575],[-118.38169399977427,34.076395999902111],[-118.38171200021594,34.076395999902111],[-118.38360899955086,34.076398999978885],[-118.38371999987895,34.076430000021816],[-118.38384100025274,34.076463000103047],[-118.3842799997456,34.076463000103047],[-118.38483700013751,34.076464000127878],[-118.38581600030382,34.076465000152695],[-118.38670300040862,34.076466000177447],[-118.3867949995718,34.076468000227017],[-118.38688400015857,34.076469000251734],[-118.38772400040774,34.076471000301183],[-118.38873199998802,34.076472000325914],[-118.3895959996283,34.076473999631268],[-118.38973299989566,34.076490000024705],[-118.38983699965272,34.076503000342136],[-118.39033999961799,34.076502000317824],[-118.39071799990975,34.07650100029344],[-118.39071399971178,34.075290000076329],[-118.39070899968891,34.073560000346376],[-118.39070500038925,34.072337999688543],[-118.39070399966604,34.072110999810967],[-118.39070399966604,34.072082999905192],[-118.39061099977961,34.072083999981729],[-118.39047900043344,34.072082999905192],[-118.39029500031043,34.072081999828697],[-118.3897010001086,34.072078000266551],[-118.38929699987754,34.07207500003674],[-118.3886879996071,34.072079999675559],[-118.38770199976811,34.072088000287714],[-118.38738499957569,34.072087000211212],[-118.38674400041651,34.072082999905192],[-118.38594600000016,34.072079000343152],[-118.3857169996713,34.072081999828697],[-118.38472199961147,34.072073999960097],[-118.38384600027564,34.072118999676022],[-118.38378099997833,34.072121999904262],[-118.38376400025987,34.072121999904262],[-118.38376199971174,34.071683000347392],[-118.38376199971174,34.0716659997086],[-118.38375900023701,34.070816999972102],[-118.38375500003903,34.069766000005792],[-118.38372800027484,34.069683999633583],[-118.38266899974261,34.069688000052892],[-118.38163699987285,34.069691999727823],[-118.38057300021603,34.069696000146756],[-118.37951299985887,34.06969999982136],[-118.37846199972255,34.069705000344477],[-118.37740300008862,34.069709000018662],[-118.37737799997427,34.069431000262732],[-118.3773749996012,34.06932399981914],[-118.37631699979219,34.069335999639151],[-118.37625400004299,34.069335000274322],[-118.37618200007296,34.069335999639151],[-118.37618200007296,34.069402000107154],[-118.37618899974569,34.069578999721692],[-118.37617399967704,34.069576000147521],[-118.37604099960765,34.069578000359726],[-118.37603599958479,34.069784999744954],[-118.37603499975987,34.069806999790089],[-118.37596600016292,34.069914000367824],[-118.37588699962188,34.070041999949488],[-118.37577799984193,34.070088000100739],[-118.37575500027572,34.070097000256816],[-118.37567599973468,34.069951999775498],[-118.37557500035065,34.069756999814544],[-118.37551699972602,34.069575000041375],[-118.37548099974101,34.069459999664261],[-118.37541499961877,34.069342999657422],[-118.37526800020399,34.069087999788643],[-118.37513599995951,34.068858999903156],[-118.37507599968505,34.06875300034126],[-118.37506399998951,34.068734999742595],[-118.37450900014571,34.067843000176509],[-118.37432599984761,34.067548999659991],[-118.37409499986893,34.067177999713934],[-118.37335900027517,34.065996000011069],[-118.37327200023653,34.065843000240037],[-118.37301699996841,34.065395000236023],[-118.37269499975315,34.064920000216077],[-118.37225799991015,34.064244999680774],[-118.37202699993144,34.063866999681665],[-118.37203000030449,34.063842999979215],[-118.37222899959779,34.062287000296536],[-118.37224399966642,34.062199999906603],[-118.3728680000055,34.061829000354933],[-118.37600100032301,34.059965000073802],[-118.37600600034587,34.059610999752863],[-118.3761639996313,34.059600000267906],[-118.37633600005879,34.05958799981326],[-118.37646300028037,34.059577999805242],[-118.3771689997369,34.059528999972116],[-118.3772680003694,34.059521999887323],[-118.37729400030867,34.060943000036183],[-118.3773300002937,34.062954000070626],[-118.3773749996012,34.062954000070626],[-118.37831899960743,34.062951000261918],[-118.37931000036761,34.062947999708904],[-118.37991500044009,34.062947000268721],[-118.38024400032806,34.062946000084395],[-118.38030000040457,34.062946000084395],[-118.38086100009613,34.062943999715571],[-118.38110399977039,34.062943999715571],[-118.38119300035716,34.062943999715571],[-118.38126000030429,34.06294300027534],[-118.38130999963472,34.06294300027534],[-118.38226399968666,34.062939999722055],[-118.38235400009835,34.062939999722055],[-118.38271499977338,34.062939000281837],[-118.3834350003719,34.06293699991285],[-118.38353400010612,34.06293699991285],[-118.38355099982455,34.062194999684706],[-118.38357900031194,34.060926000219212],[-118.38361500029697,34.0593659996551],[-118.38366600035057,34.057099000338539],[-118.38413300033082,34.057099000338539],[-118.38471499993878,34.057099000338539],[-118.38519299978967,34.057098000085141],[-118.38572300041739,34.057096000322588],[-118.38624399992601,34.057093999815699],[-118.38676000031005,34.057093000306544],[-118.38726400010019,34.057092000053068],[-118.38728199964352,34.057092000053068],[-118.38778299995896,34.05709099979957],[-118.3882669996576,34.057090000290323],[-118.38880599960787,34.057087999783342],[-118.38932100016699,34.057087000274052],[-118.38985300044456,34.057084999767],[-118.39029799978516,34.057084999767],[-118.39076300011557,34.057086000020554],[-118.39127500030166,34.057086000020554],[-118.39179599981026,34.057087000274052],[-118.39230100032363,34.057087000274052],[-118.39282799968001,34.057087999783342],[-118.3933199997746,34.057087999783342],[-118.3938620000979,34.057089000036868],[-118.39434900016963,34.057089000036868],[-118.39489399996766,34.057090000290323],[-118.39591199959371,34.05709099979957],[-118.39640899971117,34.057092000053068],[-118.39667499984995,34.057092000053068],[-118.39672900027664,34.057093000306544],[-118.39732799960302,34.057093999815699],[-118.39775500029857,34.057086000020554],[-118.39794799974412,34.057095000069147],[-118.39816399965422,34.057087999783342],[-118.39846099975513,34.057095000069147],[-118.39850000011319,34.057093999815699],[-118.39850000011319,34.057034000217051],[-118.39908000007131,34.057034999726959],[-118.39908000007131,34.057096000322588],[-118.39968099994586,34.057096000322588],[-118.39971299973291,34.057096000322588],[-118.39971699993087,34.057025999672],[-118.3999239996201,34.056865999775205],[-118.40000099961298,34.056807999784539],[-118.400044000169,34.056854999934004],[-118.4000719997581,34.056886999941661],[-118.40020200035276,34.057025000161978],[-118.40024699966028,34.057058000359305],[-118.40028199982039,34.057096999831771],[-118.40042800030857,34.057096999831771],[-118.40078499978561,34.056867000031346],[-118.40090699998436,34.05699699973637],[-118.40075100034875,34.057098000085141],[-118.40127100003244,34.057098000085141],[-118.40158400002689,34.056914999659412],[-118.40167899956313,34.057028999690417],[-118.40155600043781,34.057099000338539],[-118.40173700018774,34.057098000085141],[-118.40188799980049,34.057095000069147],[-118.40221099984066,34.056917999681772],[-118.40227000029024,34.056885999685811],[-118.40237099967426,34.056996000226015],[-118.40218300025158,34.057099000338539],[-118.40246299973576,34.057099000338539],[-118.40247000030676,34.057081999750551],[-118.40277099970731,34.056886999941661],[-118.40292700024128,34.057055000341897],[-118.40302599997547,34.056981000126903],[-118.40326100015211,34.056830999734281],[-118.40336200043444,34.056940000090577],[-118.40345299977271,34.056940000090577],[-118.40345500032086,34.057022999653405],[-118.40399400027111,34.057023999907692],[-118.40399300044622,34.057069000174145],[-118.40399300044622,34.057101000101021],[-118.40454800028999,34.057102000354384],[-118.40509100043819,34.057102999863503],[-118.40565799997755,34.057104000116851],[-118.40592199956821,34.057104000116851],[-118.40592499994123,34.055668000022074],[-118.40590999987262,34.055624000026867],[-118.40592499994123,34.055545000181155],[-118.40593699963681,34.055479000084006],[-118.40595199970544,34.055346000205731],[-118.40595799955321,34.055167000079344],[-118.4059500000556,34.054988000319241],[-118.4059290001392,34.054830000112958],[-118.40571400005406,34.054828999832779],[-118.40545200011321,34.05486099986102],[-118.40536199970155,34.054543999885531],[-118.40528499970863,34.054401999695237],[-118.4055619997181,34.05431200002797],[-118.4055619997181,34.054141000024828],[-118.40569399996255,34.054142000313128],[-118.40612199958474,34.054144999689349],[-118.40595400025357,34.053875999873803],[-118.40588200028354,34.053676999701658],[-118.40581299978825,34.053484999646365],[-118.40572499992471,34.053294000198697],[-118.40566499965026,34.053164000024616],[-118.40557400031197,34.052964000111757],[-118.40589599962891,34.052852999989994],[-118.40610599969122,34.052780999692501],[-118.4062019999507,34.052913999873731],[-118.40632300032449,34.053080999660317],[-118.40706999978889,34.054111999846462],[-118.40710900014697,34.054165999785646],[-118.40853799967677,34.056162000362683],[-118.40855100009556,34.056179999910931],[-118.4093219998494,34.057258000288194],[-118.41064499997228,34.059105999870368],[-118.41069600002592,34.059176999776284],[-118.41076399979798,34.059270999654515],[-118.41103300030981,34.05970000026911],[-118.41155100034366,34.060425000098284],[-118.41220400009671,34.060101000056271],[-118.41416599972901,34.062841000008532],[-118.41351399980083,34.06316499999398],[-118.41366399958866,34.063399999970883],[-118.41375499982524,34.063523000319613],[-118.41392100040491,34.063760999828077],[-118.4140820000634,34.063982000208313],[-118.41421199975973,34.06413900030001],[-118.41427899970689,34.06423299988392],[-118.41434400000423,34.064324000347597],[-118.41622399962074,34.066946000207807],[-118.41631900005528,34.067078999742563],[-118.41725300001576,34.068382999834213],[-118.41709700038015,34.068560000089342],[-118.41697900037936,34.068543000312097],[-118.41639199985021,34.068865999960792],[-118.41641299976662,34.068893000071512],[-118.41671300024059,34.069273000192979],[-118.41738199988717,34.070205999921576],[-118.41767800016316,34.070737000057861],[-118.41833299956608,34.072019000192199],[-118.41844200024435,34.07230999985785],[-118.41846200033582,34.072360999888083],[-118.41865800015439,34.072398999686364],[-118.41901600035469,34.072493999851645],[-118.4196420003436,34.072651999867105],[-118.42037799993733,34.074236999695088],[-118.42068699973383,34.074915999671909],[-118.42072199989391,34.074986999724501],[-118.42092799975825,34.075428000091016],[-118.42183900015249,34.075092999671277],[-118.42254600033223,34.075273000161417],[-118.42328899959868,34.075688999681944],[-118.42316700029828,34.076034000276138],[-118.4228600001516,34.07689800010764],[-118.42282099979352,34.076977000137312],[-118.42276700026517,34.077047999950388],[-118.42285099993076,34.077177999946521],[-118.4228800002431,34.077159999649865],[-118.42292100025097,34.077152000260881],[-118.42296200025883,34.077158000360761],[-118.42299200039608,34.077174999897345],[-118.42304900029748,34.077242000226136],[-118.42319200041261,34.07740799967975],[-118.42324199974298,34.077473999811374],[-118.42329600016969,34.077569000237467],[-118.42332899978166,34.077656999738203],[-118.42334999969805,34.077747999920582],[-118.42337599963732,34.078084000261988],[-118.42339099970592,34.078192000062103],[-118.42342199966805,34.078297999718231],[-118.42363199973036,34.078763999903742],[-118.42347699991967,34.0788129997743],[-118.42360599979106,34.079251000333898],[-118.42366500024063,34.079379999934353],[-118.42382800044724,34.079740000168044],[-118.42322900022255,34.079928000326646],[-118.42302300035821,34.079931000278243],[-118.4228629996263,34.079933000245994],[-118.42278999983138,34.079958999821976],[-118.42278499980851,34.080892000155671],[-118.42275700021943,34.081078000048386],[-118.42273299993001,34.081226999959789],[-118.42277800013582,34.083093000353358],[-118.42436900004731,34.083073999879119],[-118.42435800017668,34.083109000240341],[-118.42492800008907,34.083108000293969],[-118.4252260000149,34.083097000139361],[-118.42624600018908,34.083052000303653],[-118.42696199969134,34.083043999983147],[-118.42696800043744,34.083613999909211],[-118.426972999562,34.084123999958308],[-118.42699100000365,34.085864000290655],[-118.42702799981359,34.089372000220557],[-118.42703100018663,34.089684000001],[-118.42703500038461,34.090075999697632]],[[-118.41759799979724,34.107169999740414],[-118.41760000034539,34.107241000266875],[-118.41759000029963,34.10755600009233],[-118.41759399959929,34.10770799997114],[-118.41758199990373,34.107787999915097],[-118.41754799956853,34.107884999847947],[-118.41754199972074,34.107897000153997],[-118.41749700041323,34.111985000131689],[-118.41749099966712,34.1124970002477],[-118.41670900004262,34.112505000015737],[-118.41662799985177,34.112506000358536],[-118.41613599975716,34.112510999841255],[-118.41607399983289,34.112514000125707],[-118.41604100022094,34.11251200018399],[-118.41604100022094,34.112493999962588],[-118.41604299987075,34.112480999965555],[-118.41606299996224,34.112365999847704],[-118.41605700011446,34.112302000089535],[-118.41603299982499,34.112240000231147],[-118.41599699984002,34.112188000074894],[-118.41592099967201,34.112120000280107],[-118.41588700023514,34.112073999906656],[-118.4158770001894,34.112043999875972],[-118.41586799996855,34.112015999788198],[-118.41586899979347,34.11196400023799],[-118.41514499989529,34.11197200005649],[-118.41506100022971,34.111972999661823],[-118.41407500039071,34.111985000131689],[-118.41411700022351,34.110739000143987],[-118.4139690000855,34.110727000241141],[-118.41178899999503,34.110696999732724],[-118.41180900008652,34.108883000143962],[-118.41067599993441,34.108866999922014],[-118.41048900033667,34.108864000251998],[-118.41005900016637,34.108858000167793],[-118.40973500030127,34.108854000111371],[-118.40974000032413,34.107727999778284],[-118.4097510001948,34.105151999988145],[-118.41402900035995,34.105211999720403],[-118.41490899989375,34.105208000235478],[-118.41500900035118,34.105208000235478],[-118.41569499971621,34.105206000121029],[-118.41638400035262,34.105203000321154],[-118.41739000028309,34.105199000091964],[-118.41742299989507,34.105199000091964],[-118.41745800005515,34.105199000091964],[-118.41741299984933,34.105518000296449],[-118.41741100019949,34.105549000091308],[-118.41740799982644,34.105718000356852],[-118.41740399962849,34.105979000297346],[-118.4174250004432,34.106381999755527],[-118.41744100033669,34.106458999710433],[-118.41752500000231,34.106768999650562],[-118.41755299959139,34.106935999636988],[-118.41757000020816,34.107030999731585],[-118.41759799979724,34.107169999740414]],[[-118.41473200034174,33.984017000100401],[-118.41471200025026,33.984031999691709],[-118.41429600032366,33.984325000314627],[-118.41390499961307,33.984608000020899],[-118.4134190002646,33.984965999668013],[-118.41334100044679,33.984897999813583],[-118.41316999984426,33.984750000073838],[-118.41312899983636,33.98471399971568],[-118.41247600008329,33.984154999666913],[-118.41180599971348,33.983580999997834],[-118.41113600024198,33.983007000176841],[-118.41046099984926,33.982427999749909],[-118.4097949996774,33.981857000033415],[-118.40918200010731,33.981329000358897],[-118.40913400042673,33.981288000265273],[-118.40908599984785,33.981247000151924],[-118.40992799974681,33.980879999800543],[-118.40995700005911,33.980927999956876],[-118.40998700019634,33.980978000152916],[-118.41018100036509,33.981295000100971],[-118.41246100001467,33.980297000362739],[-118.41265799965817,33.980620000096742],[-118.41308700000357,33.981323000182911],[-118.41330799993653,33.981685000358517],[-118.41357599972513,33.982124000190431],[-118.41395099964384,33.982737999788498],[-118.41443699989064,33.983534000225696],[-118.41460699976994,33.983813000330805],[-118.41467899973998,33.983929999886143],[-118.41473200034174,33.984017000100401]],[[-118.36179799967385,34.138852000188791],[-118.36215099985127,34.139028000281058],[-118.3612090003932,34.140664000005572],[-118.36099400030805,34.141039999839563],[-118.36095800032302,34.141136000288341],[-118.36093999988137,34.141221999854267],[-118.36093400003358,34.141290000036932],[-118.3609199997899,34.141832000280054],[-118.36091800014007,34.141928999823747],[-118.360914999767,34.142037999921563],[-118.36126700011953,34.142685999871581],[-118.36113400005011,34.142712000240891],[-118.36115599979144,34.142748999694575],[-118.3593859997798,34.142706000327919],[-118.35937300025934,34.143093999768716],[-118.35919800035714,34.14308899986392],[-118.35892999967022,34.143143000307205],[-118.35876800018681,34.143137999661796],[-118.35824000010724,34.143130999798615],[-118.35762400016408,34.143121999973673],[-118.35650000023281,34.143078000072258],[-118.35523099963829,34.143050999834159],[-118.35500899988044,34.143041000019153],[-118.35392199975909,34.142990000200712],[-118.35383600044366,34.142983000325266],[-118.35205800003611,34.142816000151107],[-118.35155500007087,34.142738999843829],[-118.35052400002603,34.142524999780065],[-118.3501359996885,34.142433000121081],[-118.34952499976822,34.142289000130432],[-118.34846100011143,34.142079999635207],[-118.34760099977079,34.141982000270801],[-118.34705299959973,34.141965000369503],[-118.34617300006592,34.142087000328964],[-118.34518899987673,34.142322999799305],[-118.3450170003476,34.142396999774675],[-118.34322999971924,34.138214000220238],[-118.34381800007328,34.138048000326762],[-118.34402800013555,34.137849000181461],[-118.34407499999122,34.137723999917782],[-118.34420600041081,34.137378000174778],[-118.34442399997069,34.136800999914996],[-118.34438399978771,34.136660000163594],[-118.34421300008349,34.136061000284577],[-118.34517700018117,34.135387999777265],[-118.34557600038936,34.135109000011809],[-118.3456500000092,34.135015999637517],[-118.3458609998964,34.134676999781121],[-118.3461570001724,34.134687999922839],[-118.34656399987816,34.134646000252864],[-118.34648900043342,34.134350999663269],[-118.34671700003905,34.134193000307825],[-118.34671399966602,34.133890999739094],[-118.34723099987495,34.133739000073746],[-118.3476769999388,34.13360799986404],[-118.34777400002316,34.133464999800687],[-118.34746199985365,34.133143999962812],[-118.34845299971551,34.132885000031898],[-118.34847500035514,34.132839999902686],[-118.34865699993,34.132464000018182],[-118.34840500003493,34.131987999924874],[-118.34877499993077,34.131386000035839],[-118.34901599995521,34.131584999784323],[-118.34937199960737,34.132032999764142],[-118.34951200024774,34.132225000197074],[-118.34964100011918,34.132385999836607],[-118.34978699970905,34.132536000236328],[-118.34991499975557,34.132648000123204],[-118.35008700018302,34.132777000127696],[-118.35047899982018,34.133025000032774],[-118.35058799960011,34.133101000169852],[-118.35068899988249,34.133187999831968],[-118.35077900029415,34.133283000181258],[-118.35092599970895,34.133477000194866],[-118.3510200003186,34.133582999761224],[-118.3511480003651,34.13370100030059],[-118.35126499964264,34.13378900017976],[-118.35139100003936,34.133868999990327],[-118.35156400029172,34.133959999961647],[-118.35159500025385,34.133990999741577],[-118.35161100014737,34.134029000127931],[-118.35161100014737,34.134071000104584],[-118.3515919998808,34.134109999798618],[-118.3516139996221,34.134122000101222],[-118.35187700028615,34.134170999894096],[-118.35199799976166,34.134193000307825],[-118.35201700002824,34.134202999682792],[-118.35203200009686,34.134190000048918],[-118.35205499966307,34.134175000240155],[-118.35209400002113,34.134167000291441],[-118.35211900013546,34.134170999894096],[-118.35213599985391,34.134159000341967],[-118.35241700006129,34.134133999658609],[-118.35261200005498,34.1340929998007],[-118.35282200011727,34.134029000127931],[-118.35303300000444,34.133980000252727],[-118.35325999978518,34.133980000252727],[-118.35355100003834,34.134012000113721],[-118.35373799963608,34.134040999698463],[-118.35437799986866,34.134183000188052],[-118.35560100043246,34.134595999910324],[-118.35653200001987,34.134881999685724],[-118.35698899995434,34.135041000059971],[-118.35693299987787,34.135207999986051],[-118.35692500038026,34.135271000179614],[-118.35693299987787,34.135345999711532],[-118.35693899972563,34.135404000186284],[-118.35695200014442,34.135464000020107],[-118.35696300001509,34.135507000097903],[-118.35723099980368,34.136335999637737],[-118.35727400035971,34.136430000106401],[-118.3573010001239,34.136471000317634],[-118.35733799993382,34.136516000000604],[-118.35748299969877,34.13667400021798],[-118.35752200005683,34.136724000074658],[-118.35753100027765,34.136760999919794],[-118.35751899968378,34.137116999732157],[-118.35765699977603,34.13717699983691],[-118.35771399967744,34.137255000058062],[-118.35774200016485,34.137321999666284],[-118.35776999975396,34.137506000347955],[-118.35779200039356,34.137561999990972],[-118.35785599996767,34.137631000190552],[-118.35782800037859,34.137986000014187],[-118.35886600009611,34.138045000204762],[-118.35883699978379,34.138400999812681],[-118.35882000006538,34.138615999946019],[-118.35849000035248,34.138584000341218],[-118.35845199981932,34.138580000203866],[-118.358358000108,34.138564999687198],[-118.35826600004648,34.138543999702904],[-118.35817599963482,34.138516000211403],[-118.35809000031939,34.13848299978973],[-118.35800599975549,34.13844399988308],[-118.35792700011278,34.138398999739699],[-118.35785299959461,34.138349000130589],[-118.35778800019558,34.13829799971063],[-118.35772299989829,34.138249000080009],[-118.35766599999687,34.138200999716318],[-118.35761099974529,34.138150999989989],[-118.35740200040624,34.138276000365579],[-118.35734399978161,34.138311000199671],[-118.3573010001239,34.138392000227448],[-118.35732600023823,34.138414000285884],[-118.35731700001742,34.138433000230307],[-118.35730899962149,34.138446999990975],[-118.35728699988019,34.138489000002572],[-118.35725500009313,34.138547999841954],[-118.35714999961283,34.138744999763439],[-118.35700700039602,34.139014999902372],[-118.35698800012945,34.13904700008743],[-118.35697700025879,34.139066999918164],[-118.35698999977926,34.139076000175038],[-118.35718999979581,34.139214000275871],[-118.35731199999452,34.1392789997658],[-118.35757399993535,34.139385000233709],[-118.35775999970819,34.139435999997545],[-118.35792000044009,34.139464999951656],[-118.35807199987774,34.139481000332225],[-118.35822699968844,34.139486999730678],[-118.35826900041954,34.139344999974554],[-118.35982099997297,34.139344999974554],[-118.35982400034605,34.13915600018548],[-118.35981900032316,34.138749999925302],[-118.36068899981122,34.138730000019542],[-118.3611170003317,34.138744999763439],[-118.36123600015739,34.13876300034476],[-118.36168300004613,34.13882900021305],[-118.36179799967385,34.138852000188791]],[[-118.35835200026023,34.075678000051788],[-118.35837200035171,34.076117999768123],[-118.35766799964668,34.076119999825849],[-118.35756100041489,34.076120999854744],[-118.35756100041489,34.076076000032515],[-118.35756200023978,34.075984000255509],[-118.35756200023978,34.075730000319993],[-118.35756200023978,34.075686000324119],[-118.35835200026023,34.075678000051788]],[[-118.30915000013457,33.737916000135748],[-118.30914199973861,33.737999000035913],[-118.30914000008883,33.738739999941785],[-118.30913699971575,33.738822999791701],[-118.30913500006594,33.738905000050579],[-118.30912099982224,33.741270999833432],[-118.3091190001724,33.741621999976218],[-118.3086820003294,33.741620999750175],[-118.3086820003294,33.741537000139409],[-118.30646100023108,33.741531999750912],[-118.30425699985116,33.741527000109151],[-118.30426100004911,33.740643000146207],[-118.30426299969892,33.740217000255797],[-118.30426400042215,33.739960999805525],[-118.30414800007121,33.739866000339909],[-118.30412499960667,33.73984799963511],[-118.30406900042848,33.739814000202514],[-118.30397399999393,33.739775000265581],[-118.30386900041195,33.73974400005406],[-118.30253899971805,33.739351999810296],[-118.30245099985447,33.739330999733347],[-118.30231100011241,33.739312999663312],[-118.30217700021811,33.739310999904298],[-118.30206300041529,33.739309999651255],[-118.30205900021734,33.740297999687712],[-118.3020569996692,33.740703000181803],[-118.30217100037032,33.740697000254784],[-118.30279300016123,33.74069799974464],[-118.30299400000273,33.740698999981497],[-118.30299099962964,33.741524000174522],[-118.30205400019447,33.741521000239828],[-118.30165499998628,33.741520000012557],[-118.30167500007778,33.74160300016063],[-118.30167500007778,33.742426000189532],[-118.30166699968186,33.743334000172837],[-118.30106099978445,33.743348000069375],[-118.30091500019459,33.743352000146082],[-118.30048900022223,33.743352000146082],[-118.29950800040611,33.743345000198417],[-118.29950400020813,33.744079999799276],[-118.29891199965611,33.744143999711355],[-118.29800700000797,33.744140999868243],[-118.29800799983289,33.744041999758856],[-118.29800500035815,33.743352000146082],[-118.29744999961605,33.743345000198417],[-118.29671400002232,33.743317999861411],[-118.29671800022027,33.742412000142501],[-118.29672200041821,33.741505999817655],[-118.29672700044111,33.740599999634298],[-118.296728000266,33.74029899992918],[-118.29672999991584,33.739693000091307],[-118.29673499993871,33.738785999922513],[-118.29673900013667,33.737878000352723],[-118.29894699981622,33.73787899987542],[-118.30114299980022,33.737867999895855],[-118.30185900020079,33.737872999750884],[-118.30335999970062,33.73790200009968],[-118.30396499977309,33.73790200009968],[-118.30433899986693,33.737897999768812],[-118.30555300020985,33.737900999830252],[-118.30653900004884,33.737900999830252],[-118.30774300034606,33.737914999866497],[-118.30866200023793,33.737922000257271],[-118.30915000013457,33.737916000135748]],[[-118.29921700015298,33.854228999634998],[-118.29922200017585,33.858315000145303],[-118.29703299986453,33.858317000109743],[-118.29704700010826,33.858179000216076],[-118.29704299991026,33.854227000320854],[-118.29704100026045,33.853214000009935],[-118.29703500041268,33.847283999721149],[-118.2990999999771,33.847288999904897],[-118.29921499960481,33.847291999865732],[-118.29921399977992,33.847512000190541],[-118.29920999958195,33.847893999829161],[-118.29920999958195,33.848276999724661],[-118.29920999958195,33.848297999951676],[-118.299212999955,33.8502719997391],[-118.29921399977992,33.851245000269607],[-118.29921399977992,33.851265999767094],[-118.29921399977992,33.851640999729099],[-118.29921600032806,33.853202000251684],[-118.29921600032806,33.853225000097716],[-118.29921700015298,33.854214999958849],[-118.29921700015298,33.854228999634998]]]},"properties":{"NAME":"Los Angeles city"}}]}