{"type":"FeatureCollection","features":[{"type":"Feature","geometry":{"type":"MultiPolygon","coordinates":[[[[-118.0287820000872,33.873322000123018],[-118.02521500029972,33.873344999770829],[-118.02417500003405,33.873351000099561],[-118.02313300011858,33.873356999681953],[-118.02168000029931,33.873373000306643],[-118.0204950002687,33.873373999739549],[-118.02007099994617,33.87337600009711],[-118.01890699983193,33.873382999856474],[-118.01882800018922,33.873381999677804],[-118.01874899964818,33.873381000244933],[-118.01857600029412,33.873385999646594],[-118.01834399959223,33.873384000035124],[-118.01813400042826,33.873386999825215],[-118.01719200007189,33.873393000150976],[-118.01518900043173,33.8734050000553],[-118.01517500018802,33.873407999844652],[-118.01348399981909,33.873414000168957],[-118.01235099966701,33.873419999746922],[-118.01211700021359,33.873423999713928],[-118.01202500015208,33.873424999892158],[-118.01175599964024,33.873428999858938],[-118.01142299955433,33.873431000215199],[-118.01138300026967,33.873431000215199],[-118.01138099972154,33.873461999764402],[-118.01137800024679,33.873487999906921],[-118.01138099972154,33.873532000244793],[-118.01138400009457,33.873566999717667],[-118.01139099976727,33.87389000018468],[-118.01139800033827,33.873920000140593],[-118.01139800033827,33.874496999951162],[-118.01139800033827,33.874536999854193],[-118.01139699961504,33.874641999976596],[-118.01139300031541,33.874686999882975],[-118.01138800029254,33.874731999765622],[-118.01138499991949,33.87476499991314],[-118.01137999989662,33.874809999754618],[-118.01138099972154,33.874844000033512],[-118.01139599979012,33.87505099966225],[-118.01140800038401,33.875228000049155],[-118.01141699970654,33.875320999688199],[-118.0114150000567,33.875763999761404],[-118.01142199972941,33.87594200030987],[-118.01142400027757,33.875999999964286],[-118.01144000017106,33.876507999804801],[-118.01142699975227,33.876957999894913],[-118.01143099995025,33.877367999800548],[-118.01143299960006,33.877651000136169],[-118.01143400032328,33.877730999950202],[-118.01143400032328,33.877768000193065],[-118.01143400032328,33.877785000117925],[-118.0114350001482,33.877857000288351],[-118.0114350001482,33.877899000359712],[-118.01143599997312,33.877928999652219],[-118.01143699979802,33.878000999701158],[-118.01143699979802,33.878084000303701],[-118.01144299964581,33.878564000102301],[-118.01144600001886,33.878790000359047],[-118.01144900039191,33.878975999976156],[-118.01145100004173,33.879191000163139],[-118.01145500023971,33.879527000123261],[-118.0114639995622,33.880151000268135],[-118.01146799976014,33.880431000035514],[-118.01147199995812,33.880713999908231],[-118.01147299978304,33.880811999993249],[-118.01147399960794,33.88084600011819],[-118.01139900016319,33.88084399993572],[-118.01135300013243,33.88084399993572],[-118.0106610000213,33.88084800030056],[-118.01034700020196,33.880849999737144],[-118.00988799971933,33.880853000010596],[-118.00910000024703,33.88085699962928],[-118.00896999965239,33.88085699962928],[-118.00886599989532,33.880857999720341],[-118.00634299967317,33.880873000339342],[-118.00396199974126,33.880887000119209],[-118.00345999960091,33.880891999826957],[-118.00275400014441,33.880894000008311],[-118.0027549999693,33.880915999762429],[-118.00276900021299,33.881117999884204],[-118.00277099986283,33.88124300035507],[-118.00279299960415,33.882664999729307],[-118.00279000012941,33.882867000185023],[-118.0027959999772,33.883196000139705],[-118.00279400032736,33.88329799986122],[-118.00280199982497,33.883709999995901],[-118.00280100000008,33.883887999630467],[-118.00281400041887,33.884911000368142],[-118.00282399956629,33.885538000025477],[-118.00282500028952,33.885785999698065],[-118.00285000040387,33.887940000256179],[-118.00285500042673,33.888161000259707],[-118.0028319999622,33.888161000259707],[-118.00269700024299,33.888162000265154],[-118.00175800025966,33.888166000286937],[-118.00171999972649,33.888166000286937],[-118.00161900034246,33.88816700029232],[-118.00157800033459,33.888166000286937],[-118.00147600022734,33.888166000286937],[-118.00085000023846,33.888172000319187],[-118.0007129999711,33.888174000329805],[-118.00068299983388,33.888174000329805],[-118.00053100039622,33.88817500033516],[-118.00008100013443,33.88817500033516],[-117.99953100031351,33.888179000356267],[-117.99939300022127,33.88817500033516],[-117.9992340002126,33.888182000371998],[-117.99911700003672,33.888184999641886],[-117.99899300018816,33.888185999647106],[-117.99866900032309,33.888188999662525],[-117.99850299974341,33.888187999657397],[-117.99834999958253,33.888187999657397],[-117.99830699992482,33.888181000366785],[-117.99819700031998,33.888184999641886],[-117.99791799976239,33.888187999657397],[-117.99790199986887,33.888187999657397],[-117.99656500040059,33.888197999708325],[-117.99652400039271,33.888196999703297],[-117.9963629998359,33.888196999703297],[-117.99592500016799,33.888190999672801],[-117.99575500028868,33.888199999718388],[-117.99519500042202,33.88820299973338],[-117.99496699991808,33.888204999743323],[-117.99484300006952,33.888204999743323],[-117.99405700024707,33.88821799980672],[-117.99405700024707,33.888287000110054],[-117.99405700024707,33.888419999791637],[-117.99404399982828,33.889378999716897],[-117.99404300000336,33.889469000367988],[-117.99404100035353,33.889708999899923],[-117.99404200017845,33.889771999823672],[-117.99404399982828,33.889861000074525],[-117.99404700020132,33.88995900009251],[-117.99404899985115,33.890021999831603],[-117.99405600042215,33.890239999717686],[-117.99406899994261,33.890601000332303],[-117.99406999976753,33.891090000294028],[-117.99406800011769,33.89115599985454],[-117.99406399991977,33.891190000331328],[-117.99407499979041,33.891444999746554],[-117.99409499988191,33.891799999958629],[-117.99411199960034,33.892312000258414],[-117.99411900017135,33.892498000223682],[-117.99412900021707,33.893443999774881],[-117.99413000004199,33.894547999636657],[-117.99413599988978,33.895513000269538],[-117.99384800000968,33.89550500016928],[-117.99222299976302,33.895507999927332],[-117.99217599990735,33.895499999826676],[-117.99154499989557,33.89550500016928],[-117.99144199996343,33.89550500016928],[-117.99131700028994,33.89550600008868],[-117.99089600034047,33.895513000269538],[-117.99042900036025,33.895510999685285],[-117.99031399983419,33.895507000008017],[-117.99020500005426,33.895504000249936],[-117.99009499955106,33.895508999846705],[-117.98968299982243,33.895494000309895],[-117.9895949999589,33.895489999886166],[-117.98944000014818,33.895484000368697],[-117.9891599997657,33.895486000207917],[-117.98909100016873,33.895487000127481],[-117.98863199968612,33.895488999966645],[-117.98851399968532,33.895489999886166],[-117.98847000020271,33.895489999886166],[-117.98791000033606,33.895492999644752],[-117.98770000027376,33.895494000309895],[-117.98658999968789,33.895500999746069],[-117.98532699983946,33.895508999846705],[-117.98532600001454,33.895543999998324],[-117.98532699983946,33.895602999667538],[-117.98532699983946,33.895714000211022],[-117.98534000025825,33.896715999807583],[-117.98534000025825,33.896726000349979],[-117.98535799980159,33.89835699989645],[-117.98536000034974,33.898978999745381],[-117.98535799980159,33.899058999691533],[-117.98535600015177,33.899292999830138],[-117.98538000044122,33.900259000315415],[-117.98538999958865,33.901126999801754],[-117.98538899976373,33.901386000221649],[-117.98540200018253,33.902518000074267],[-117.98540300000744,33.902586000155964],[-117.98540499965728,33.902766000329635],[-117.98539299996172,33.902766000329635],[-117.98521899988442,33.902764999749834],[-117.98455699991051,33.902763999915607],[-117.98452000010057,33.902763999915607],[-117.98434900039638,33.902763999915607],[-117.98389900013456,33.902767000163834],[-117.98379700002731,33.902767999998076],[-117.98334000009284,33.902771000246226],[-117.98300799983181,33.902773999748668],[-117.98294199970957,33.902773999748668],[-117.98286200024195,33.902773999748668],[-117.98276500015758,33.902773999748668],[-117.98263999958579,33.902775000328376],[-117.98253900020178,33.902775000328376],[-117.98113099969007,33.902782999746513],[-117.98108600038252,33.902782999746513],[-117.97961099992366,33.902790999909492],[-117.97659300013218,33.902809999734373],[-117.97655499959905,33.905388000281469],[-117.97657600041376,33.905919999939243],[-117.97657499969053,33.906405999914355],[-117.97657399986564,33.906690999669408],[-117.97657100039089,33.908754999749753],[-117.97656999966769,33.909479000253384],[-117.97658100043664,33.909761999921542],[-117.97657300004072,33.91008300028075],[-117.97657100039089,33.911204999870066],[-117.97657100039089,33.911423999757382],[-117.97657100039089,33.911694000212428],[-117.97657100039089,33.911968999934629],[-117.97657100039089,33.912150999872814],[-117.97657200021581,33.912753000168124],[-117.97657100039089,33.912850999969798],[-117.97657100039089,33.913033999974708],[-117.97657100039089,33.913189000201136],[-117.97656999966769,33.913204000352344],[-117.97656999966769,33.913274999988701],[-117.97656999966769,33.913691999955979],[-117.97656899984277,33.914086999981038],[-117.97656899984277,33.914466000043014],[-117.97656800001783,33.914861999900289],[-117.97656800001783,33.914883999838445],[-117.97656800001783,33.914939999723074],[-117.97656700019294,33.915229000259885],[-117.97656700019294,33.915360000293887],[-117.97656600036802,33.915534999672289],[-117.97656600036802,33.915623000186656],[-117.97656600036802,33.915698999947843],[-117.97656499964479,33.915925999890199],[-117.97656499964479,33.916074999769968],[-117.97656499964479,33.916134999818105],[-117.97656499964479,33.916256999885007],[-117.97656499964479,33.916321999672157],[-117.97656499964479,33.916344999653766],[-117.97656499964479,33.916375000333538],[-117.97656399981989,33.916542999919415],[-117.97656399981989,33.916746999982976],[-117.97656399981989,33.91682800007009],[-117.97656399981989,33.91685099991512],[-117.97656399981989,33.91691199983061],[-117.97656399981989,33.916983999772413],[-117.97656299999497,33.91703900010112],[-117.97656299999497,33.917213000094016],[-117.97656299999497,33.917231999686116],[-117.97656299999497,33.917257000241527],[-117.97656299999497,33.917279000306799],[-117.97656299999497,33.917313000057661],[-117.97656299999497,33.917333000036272],[-117.97656299999497,33.917344000059828],[-117.97656299999497,33.917357999816645],[-117.97656299999497,33.917368999836917],[-117.97656299999497,33.917417999706799],[-117.97656299999497,33.917505999767513],[-117.97656200017005,33.917707999698628],[-117.97656200017005,33.917866000085894],[-117.97656200017005,33.918044999647037],[-117.97656100034516,33.91821800016902],[-117.97656100034516,33.918385999848475],[-117.97656100034516,33.918555999985735],[-117.97655999962193,33.918853000332348],[-117.97655999962193,33.919048999956409],[-117.97655899979702,33.91919899998031],[-117.97655499959905,33.921431999790464],[-117.97655399977413,33.92162800019058],[-117.97654999957618,33.922889000006471],[-117.97654299990347,33.92448200021586],[-117.97655299994923,33.924671999862632],[-117.97654100025368,33.925273000085937],[-117.97653100020791,33.927633000333564],[-117.97653000038302,33.928034000040142],[-117.97653600023081,33.928166000047334],[-117.97653100020791,33.928254999722085],[-117.97652500036016,33.928363999674467],[-117.97652500036016,33.928513999695397],[-117.97652399963691,33.928664999727978],[-117.97652299981199,33.928830999874421],[-117.97652299981199,33.928922000145164],[-117.97652299981199,33.928996000170848],[-117.9765219999871,33.929269000162584],[-117.97652100016218,33.929560000328806],[-117.97652700000997,33.929627000185278],[-117.97652100016218,33.929706000170832],[-117.97652000033726,33.929896000090785],[-117.97652399963691,33.930300999858822],[-117.97652799983489,33.930701000168661],[-117.97652799983489,33.931820000343215],[-117.97653299985774,33.931866000131023],[-117.97653299985774,33.931878000006769],[-117.97653200003282,33.931926999730273],[-117.97653200003282,33.931951000208208],[-117.97653100020791,33.932030000274089],[-117.97653100020791,33.932045000089587],[-117.97653100020791,33.932090000265681],[-117.97653100020791,33.93210600030595],[-117.97653000038302,33.932186999951497],[-117.97652799983489,33.932405000087059],[-117.97652799983489,33.932431000148021],[-117.97652799983489,33.932512999715009],[-117.97652700000997,33.93261399983664],[-117.97652600018505,33.932917000228187],[-117.97652600018505,33.9330190000953],[-117.97652500036016,33.933083000285642],[-117.97652500036016,33.933160999823748],[-117.97652500036016,33.933277999742316],[-117.97652500036016,33.933342999958832],[-117.97652399963691,33.933371000174432],[-117.97652399963691,33.93345600024012],[-117.97652399963691,33.9334849998924],[-117.97652399963691,33.933547000041045],[-117.97652399963691,33.933736000119517],[-117.97652399963691,33.933799000300887],[-117.97652299981199,33.933858999791454],[-117.97652299981199,33.934042000138007],[-117.97652299981199,33.934103999881117],[-117.97652299981199,33.9341959999457],[-117.97652299981199,33.934472000288345],[-117.97652299981199,33.934563999955337],[-117.9765219999871,33.934627999729855],[-117.9765219999871,33.934823000120481],[-117.9765219999871,33.934887999903061],[-117.9765219999871,33.935055000045601],[-117.9765219999871,33.935557000193675],[-117.9765219999871,33.935724999962325],[-117.97652100016218,33.935838000063917],[-117.97652100016218,33.936177999656429],[-117.97652100016218,33.936292000088301],[-117.97652000033726,33.936369999668244],[-117.97652000033726,33.936604000215269],[-117.97652000033726,33.936682999690994],[-117.97652000033726,33.936761999838708],[-117.97652000033726,33.936998999842103],[-117.97652000033726,33.937078999873563],[-117.97651899961404,33.937103999821417],[-117.97651899961404,33.937182000148127],[-117.97651899961404,33.937208000241135],[-117.97651899961404,33.937251999749861],[-117.97651899961404,33.937387000150089],[-117.97651899961404,33.937431999739076],[-117.97651799978912,33.937517000222748],[-117.97651799978912,33.937774000011764],[-117.97651799978912,33.93786000032182],[-117.97651699996423,33.937940000289558],[-117.97651600013931,33.938064000016567],[-117.97651600013931,33.938659000185076],[-117.97651600013931,33.938713999934329],[-117.97651600013931,33.938802000353618],[-117.97651600013931,33.938858000166526],[-117.97651500031439,33.938901000157635],[-117.97651500031439,33.939032999717206],[-117.97651500031439,33.939076999773327],[-117.97651500031439,33.939098000012294],[-117.97651500031439,33.939163999664977],[-117.97651500031439,33.939186000034667],[-117.97651500031439,33.939231000163367],[-117.97651399959118,33.939304000023526],[-117.97651399959118,33.939522999973597],[-117.97651399959118,33.939596999730739],[-117.97651399959118,33.939843999995276],[-117.97651399959118,33.939918000218626],[-117.97651399959118,33.939985000123706],[-117.97651299976626,33.94002200018214],[-117.97651299976626,33.940111000135992],[-117.97651299976626,33.940123000340392],[-117.97651299976626,33.940161999875073],[-117.97651299976626,33.94017500021279],[-117.97651199994134,33.940244000195143],[-117.97651199994134,33.940451999943889],[-117.97651199994134,33.940521999838218],[-117.97651100011645,33.940592999810647],[-117.97651100011645,33.940808999772017],[-117.97651100011645,33.940880999637365],[-117.97651000029153,33.94092299996538],[-117.97651000029153,33.941049000080028],[-117.97651000029153,33.941091999709748],[-117.97650899956831,33.941116999969744],[-117.97650899956831,33.941195000346312],[-117.97650899956831,33.941220999959057],[-117.97650799974339,33.941295999858234],[-117.97650799974339,33.941522000029131],[-117.97650799974339,33.941597999786957],[-117.97650699991847,33.941665999983421],[-117.97650699991847,33.941873999984182],[-117.97650699991847,33.941943000079974],[-117.97650600009358,33.942020999699729],[-117.97650600009358,33.942259000084981],[-117.97650600009358,33.942338000275612],[-117.97650500026866,33.942386999941874],[-117.97650500026866,33.942537999968124],[-117.97650500026866,33.942587999631542],[-117.97650400044373,33.942700000201896],[-117.97650400044373,33.943038999859048],[-117.97650400044373,33.94315199994162],[-117.97650299972052,33.943206999769238],[-117.97650299972052,33.943375000093113],[-117.97650299972052,33.943431999981264],[-117.97649500022291,33.943694000296766],[-117.97650100007068,33.943829000170197],[-117.9765019998956,33.943948999877897],[-117.97650100007068,33.944000000298615],[-117.97650500026866,33.94424500027187],[-117.97650100007068,33.945637000246293],[-117.97650100007068,33.945910999870435],[-117.97649799969766,33.946050000240092],[-117.97564900012598,33.94604900016855],[-117.97441100039192,33.946047000025381],[-117.97273199971856,33.94604399981062],[-117.97105899979128,33.94604100034099],[-117.97071400000981,33.946041999667393],[-117.97061399955236,33.946042999739014],[-117.9698200002323,33.94604599995381],[-117.96798999994621,33.946051000311613],[-117.96790000043283,33.946055999923907],[-117.96785000020409,33.946055999923907],[-117.96770100024122,33.946055999923907],[-117.9676519998374,33.946055999923907],[-117.96757599966942,33.946055999923907],[-117.96729299981219,33.946055999923907],[-117.96718599968207,33.946055999923907],[-117.96695700025154,33.946055999923907],[-117.96686299964189,33.946056999995371],[-117.96679900006778,33.946056999995371],[-117.96669100011275,33.946058000066806],[-117.96664900027996,33.946058000066806],[-117.96645500011118,33.946056999995371],[-117.9655320000214,33.946054999852386],[-117.96477700016109,33.946053999780908],[-117.96116299961963,33.946061000281077],[-117.96019100002434,33.946062999678638],[-117.95921799970581,33.946065999892781],[-117.95808700010184,33.946066999964124],[-117.95652299995452,33.946068000035453],[-117.95436499960537,33.946071000249361],[-117.95428900033569,33.94606900010676],[-117.95319999966621,33.946070000178068],[-117.95314399958974,33.946070000178068],[-117.95301600044152,33.946070000178068],[-117.95271400031773,33.946070000178068],[-117.95213600000943,33.946071000249361],[-117.95208099975784,33.946071000249361],[-117.95200100029018,33.946071000249361],[-117.95128499988962,33.94607200032064],[-117.95054300044811,33.94607200032064],[-117.95045600040946,33.94607200032064],[-117.95002000039135,33.946072999646745],[-117.94942000034173,33.946072999646745],[-117.94879600000266,33.946073999717996],[-117.94782500023227,33.946076999931698],[-117.94773900001856,33.946075999860483],[-117.94762699986555,33.946075999860483],[-117.94698300033332,33.946074999789246],[-117.94669999957779,33.946075999860483],[-117.94663500017876,33.946075999860483],[-117.94610000042648,33.946075999860483],[-117.94597700040285,33.946075999860483],[-117.94587899959524,33.946075999860483],[-117.94574499970093,33.946075999860483],[-117.94531100023099,33.946076999931698],[-117.94433899973735,33.946078000002913],[-117.94415499961434,33.946078000002913],[-117.94359300009786,33.946078000002913],[-117.94327500008055,33.946078000002913],[-117.94315899972959,33.946078000002913],[-117.94255200000728,33.946079000074107],[-117.94191900034568,33.946080000145294],[-117.94184700037567,33.946080000145294],[-117.94178399972817,33.946080000145294],[-117.94146400006102,33.946080000145294],[-117.94125700037179,33.946080000145294],[-117.9408840001029,33.946080000145294],[-117.94083399987419,33.946080000145294],[-117.94071300039867,33.946080000145294],[-117.94027200035769,33.946080000145294],[-117.9401679997023,33.946080000145294],[-117.93969200039957,33.946080000145294],[-117.93896000010547,33.946080000145294],[-117.93791700036505,33.946081000216473],[-117.9375049997381,33.946081000216473],[-117.93748100034696,33.946081000216473],[-117.93743600014112,33.946081000216473],[-117.93669899982415,33.946081000216473],[-117.9350359999426,33.946082000287689],[-117.93437700034177,33.946081000216473],[-117.93427799970925,33.946081000216473],[-117.93421900015801,33.946081000216473],[-117.93393799995063,33.946081000216473],[-117.93390399961544,33.946081000216473],[-117.93309500022676,33.946081000216473],[-117.93304599982295,33.946086999898107],[-117.93223900008411,33.946081000216473],[-117.93186599981522,33.946081000216473],[-117.93176799990589,33.946081000216473],[-117.93168000004236,33.946081000216473],[-117.93162300014096,33.946080000145294],[-117.93148400022379,33.946081000216473],[-117.93141200025376,33.946081000216473],[-117.93096600018994,33.946081000216473],[-117.93080700018126,33.946081000216473],[-117.93015600007801,33.946082000287689],[-117.92987200039589,33.946082000287689],[-117.92968099970187,33.946081000216473],[-117.92957000027209,33.946082000287689],[-117.92914799959938,33.946082000287689],[-117.92872300035025,33.946079000074107],[-117.92847599957973,33.946080000145294],[-117.92741600012089,33.946082000287689],[-117.92705100024791,33.946082000287689],[-117.92666000043565,33.946081000216473],[-117.92622299969433,33.946080000145294],[-117.92581500016367,33.946079000074107],[-117.92573300014787,33.946080000145294],[-117.92537300029777,33.946082000287689],[-117.92485400043901,33.946082000287689],[-117.9248400001953,33.946082000287689],[-117.92436300016932,33.946082000287689],[-117.92394399986969,33.946082000287689],[-117.92345299959999,33.946082000287689],[-117.92323800041316,33.946082000287689],[-117.92317800013871,33.946082000287689],[-117.92245599989032,33.946082000287689],[-117.92160999979342,33.946081000216473],[-117.92106800036842,33.946081000216473],[-117.9204480002273,33.946081000216473],[-117.91998999956961,33.946081000216473],[-117.91972699980388,33.946081000216473],[-117.91955899957439,33.946081000216473],[-117.91956000029761,33.946423000024318],[-117.91956000029761,33.946676000244238],[-117.91956000029761,33.946878000301083],[-117.91956000029761,33.947071000088378],[-117.91956000029761,33.947300000001874],[-117.91956000029761,33.947566999858509],[-117.91956000029761,33.947595999920871],[-117.91956000029761,33.947635999810856],[-117.91929199961069,33.947581999917716],[-117.91873699976691,33.94747400002862],[-117.91857000026064,33.947440999704007],[-117.91849599974248,33.947426999675308],[-117.91795400031751,33.947320999702796],[-117.9177710000194,33.947284999893],[-117.91766800008723,33.947265000240463],[-117.91731200043507,33.947194999929273],[-117.91686499964801,33.947108000047784],[-117.91664500043831,33.947064999730891],[-117.9164189995842,33.947021000077378],[-117.91619199980346,33.946976999655902],[-117.91597099987052,33.946934000018025],[-117.91573200039424,33.946887000111694],[-117.91562500026411,33.94686600030375],[-117.91562899956374,33.947005999919291],[-117.91561600004329,33.94700499985899],[-117.91558699973095,33.947002999738345],[-117.91485399961195,33.946961000174447],[-117.9138929998873,33.946751999871829],[-117.91359499996149,33.946688000268374],[-117.9133010002336,33.946631000324871],[-117.91181400007918,33.946353999833825],[-117.91183499999556,33.946283000195002],[-117.91189299972189,33.946075999860483],[-117.91141499987101,33.946068000035453],[-117.91046599984192,33.946063999750066],[-117.90950099991932,33.94606000020967],[-117.90926499991778,33.94606000020967],[-117.90845999982874,33.94606200035247],[-117.90745300007333,33.94606000020967],[-117.90641700000562,33.946059000138249],[-117.90444699997742,33.946056999995371],[-117.90244900036015,33.946054999852386],[-117.90157300012604,33.946052999709416],[-117.9008530004258,33.946052999709416],[-117.90054899975388,33.946052999709416],[-117.89847699961844,33.946059000138249],[-117.89436599985784,33.946071000249361],[-117.89376699963314,33.946062999678638],[-117.89036399987721,33.946044999882211],[-117.88814399960376,33.946074999789246],[-117.88694000020486,33.94604900016855],[-117.88431900007346,33.945993999941528],[-117.88237199961148,33.945951999879753],[-117.88010399965746,33.945905000176388],[-117.87745199956387,33.945847999708604],[-117.87599000042214,33.945816999647299],[-117.87278099993664,33.945747999710782],[-117.87195300028139,33.945730999923043],[-117.87015899998029,33.945834000163089],[-117.86956300012865,33.945868999767704],[-117.86880200042053,33.945915000163062],[-117.86836899987716,33.945940999824693],[-117.86591500015032,33.946090000111397],[-117.86299699991798,33.946265999768947],[-117.86196500004822,33.946329000366617],[-117.86027500040252,33.946430999815981],[-117.8577530000053,33.946584000251285],[-117.85562999981623,33.946712000311614],[-117.85345800012168,33.946843000366151],[-117.85196900031747,33.946932999956879],[-117.85051399995007,33.946926000273649],[-117.84961900034766,33.94692099996724],[-117.84865199987691,33.946915999660604],[-117.845974999669,33.946902000290748],[-117.84522700037968,33.946899000106121],[-117.84335199988776,33.946889000235117],[-117.84309099977185,33.946887000111694],[-117.84180500035717,33.946872999991925],[-117.84163600030278,33.946871999930053],[-117.8386390004277,33.946836999992648],[-117.83707100008243,33.946819999677196],[-117.8353579999722,33.946800999978102],[-117.83069599966747,33.946793000221213],[-117.83026499967225,33.946793000221213],[-117.82438399990001,33.946787999907038],[-117.82001299984844,33.946784999718403],[-117.81894800036672,33.946784999718403],[-117.81726399967046,33.946771000327011],[-117.81486799966994,33.946757000188114],[-117.81416800006123,33.9467529999351],[-117.80863500044354,33.946701000354757],[-117.80413299997237,33.946658999896634],[-117.80394499965141,33.946657999832247],[-117.80392899975786,33.946657999832247],[-117.8004940002149,33.946627000065959],[-117.80031099991677,33.946626000001196],[-117.79664500039512,33.946620999677172],[-117.79518500000488,33.946619000292706],[-117.79506399963105,33.946619000292706],[-117.79403500013434,33.946618000227851],[-117.79284199970779,33.946617000162995],[-117.79186699973943,33.946615000033233],[-117.79153600020166,33.946601999933712],[-117.79014399958346,33.946543999866897],[-117.79014500030669,33.946524000040291],[-117.78959299993765,33.946521999908342],[-117.78514400006826,33.946339000303418],[-117.78325199985788,33.946261000168988],[-117.78314700027589,33.946260000099926],[-117.78309399967412,33.946260000099926],[-117.78307500030586,33.946260000099926],[-117.78326600010159,33.946395999697238],[-117.78328700001798,33.946410999962829],[-117.78365799973875,33.946678000372586],[-117.78460500011801,33.947362999834247],[-117.78744899983218,33.949416000100996],[-117.78837199992201,33.950083000194091],[-117.79355100043568,33.953822000157423],[-117.79358499987255,33.957895000170808],[-117.79359099972031,33.958573999956279],[-117.79361800038282,33.961980999657548],[-117.79363799957601,33.964556000326361],[-117.79366699988832,33.968135000209088],[-117.79379099973686,33.968137999644966],[-117.79379099973686,33.968112999872567],[-117.7944679997794,33.968128999846968],[-117.7944679997794,33.968175999940563],[-117.7951239999055,33.968187000101366],[-117.80227500009718,33.968304000301529],[-117.80244499997649,33.968308000286413],[-117.80245800039528,33.969214999639675],[-117.80246000004512,33.969419999966057],[-117.80246900026593,33.97007599977573],[-117.80247199974067,33.970264999947091],[-117.80248400033457,33.971255000048295],[-117.80252600016736,33.974571000087863],[-117.80253899968784,33.975550999741415],[-117.80077799989702,33.978499999651866],[-117.79885200024975,33.981724000211386],[-117.79691400000864,33.984970999972838],[-117.79623899961592,33.986099999890456],[-117.79586600024537,33.98672299988128],[-117.79413100039383,33.989627000012355],[-117.79337599963517,33.990893000149107],[-117.79119700026793,33.994538999796241],[-117.79111000022932,33.994677000151562],[-117.79108000009208,33.994732999681339],[-117.79095399969536,33.994944999747958],[-117.79050099995885,33.995704000142553],[-117.78781200005534,34.000204000125585],[-117.7860400003939,34.003167000108483],[-117.7855130001392,34.004049999635079],[-117.78517000000751,34.004624999676871],[-117.7850329997402,34.004854000266036],[-117.78162300031154,34.004823000115053],[-117.77975000036776,34.004803999968928],[-117.77880800001134,34.004797999961106],[-117.7787259999956,34.004796999835641],[-117.77632099977424,34.004775000051239],[-117.77231100029597,34.004737999859366],[-117.77145900035129,34.004730000339094],[-117.77031799980325,34.004719999820615],[-117.77024500000832,34.004718999694212],[-117.77005500003754,34.004718000312529],[-117.76999899996105,34.004718000312529],[-117.76775799977122,34.004694000254311],[-117.76752500014268,34.004694999636278],[-117.76709199959933,34.010500000371707],[-117.76704599956859,34.011192999972927],[-117.76711800043691,34.012065999794871],[-117.76722700021686,34.013567000192396],[-117.76756299977755,34.018165999976922],[-117.76762999972469,34.019101999868077],[-117.76765400001413,34.019385999833759],[-117.76765400001413,34.019605999772807],[-117.76765499983905,34.020849999746446],[-117.76765700038719,34.021954999698359],[-117.76765900003697,34.023224000185159],[-117.76765700038719,34.023507999760369],[-117.76763100044789,34.023508999665445],[-117.76659299983203,34.023346000092914],[-117.76623299998195,34.023289000163956],[-117.7648710003993,34.023077000118263],[-117.76091899974907,34.02246200028371],[-117.75940400000553,34.022226000091344],[-117.75807000001198,34.022106999827557],[-117.75787099982037,34.022074000175323],[-117.75676000030789,34.02190000017233],[-117.75644700031344,34.021853999932262],[-117.75595100002091,34.021770000271076],[-117.75552400022362,34.021705999799821],[-117.75534099992552,34.021671000138255],[-117.75524399984116,34.021649000258542],[-117.75516699984827,34.021632000009092],[-117.75457000017168,34.021499999839911],[-117.75455199973003,34.021495000196111],[-117.75443899975211,34.021476000057859],[-117.75432499994929,34.021457999844586],[-117.7537270004478,34.021374999721701],[-117.75346899980666,34.02133999992369],[-117.75202000018537,34.021137000363638],[-117.75198900022323,34.021131999953901],[-117.75189700016172,34.021117000212001],[-117.7518670000245,34.021112999734385],[-117.751706000366,34.02108799990927],[-117.75155099965698,34.021041999973626],[-117.75127899967042,34.020971000153523],[-117.75035999977855,34.020836999827829],[-117.74886000010369,34.020577000292647],[-117.74883699963912,34.020572999789593],[-117.74789000015819,34.02041999995005],[-117.74661700026402,34.020216999678802],[-117.74654399957078,34.020205000351751],[-117.74648699966936,34.020197000054893],[-117.74641600042256,34.020184999980501],[-117.7463410000795,34.020173999848772],[-117.74625300021594,34.020158999937557],[-117.74617100020018,34.020145999913112],[-117.74608400016156,34.020131999941817],[-117.7460049996205,34.020118999913237],[-117.745960000313,34.020112000297935],[-117.74541700016478,34.020023999872961],[-117.74537799980672,34.020018000196039],[-117.74505800013959,34.019965999999854],[-117.74498500034464,34.019954999839747],[-117.74468900006865,34.019907000139654],[-117.74438500029501,34.019858999667854],[-117.74434199973899,34.019852000031115],[-117.74431300032501,34.019847000290191],[-117.74409499986679,34.019810999913474],[-117.74406599955449,34.019808000067506],[-117.74400000033054,34.019798999784513],[-117.74366999971936,34.019756999692007],[-117.74353199962708,34.01973899985871],[-117.74303500040794,34.019675000089741],[-117.74228300002237,34.019557999875317],[-117.74050299996497,34.019282000124399],[-117.7400190002663,34.019205999797997],[-117.73986000025766,34.019181000155832],[-117.73951499957782,34.019121999749949],[-117.73939199955417,34.019102999825066],[-117.73688099992592,34.018714000036027],[-117.73621999977692,34.018612000173405],[-117.73609900030144,34.018594000097359],[-117.73598299995045,34.018575000054298],[-117.73584599968314,34.018554000080123],[-117.73559399978804,34.01867799992332],[-117.73534400044109,34.018799999664374],[-117.73523800013591,34.018852999790155],[-117.7340410004097,34.019443000150225],[-117.73331099976539,34.019803000324053],[-117.73188899990832,34.020511999726025],[-117.73171700037918,34.020589000311681],[-117.7316629999525,34.020614000283722],[-117.73153200043126,34.020678000089255],[-117.73133700043759,34.02077400007942],[-117.73129100040683,34.020797000123011],[-117.73012499974445,34.021371000000805],[-117.72997400013173,34.02224300022182],[-117.72969700012229,34.023846999663306],[-117.72963199982496,34.024219000021318],[-117.72957599974846,34.024545999859953],[-117.7295640000529,34.024620999979959],[-117.72951499964908,34.024900999792919],[-117.72947500036443,34.025138999763747],[-117.72944199985416,34.025330000083393],[-117.72942000011284,34.02545999974329],[-117.72941599991489,34.02547899973419],[-117.7293399997469,34.025920000090572],[-117.72928600021855,34.026290999679048],[-117.72897300022413,34.027896999746901],[-117.72897300022413,34.027924000250344],[-117.72895800015547,34.028037999799672],[-117.72895800015547,34.028121999957349],[-117.72867600012319,34.02976999998701],[-117.72867600012319,34.029835000163267],[-117.728649000359,34.029917000371867],[-117.7286280004426,34.030040000163943],[-117.72861900022178,34.030092000143448],[-117.72860300032826,34.030187999907405],[-117.72858499988658,34.030289000177667],[-117.72829000033381,34.031994999689474],[-117.72805599998206,34.033353000304004],[-117.72802599984485,34.033533999899277],[-117.72801099977625,34.03363100002111],[-117.7279949998827,34.033724000148908],[-117.72791799988981,34.034165999866858],[-117.72787400040721,34.034359000266072],[-117.72774800001049,34.035146999715849],[-117.72773999961458,34.035190000147821],[-117.72762300033703,34.035867000042579],[-117.72750799981097,34.036527999998327],[-117.72736999971875,34.037325999800053],[-117.72735899984809,34.037388999915244],[-117.72730799979445,34.037532999790116],[-117.72661700040656,34.039448999962225],[-117.72659700031507,34.039506000201506],[-117.72651500029929,34.039731999858979],[-117.72640300014628,34.040041999924789],[-117.72639800012344,34.040057000043326],[-117.72619300008401,34.040625000197061],[-117.72601200033404,34.041127999862333],[-117.72558299998865,34.042317000244068],[-117.72524300023001,34.043260999839774],[-117.7250509997111,34.043795000319747],[-117.72475699998321,34.044608000289351],[-117.72466400009679,34.04486500017542],[-117.72442899992016,34.045517000189029],[-117.72439999960785,34.045597000092002],[-117.72401399981845,34.046669000293349],[-117.72358700002118,34.047855000054675],[-117.72335500021761,34.048497999935933],[-117.72324700026256,34.04879899978021],[-117.72242000043222,34.051092000260304],[-117.72202500042202,34.052178000103432],[-117.72143299987,34.053826000173693],[-117.72069800010118,34.055860000342797],[-117.71939199969673,34.059480000110661],[-117.71935200041206,34.059583999661399],[-117.71930100035843,34.059736000091846],[-117.71806500027415,34.063174000141252],[-117.71776499980021,34.063996999812559],[-117.71773399983805,34.064082999675044],[-117.71713499961335,34.065745999755684],[-117.71672100023487,34.066894999894402],[-117.71647500018759,34.067577000320107],[-117.71632600022465,34.067917999962695],[-117.71613399970572,34.068355000184617],[-117.71526000001971,34.070344000033252],[-117.71513799982098,34.070620999675981],[-117.71469699978,34.071626000161785],[-117.71354000023679,34.074260000123083],[-117.71330300041033,34.074799999803858],[-117.71282399983625,34.075891999634486],[-117.71250499999398,34.076618000087208],[-117.71241799995536,34.076815999942404],[-117.71227900003818,34.077130999907979],[-117.71200899970144,34.077750999949451],[-117.71196400039392,34.077847000073348],[-117.71183299997435,34.078148999861924],[-117.71180299983712,34.078216000164353],[-117.71156299963762,34.07871200001015],[-117.71123200009981,34.079396999769003],[-117.71119600011481,34.079477999678332],[-117.71117000017554,34.079535999777072],[-117.71069999982224,34.080633000180612],[-117.71056900030099,34.080904999797461],[-117.71018599998634,34.081763000014831],[-117.71010700034363,34.081947000306471],[-117.71009200027504,34.081980999685818],[-117.7096889998689,34.082917999857592],[-117.70957300041624,34.083186999739084],[-117.70923399958421,34.083974999936245],[-117.70906100023018,34.084364000231517],[-117.70864500030356,34.08529900023337],[-117.70820799956225,34.086280999776704],[-117.70782299959777,34.08714499996892],[-117.70743900035653,34.088024000085632],[-117.70705199984396,34.088910999770839],[-117.70704299962308,34.088933000055889],[-117.7069580001326,34.089124000261556],[-117.70692899982028,34.089313000290161],[-117.70690899972878,34.089352999667391],[-117.70684900035265,34.089491999699895],[-117.70681300036765,34.089575000108219],[-117.70676700033688,34.089679999782213],[-117.70672399978088,34.089779000120686],[-117.70612899975411,34.09113099998779],[-117.70584599989689,34.09177100005008],[-117.70547699982596,34.092607000194086],[-117.70490000024087,34.093952999876606],[-117.70471699994276,34.094408999841889],[-117.70457200017779,34.094764000367057],[-117.70449299963678,34.094955999869384],[-117.70445199962889,34.095054000183609],[-117.70435600026775,34.095290000019212],[-117.70431400043496,34.095387999946773],[-117.70399600041762,34.09616600024895],[-117.70278200007466,34.099130000236691],[-117.70273100002106,34.099253000027282],[-117.70261899986805,34.099534000081668],[-117.69962899966571,34.106825000315204],[-117.69888999969888,34.108628999982635],[-117.69864600019973,34.109224999701063],[-117.69862399956013,34.109277000191199],[-117.69852999984877,34.109508000122567],[-117.69852999984877,34.10953699993091],[-117.69844000033541,34.109749999834513],[-117.69829999969502,34.11008400035297],[-117.69824399961853,34.110216000194299],[-117.69819900031099,34.110315999936958],[-117.69757800034498,34.111832000149299],[-117.69757199959886,34.111843999895456],[-117.69753700033709,34.111930999863262],[-117.69686799979218,34.113562000273291],[-117.69499200037365,34.118140000069658],[-117.69471899966385,34.118807000192703],[-117.69452500039341,34.119280000089972],[-117.69405099984216,34.120435999883433],[-117.69356299994553,34.121627000284306],[-117.69341099960957,34.121997000136922],[-117.6927660002524,34.123567999721139],[-117.69250500013652,34.124204999981956],[-117.69230799959469,34.12468299968053],[-117.69221399988336,34.12491399992291],[-117.69161899985662,34.126364999775937],[-117.68988499982999,34.13058099965766],[-117.68963600030794,34.131187999940636],[-117.68917099997755,34.13231799992468],[-117.68823600019216,34.134591000246189],[-117.68679900026645,34.138122000328529],[-117.68555099958833,34.142486000252035],[-117.68545600005208,34.142820000087866],[-117.68512299996614,34.143983999672415],[-117.68443500005299,34.146390999707222],[-117.68436100043314,34.146652999693586],[-117.6843160002273,34.146808999668416],[-117.6842740003945,34.146957999809068],[-117.68343499997029,34.149893000245704],[-117.68339399996239,34.150037999812227],[-117.68326400026606,34.150487999881314],[-117.68322200043326,34.150638000114981],[-117.68310299970926,34.151050999699144],[-117.68246099982684,34.15325799969299],[-117.68243300023774,34.153356000101276],[-117.68240599957525,34.153446000042244],[-117.6823450003742,34.153656999635295],[-117.68227599987891,34.153890999786526],[-117.68218200016759,34.154218000188855],[-117.68213600013682,34.154375000164016],[-117.6817129996392,34.155827000264367],[-117.68110699974183,34.157000000347175],[-117.67992000006134,34.159278000176926],[-117.67871400011433,34.161575000189217],[-117.678500999679,34.161993000079235],[-117.67812099973739,34.163513999879811],[-117.67807300005681,34.163709999820234],[-117.67786499964436,34.164536999658814],[-117.67779799969719,34.164798999843931],[-117.67777299958284,34.164900999871996],[-117.67773499994803,34.165052999962093],[-117.67770599963568,34.165172999839832],[-117.67766100032817,34.165354999886368],[-117.67757099991648,34.165722000171336],[-117.67746999963414,34.166103999692723],[-117.67715499998988,34.167377000332586],[-117.67699099995833,34.168215000159677],[-117.67693300023201,34.168206999718194],[-117.6766720001161,34.169243000043991],[-117.67499699964073,34.17588199998854],[-117.67437800022283,34.178334999750781],[-117.6739530000754,34.180022999867973],[-117.67021700023354,34.195026999681382],[-117.66961600035899,34.197211999746436],[-117.66948599976435,34.197729000189966],[-117.66918399964055,34.198925999704919],[-117.66891400020212,34.200010999758867],[-117.66886499979833,34.200170000091987],[-117.66886099960035,34.200181999922698],[-117.6687019995917,34.200814000234139],[-117.66812500000661,34.203097000268357],[-117.66807399995298,34.203300999734203],[-117.66689200029542,34.208003000066917],[-117.66678400034039,34.208434000352767],[-117.66562400042409,34.213021999712794],[-117.66548299995878,34.213584999860672],[-117.66438900016476,34.217907999983332],[-117.66430299995105,34.218247999733826],[-117.66415800018609,34.21882600024621],[-117.66404500020816,34.219270000051843],[-117.66377700041956,34.220334000000925],[-117.66328399960173,34.222288999853177],[-117.66263199967358,34.224867999744262],[-117.66247900041101,34.225470000033681],[-117.6619220000191,34.227680999903264],[-117.66139599958933,34.229759999687175],[-117.66123999995372,34.230378999838329],[-117.66073000031578,34.232393000089665],[-117.66028400025193,34.234158000201731],[-117.6601970002133,34.23450199976358],[-117.66016500042628,34.23463199971134],[-117.65984499986082,34.235945000335221],[-117.6598160004468,34.236063000364737],[-117.6595000000793,34.237367000038795],[-117.65936100016214,34.237959999990956],[-117.65938999957613,34.237982000086689],[-117.65940299999492,34.237989999850043],[-117.6594359996069,34.238008000057384],[-117.6594719995919,34.238028000200714],[-117.65945400004853,34.238061000315454],[-117.6593710002079,34.23821800021161],[-117.65925599968183,34.238225999952526],[-117.65904099959668,34.239085000013269],[-117.6590060003349,34.239221999630068],[-117.65907300028206,34.23930399967351],[-117.65910800044215,34.239472999656051],[-117.65893799966452,34.239479999696329],[-117.65872099992953,34.240341999784839],[-117.65799200000848,34.243226999990121],[-117.65736900039265,34.245687000250676],[-117.65731599979088,34.245899000308164],[-117.65696699981143,34.247282000331417],[-117.65661299980908,34.248684999743311],[-117.65633499997475,34.249779000175948],[-117.65587999969009,34.25158400014729],[-117.65406700002075,34.258757999766132],[-117.6533950000011,34.261414999715171],[-117.6531349997101,34.262437000253399],[-117.65301199968643,34.262922999933096],[-117.65299400014308,34.262993000107819],[-117.6529239998229,34.263276999646138],[-117.6523320001692,34.265612000158185],[-117.65214499967313,34.266355000123191],[-117.65164799955568,34.268319000187972],[-117.65113700009282,34.270340000213736],[-117.65096600038859,34.271012999855166],[-117.65062099970878,34.272383999861241],[-117.65013000033743,34.274322000277046],[-117.64964699956535,34.276232000014176],[-117.64946199961742,34.276959000133736],[-117.64934299979174,34.277432999810259],[-117.64858299990853,34.280439999953295],[-117.648094000187,34.282367999853761],[-117.64781299997961,34.283482999668543],[-117.64637400040408,34.289170000130227],[-117.64643999962797,34.289965999932107],[-117.64692400022498,34.295875000027905],[-117.64702700015715,34.297128999798403],[-117.64709999995208,34.298016999843682],[-117.64728400007509,34.300265999641617],[-117.64748099971858,34.302676999973222],[-117.64758200000091,34.30390899994353],[-117.64799499955448,34.308949999857106],[-117.64824499979974,34.311998000138189],[-117.64857899971058,34.316073999655607],[-117.64892299966716,34.320273999836559],[-117.64925900012614,34.324378999734137],[-117.64960399990765,34.328593999830758],[-117.64966400018211,34.32933700003889],[-117.64969400031931,34.329691999653512],[-117.64971000021285,34.32989200016452],[-117.64976100026645,34.330509000031348],[-117.64989699981059,34.332160999996141],[-117.6500940003524,34.334574000353186],[-117.65030199986656,34.337107999908831],[-117.65045400020252,34.338962999775603],[-117.65045900022538,34.339024999860733],[-117.65047900031688,34.339256000324767],[-117.65067400031053,34.341638999863036],[-117.65072399964095,34.342251999995639],[-117.65087299960385,34.344068999694954],[-117.65107599999345,34.346540999734501],[-117.6512900002537,34.349151999794202],[-117.6514810000494,34.351474999663829],[-117.65167600004307,34.353857999774526],[-117.65186600001387,34.356170000347291],[-117.65196599957299,34.357394000133731],[-117.65206199983244,34.358562999919016],[-117.65206900040344,34.358638000210739],[-117.65211899973387,34.359250000260737],[-117.65216999978747,34.359874999966877],[-117.65218300020626,34.360040000013377],[-117.65224599995545,34.360809000268148],[-117.65226100002408,34.360989999803643],[-117.65233999966681,34.361943000255039],[-117.65237599965181,34.362385999719301],[-117.65243400027644,34.36308700012097],[-117.65244699979694,34.363258000296035],[-117.65251299991915,34.364060000268232],[-117.65252899981269,34.364253999935045],[-117.65258999991205,34.364995000212033],[-117.65261599985132,34.365305000325044],[-117.65264500016364,34.365703999763049],[-117.65266899955475,34.365962000122046],[-117.65268500034662,34.366165000302985],[-117.6528259999136,34.367865000085381],[-117.6528960002338,34.368726000006866],[-117.65297800024959,34.36972399966826],[-117.65313399988517,34.371622999994791],[-117.65327199997745,34.373309999685361],[-117.65331499963514,34.373841000363406],[-117.65340500004683,34.374928000195823],[-117.65354099959094,34.376586000176637],[-117.65386199998132,34.380492000103558],[-117.6540009998985,34.382190000272146],[-117.65411700024946,34.383608000330611],[-117.65427500043319,34.385519000271621],[-117.65445100016029,34.387660000047418],[-117.65467700011611,34.390419999964898],[-117.65506000043074,34.395079999940805],[-117.6552129996933,34.396953000052484],[-117.65523500033291,34.397221999720806],[-117.65525299987628,34.397442999884255],[-117.65565299990936,34.402298999666385],[-117.65574599979578,34.403436000023675],[-117.65594300033759,34.405838000309672],[-117.65623700006546,34.409418999988617],[-117.65630999986038,34.410310999857735],[-117.65646999969397,34.412254999913863],[-117.65655000005989,34.413234000055205],[-117.65674300040375,34.415579000184557],[-117.65682200004647,34.416543000046538],[-117.65688899999361,34.417359000331956],[-117.65694800044317,34.418064000179982],[-117.65700500034457,34.418769999683477],[-117.65702100023812,34.418964999720693],[-117.6571280003682,34.420259000063801],[-117.65718500026964,34.420957000180969],[-117.657282000354,34.422135999671561],[-117.6573729996923,34.423236999824375],[-117.65742200009609,34.423842000278299],[-117.65746300010397,34.424336000348923],[-117.65753699972385,34.425236999734558],[-117.65755500016547,34.425456000065665],[-117.65757400043205,34.425694000147203],[-117.65759500034845,34.425950999816848],[-117.65759799982318,34.425986000099954],[-117.65760299984606,34.426046000339511],[-117.65761399971669,34.426178999704248],[-117.65764499967885,34.426557000214466],[-117.65767399999116,34.426901999758698],[-117.65770199958027,34.427245999791594],[-117.65770900015127,34.427336000260112],[-117.65772199967175,34.427492999767018],[-117.65773699974035,34.427664000291465],[-117.65781100025852,34.428585999630457],[-117.65783700019779,34.428889999639132],[-117.65803100036653,34.431241999697107],[-117.6580499997348,34.43147700030822],[-117.658232000208,34.433689000239021],[-117.65842399982861,34.4360270001836],[-117.65862100037042,34.438430000299761],[-117.65866499985306,34.438967000012532],[-117.65879799992243,34.440580000230064],[-117.65880399977023,34.440650999792368],[-117.65899000044136,34.442916999865773],[-117.65908699962743,34.444100999820051],[-117.65913600003122,34.444691000339219],[-117.65918299988691,34.445265999717485],[-117.65922999974256,34.44583900014792],[-117.65927499994841,34.446377999814757],[-117.65939100029937,34.447797000252429],[-117.65944599965262,34.448461000358577],[-117.65949500005642,34.449066999762124],[-117.65951299959977,34.449280999640308],[-117.65952299964553,34.449394999690774],[-117.65953699988923,34.449567999931567],[-117.65952799966841,34.449575000233501],[-117.65954000026228,34.449598999782694],[-117.65954799975988,34.44970199968337],[-117.65955399960767,34.44977299964166],[-117.65963599962345,34.450772000271755],[-117.65966499993573,34.451130000170458],[-117.65966699958557,34.451229000312296],[-117.65966699958557,34.451291000251594],[-117.65967300033165,34.451605000073648],[-117.65970599994363,34.452063000013887],[-117.65972600003511,34.452345000325728],[-117.65975699999724,34.452768999753658],[-117.65975199997438,34.452877000207351],[-117.65974699995151,34.452988999789596],[-117.65973299970778,34.453273999934048],[-117.65973299970778,34.453286999917417],[-117.65972900040816,34.453357999791024],[-117.65973000023308,34.453428000348019],[-117.65973400043103,34.453983999767878],[-117.65973500025595,34.454023000121168],[-117.65973600008087,34.454242999816536],[-117.65973600008087,34.454268000233462],[-117.65973600008087,34.454327000180307],[-117.65973699990576,34.454371000301862],[-117.65973799973068,34.454482000118318],[-117.6597389995556,34.454594999753198],[-117.65974000027882,34.454650000280559],[-117.65974000027882,34.45471699981006],[-117.65973799973068,34.454874999703868],[-117.65973799973068,34.455006999873483],[-117.65973799973068,34.455045999748947],[-117.65973799973068,34.455126000139337],[-117.65973600008087,34.455138999834453],[-117.65973600008087,34.455665999843752],[-117.65973600008087,34.455908999645516],[-117.6597389995556,34.456101999767597],[-117.65974899960135,34.456925000186104],[-117.65975100014947,34.457013999844357],[-117.6597529997993,34.457208000326922],[-117.6597529997993,34.45724999976877],[-117.65975600017235,34.457713000328454],[-117.65976100019522,34.458209000040931],[-117.65976399966995,34.458575000131724],[-117.65979399980716,34.45986400013669],[-117.65979700018025,34.460220999658191],[-117.65979999965495,34.460656000329386],[-117.65980499967782,34.461298000330764],[-117.65979700018025,34.461958000169659],[-117.65980300002803,34.461967999857777],[-117.65979399980716,34.462325000011077],[-117.65979200015737,34.462523000296883],[-117.65977999956348,34.46368999998176],[-117.65977500043893,34.4641380001286],[-117.65977500043893,34.464174999705911],[-117.65978100028671,34.46468700030016],[-117.6597889997843,34.465493999926906],[-117.65979999965495,34.466781999917295],[-117.6598010003782,34.466962999846992],[-117.65980499967782,34.468362999825665],[-117.65981899992153,34.469147000161868],[-117.65982700031745,34.469589000343376],[-117.65982800014237,34.4696650001789],[-117.65984900005874,34.470985999868454],[-117.65984900005874,34.471192999885893],[-117.65984900005874,34.471240999881054],[-117.65984999988366,34.47142700015678],[-117.65984999988366,34.471441999838483],[-117.65985099970858,34.471782000292947],[-117.65985099970858,34.471949999709913],[-117.65985099970858,34.472138999945805],[-117.65987699964785,34.473201000046821],[-117.65987800037109,34.473240000309978],[-117.65988000002088,34.473317000282336],[-117.65988000002088,34.473332000364849],[-117.65986800032533,34.474703000224416],[-117.65986999997517,34.474810999705127],[-117.6598730003482,34.47496199968414],[-117.65987400017312,34.475017999861919],[-117.65987400017312,34.475043999720128],[-117.65988300039396,34.475449000025378],[-117.65989500008951,34.476078000158715],[-117.65990099993731,34.476853000181514],[-117.65990099993731,34.476882999813078],[-117.65990299958712,34.477156000334276],[-117.65990500013525,34.477360999696231],[-117.65991600000591,34.478045999853222],[-117.65993000024962,34.478795999640134],[-117.65996600023462,34.479360000139224],[-117.65997100025749,34.480089000070699],[-117.65997100025749,34.480098999808092],[-117.65997600028037,34.48063499997329],[-117.65997600028037,34.481904000158693],[-117.65997600028037,34.481941999660599],[-117.65997600028037,34.482035000141813],[-117.65997700010529,34.482310999789036],[-117.65997700010529,34.482380999763677],[-117.65997899975513,34.482960999938435],[-117.65997999958002,34.483515999987667],[-117.65997999958002,34.483686000224587],[-117.65997999958002,34.484111000041665],[-117.65997999958002,34.484210999945304],[-117.65997999958002,34.484835000338173],[-117.65997700010529,34.485150000226575],[-117.65997200008242,34.485622000244469],[-117.65997100025749,34.485681000244057],[-117.65996700005954,34.486052999681718],[-117.65996600023462,34.48612599977475],[-117.6599650004097,34.486185000158237],[-117.65996600023462,34.486282999849628],[-117.65996700005954,34.48644200031282],[-117.65996700005954,34.486557000309922],[-117.65996799988446,34.486618999927089],[-117.65996799988446,34.486668999871412],[-117.65996799988446,34.486727000272772],[-117.65997000043259,34.48736200029262],[-117.65997200008242,34.487589000309072],[-117.65997200008242,34.487693000312497],[-117.65997299990734,34.487783000068383],[-117.65997600028037,34.488053999816387],[-117.65997600028037,34.488170999714079],[-117.65997999958002,34.488598000264467],[-117.65998399977796,34.48930599963856],[-117.65998799997594,34.489959000228474],[-117.65998999962575,34.490269000017022],[-117.65999200017392,34.490529000312527],[-117.65999499964863,34.490945999979509],[-117.65999800002167,34.491279999954259],[-117.65999899984659,34.491422999705158],[-117.65999899984659,34.491475999835302],[-117.65999499964863,34.493189000278726],[-117.65999299999881,34.493726999761698],[-117.65999299999881,34.494316000265925],[-117.66000100039473,34.494639999855487],[-117.66000800006742,34.494944000053188],[-117.66001300009029,34.495156000304689],[-117.66002099958791,34.495474999904815],[-117.66002999980873,34.495835999778897],[-117.66003099963363,34.495944000034278],[-117.66003300018178,34.496398000112563],[-117.66003300018178,34.496525000138767],[-117.6600359996565,34.49688100030626],[-117.6600359996565,34.496949000206925],[-117.6600359996565,34.49696600017343],[-117.66004700042546,34.497233999797025],[-117.66004900007532,34.497274000142077],[-117.66005300027328,34.497352999823327],[-117.66006599979373,34.498208999872496],[-117.66005800029613,34.498423999820275],[-117.66005200044836,34.498629000218251],[-117.66003800020465,34.498966000347679],[-117.66005300027328,34.499237000030327],[-117.66006699961864,34.49958999991042],[-117.66007900021252,34.49990800013331],[-117.66008400023541,34.500012000320133],[-117.66009799958078,34.500388999632186],[-117.66010500015179,34.500559999702638],[-117.66009500010605,34.500880000264502],[-117.660099000304,34.501329000039235],[-117.660099000304,34.501362999663193],[-117.660099000304,34.501486000364253],[-117.66010099995384,34.501620999841435],[-117.66010299960367,34.502289000288606],[-117.66010299960367,34.502802999745832],[-117.66010699980163,34.503428000337799],[-117.66010699980163,34.503633999670726],[-117.66010900034976,34.504004000191252],[-117.66010900034976,34.504206999935164],[-117.66011000017465,34.504221000256656],[-117.66011000017465,34.504291999735798],[-117.66011199982451,34.504488000121448],[-117.66011500019755,34.504577000133068],[-117.66012600006822,34.504777000336489],[-117.66013000026614,34.505618000207789],[-117.66013600011392,34.50604300003279],[-117.66015899968014,34.507445000246314],[-117.66016200005322,34.511231000148641],[-117.66016500042628,34.511820999897303],[-117.66017299992387,34.513284999650431],[-117.66017499957368,34.513587999937478],[-117.66014600015968,34.514669000106636],[-117.66014500033479,34.514761000355321],[-117.66013000026614,34.51499199979196],[-117.66010900034976,34.515328999641362],[-117.66012000022042,34.515678000242907],[-117.66015000035763,34.51590100019051],[-117.6602109995587,34.516083000113667],[-117.66024900009185,34.516279000155642],[-117.66025400011472,34.516387999813347],[-117.66025400011472,34.516436999687677],[-117.66025499993962,34.51650799986232],[-117.66020800008395,34.516697999771473],[-117.66018899981738,34.516821000046505],[-117.66019399984027,34.516940000235998],[-117.66024099969593,34.517209000006915],[-117.66025400011472,34.517299999699773],[-117.66025499993962,34.517368999937482],[-117.6602519995666,34.517434000237863],[-117.66025099974166,34.517634999900686],[-117.6602530002898,34.517885000321748],[-117.66024300024407,34.518184000319856],[-117.66022200032764,34.518361999861099],[-117.66020899990887,34.518622999835578],[-117.66019800003822,34.518830000050563],[-117.66015600020543,34.519076999995285],[-117.66015200000746,34.519284999770257],[-117.66014399961156,34.519382999783119],[-117.66017100027403,34.519512000205893],[-117.66019200019043,34.51963200019604],[-117.6602109995587,34.519773000278157],[-117.66022399997749,34.520043999660878],[-117.66022399997749,34.52011499972209],[-117.66022300015257,34.520581999753091],[-117.66021399993174,34.520872000334364],[-117.66021200028193,34.520975000338659],[-117.66021300010682,34.521180999965253],[-117.66021300010682,34.521227000207496],[-117.66021499975666,34.521648999860645],[-117.66021899995461,34.522453999980456],[-117.66022399997749,34.523365000171687],[-117.66022900000038,34.524276000020585],[-117.66024200041915,34.526828999708528],[-117.66024200041915,34.52688599969553],[-117.66024300024407,34.526996999986665],[-117.66024700044204,34.527860999975466],[-117.66025800031267,34.527962999634376],[-117.66025099974166,34.528612999837378],[-117.66029500012259,34.537159999658186],[-117.66032100006188,34.5424129999504],[-117.66035500039705,34.549817000289465],[-117.66037700013837,34.553299000069693],[-117.66040100042781,34.557892000208845],[-117.66045900015411,34.557892999693053],[-117.66140399998525,34.557893999917063],[-117.66504600011578,34.557901000005124],[-117.66712099972597,34.557905999644952],[-117.66709399996178,34.568822000164658],[-117.66709300013686,34.570980999665984],[-117.66708499974095,34.572645999965928],[-117.6670739998703,34.576157999897511],[-117.66707100039554,34.579882999913117],[-117.66706999967229,34.584094000166566],[-117.6670689998474,34.586005000023249],[-117.6670689998474,34.586394999711125],[-117.66706800002251,34.587457999725196],[-117.66706299999964,34.588179999924293],[-117.66705799997675,34.588903000356602],[-117.66705100030406,34.589953999807904],[-117.66704399973305,34.59100400018982],[-117.66703500041054,34.59308600023018],[-117.66702700001461,34.593373000205005],[-117.66701600014396,34.594784999878328],[-117.66701600014396,34.595005999817481],[-117.66701100012108,34.597633999998266],[-117.66700899957296,34.598475999938593],[-117.66700000025043,34.601921000276519],[-117.66700000025043,34.60215899964733],[-117.66699799970229,34.603080999904705],[-117.66699699987737,34.603997000043449],[-117.66699500022759,34.605301000036505],[-117.66699500022759,34.605394000305502],[-117.66699100002961,34.608481000020525],[-117.66699000020469,34.609489999857608],[-117.66699000020469,34.609655000024411],[-117.66698500018182,34.613399999884649],[-117.66698400035692,34.613599000033062],[-117.66698400035692,34.613749000234549],[-117.66698400035692,34.613815999758884],[-117.66698299963369,34.615019999880907],[-117.66698299963369,34.61527799969452],[-117.6669819998088,34.615375999757454],[-117.66698000015894,34.616829999756391],[-117.66698000015894,34.616986000068664],[-117.6669769997859,34.619042000084569],[-117.6669769997859,34.619097000008701],[-117.66697500013608,34.620553000297171],[-117.66697500013608,34.620827000254636],[-117.66697400031116,34.62149099979866],[-117.66697400031116,34.621700999702021],[-117.66697299958795,34.622283999950277],[-117.66697299958795,34.62245400001342],[-117.66697099993813,34.623503000338786],[-117.66697400031116,34.623760999656177],[-117.66697400031116,34.623795000274278],[-117.66696799956507,34.623989999962802],[-117.66696300044053,34.624159000061425],[-117.66696099989237,34.624178000252179],[-117.6669559998695,34.624343000052953],[-117.66695199967155,34.624467000283133],[-117.66694499999886,34.624714000028568],[-117.6669409998009,34.624846000225574],[-117.66693900015107,34.62491499997612],[-117.666935999778,34.62500499998243],[-117.66693699960292,34.625051999889401],[-117.6669349999531,34.625955999824384],[-117.66693099975515,34.62668099987328],[-117.66692800028042,34.62733000018995],[-117.66692699955718,34.627571999660098],[-117.66692599973229,34.627752999847075],[-117.66692400008245,34.627883000142049],[-117.66692300025755,34.631652999916831],[-117.66692599973229,34.63189199986445],[-117.66695900024256,34.633540999652865],[-117.66696799956507,34.634013000264048],[-117.66695699969442,34.634368999969269],[-117.66695000002174,34.638676000368058],[-117.66694599982377,34.642411000054317],[-117.66694599982377,34.642830999850027],[-117.66694400017394,34.643857999814507],[-117.66694400017394,34.644069999860434],[-117.66694199962579,34.646108999986879],[-117.66698600000674,34.658033000363972],[-117.66699799970229,34.660811000081992],[-117.66700799974804,34.663837999861293],[-117.66701399959582,34.66530300018146],[-117.6670179997938,34.666386999941977],[-117.66701000029616,34.66641699997632],[-117.666975999961,34.666660000297313],[-117.66701399959582,34.666947999672765],[-117.66704299990813,34.667376999772131],[-117.66704600028119,34.667655999884595],[-117.66701600014396,34.668036999736046],[-117.66702500036482,34.668190000148996],[-117.66702500036482,34.668208999856986],[-117.66702600018972,34.668279000104675],[-117.66702899966445,34.669061000328014],[-117.66703200003748,34.669978000166566],[-117.66703500041054,34.670897000140606],[-117.66703700006038,34.671356000200007],[-117.66703899971017,34.671814999932444],[-117.66705100030406,34.67475800001133],[-117.6670539997788,34.675521000145125],[-117.66705600032695,34.676404999944701],[-117.6670610003498,34.677324000270083],[-117.66706200017472,34.677932000029578],[-117.66706299999964,34.678011000266046],[-117.66706600037267,34.678954999944423],[-117.66706600037267,34.679149999936961],[-117.6670689998474,34.680077999943045],[-117.66707200022046,34.680997000137694],[-117.66707899989316,34.682813999774865],[-117.6670810004413,34.683487000335674],[-117.66708200026619,34.683722000060662],[-117.66708200026619,34.683875000308987],[-117.66709300013686,34.686622999844452],[-117.66709700033482,34.687736000098248],[-117.66710499983243,34.69015499973775],[-117.66715300041133,34.704529000037773],[-117.66718100000041,34.712687999706191],[-117.66719199987105,34.715854999994583],[-117.66720600011476,34.719549000093863],[-117.66720600011476,34.719597000038924],[-117.66720600011476,34.719751000166617],[-117.6672079997646,34.720246000005737],[-117.66721399961236,34.720869000242274],[-117.66720699993968,34.721402000142511],[-117.66723100022912,34.722050000247236],[-117.66722500038134,34.722712999856093],[-117.66724299992471,34.723561999937381],[-117.66722600020626,34.724246999937201],[-117.66724799994755,34.725120000350799],[-117.66724799994755,34.725191000151625],[-117.66724799994755,34.725205999852136],[-117.66724700012263,34.72539400015031],[-117.66724700012263,34.725410000234518],[-117.66724600029774,34.725484000306686],[-117.66723799990181,34.728920999869899],[-117.66728300010766,34.731353000339553],[-117.66727399988685,34.732779000018269],[-117.66726999968887,34.733340000138647],[-117.66726999968887,34.733406999704982],[-117.66726999968887,34.73346199977118],[-117.66727499971174,34.733920999849438],[-117.66724799994755,34.734281999974399],[-117.6672439997496,34.734333999997418],[-117.66723500042707,34.734456999950076],[-117.66721199996255,34.735357999860724],[-117.66721299978747,34.735924000180979],[-117.66721399961236,34.736070000044144],[-117.6672079997646,34.73663599991697],[-117.66722399965812,34.737271999822852],[-117.66718600002328,34.740744000187263],[-117.66719299969597,34.741721000203661],[-117.66718100000041,34.742502999660566],[-117.66718000017549,34.743720999831552],[-117.66715099986317,34.74462800024093],[-117.66716000008401,34.745336999725012],[-117.66715900025912,34.747387000002441],[-117.66715900025912,34.747432000296577],[-117.66715900025912,34.748936999704462],[-117.6671580004342,34.749011000115175],[-117.66715400023622,34.749324999763779],[-117.66715400023622,34.749340000250726],[-117.66714900021336,34.749998999665394],[-117.66715000003825,34.750066999869134],[-117.66716099990892,34.751485999866283],[-117.66716099990892,34.751771999820086],[-117.66716099990892,34.751789000064875],[-117.66716099990892,34.752471999884563],[-117.66716099990892,34.752769999709912],[-117.66716099990892,34.753191000045291],[-117.66716199973384,34.754061000033516],[-117.66717400032771,34.755483000212926],[-117.66718100000041,34.756388999838208],[-117.66718400037347,34.756691999760129],[-117.66715500006111,34.759488999788253],[-117.66716099990892,34.759808000208004],[-117.66716400028196,34.759971999964939],[-117.66716500010689,34.760013000037766],[-117.66721100013763,34.761832999732007],[-117.6672079997646,34.76303600023256],[-117.66720600011476,34.763718000052066],[-117.66720600011476,34.763801000102099],[-117.66720500028984,34.764542000069547],[-117.66721000031274,34.765197000174915],[-117.66720600011476,34.765809000261143],[-117.66720399956662,34.766152000343737],[-117.66720000026699,34.766828999914694],[-117.66719000022125,34.767272999637662],[-117.66719000022125,34.767322999729366],[-117.66718699984817,34.767373999703189],[-117.667228999681,34.769075999767928],[-117.66723500042707,34.770516000298684],[-117.66726200019126,34.778353000024367],[-117.66729700035134,34.786027000188653],[-117.66731099969674,34.790640999764236],[-117.66732999996331,34.793407999661085],[-117.66736500012343,34.801560999829583],[-117.66736500012343,34.802066000006505],[-117.66736799959814,34.802193000291531],[-117.66736900032137,34.80247600015322],[-117.66736900032137,34.802499999638066],[-117.66737000014629,34.802576999905114],[-117.66738299966677,34.80544400023269],[-117.66738799968964,34.806450000102714],[-117.66739400043575,34.807898000044716],[-117.66739500026067,34.808119000168304],[-117.66742299984972,34.814335999886175],[-117.66742899969751,34.815779999662581],[-117.66742799987261,34.815805999823951],[-117.6674410002914,34.818741999818961],[-117.6674479999641,34.820134000027558],[-117.66744999961394,34.820420000248376],[-117.66745899983475,34.822528000087225],[-117.6682449996572,34.822534999955174],[-117.67400400012902,34.822589999634509],[-117.67757199974137,34.822623999699495],[-117.67761600012233,34.822623999699495],[-117.67786600036759,34.822625999659508],[-117.67813300033126,34.822629000336846],[-117.67816099992037,34.822629000336846],[-117.67820699995112,34.822629000336846],[-117.67830599968534,34.822630000316806],[-117.67851499992268,34.82263200027667],[-117.67870800026654,34.822634000236491],[-117.68071699975448,34.822652999852266],[-117.68113299968108,34.822656999770835],[-117.68154899960767,34.822660999689212],[-117.68156500039952,34.822660999689212],[-117.68612800007172,34.822704000274221],[-117.69070800036069,34.822747000099326],[-117.69649100022363,34.822801999637115],[-117.70227400008658,34.82285599989843],[-117.70271599995245,34.82285999980715],[-117.70315799981833,34.822863999715672],[-117.70472199996566,34.822879000108237],[-117.70625199977776,34.822893999760687],[-117.70628600011297,34.822893999760687],[-117.7063820003724,34.822893999760687],[-117.70646299966496,34.822893999760687],[-117.70653899983294,34.822893999760687],[-117.70658999988657,34.822893999760687],[-117.70661800037398,34.822894999737414],[-117.70664199976511,34.822894999737414],[-117.70754700031159,34.822934000295348],[-117.70831999971523,34.822942000104938],[-117.71092999997602,34.822965000290736],[-117.71121100018341,34.822968000218331],[-117.71126399988687,34.822968000218331],[-117.71200000037892,34.822975000048885],[-117.71434100012787,34.8230000001764],[-117.71488900029894,34.823005000053527],[-117.71749299981363,34.823033000097091],[-117.72062399958303,34.823065000029914],[-117.72090800016343,34.823067999953857],[-117.72097099991262,34.823067999953857],[-117.72440999965359,34.823103999769941],[-117.72647500011631,34.823124999962651],[-117.72687500014939,34.823128999858248],[-117.72797999981411,34.823141000281439],[-117.72981699977288,34.8231589998068],[-117.7317330002727,34.82317900001221],[-117.73550199972652,34.823217999698208],[-117.73646900019727,34.823227000190393],[-117.73872499955742,34.823251000269025],[-117.74253999994031,34.823257000103247],[-117.74445200024218,34.823260000020149],[-117.74662099956367,34.823259000047891],[-117.74654100009604,34.823233999998983],[-117.74735600023084,34.823225000245017],[-117.74760099955488,34.823226000217744],[-117.74882300029375,34.82323300002637],[-117.74899399999798,34.823231000081094],[-117.74924500006813,34.823229000135768],[-117.74994899987485,34.823229000135768],[-117.75121000007346,34.82324800035174],[-117.7515930003881,34.823240999806934],[-117.75189299996374,34.823249000324182],[-117.75310099956063,34.823240999806934],[-117.75433599981996,34.823260000020149],[-117.75453699966141,34.823259000047891],[-117.75715000029524,34.823279000229029],[-117.75746300028968,34.823279000229029],[-117.76316400013685,34.823287999977083],[-117.76904800028213,34.823299999639652],[-117.77436800036281,34.82330100034892],[-117.77493300025232,34.823302000320723],[-117.78090600008608,34.823256000130904],[-117.78692800032361,34.823207999969569],[-117.79294299999013,34.823162999700749],[-117.79497099974462,34.823153999939031],[-117.79654699958753,34.82314300022891],[-117.80097500043883,34.823111000326399],[-117.80143700039618,34.823107999666561],[-117.80152899955937,34.823106999692463],[-117.80540900023959,34.823078999673989],[-117.8098299996216,34.823046999746623],[-117.81425699974966,34.823014999806801],[-117.81712700030145,34.822994000323504],[-117.82299700020302,34.822950999889891],[-117.82378999969818,34.822946000009487],[-117.82753999978374,34.822917999936337],[-117.82789999963384,34.822915000006937],[-117.83189599976672,34.822885999946415],[-117.83348800040143,34.822874000223528],[-117.83629399958248,34.82285299996677],[-117.83682199966209,34.822849000057758],[-117.83818099976999,34.822839000284333],[-117.84069099957335,34.822819999973945],[-117.84459299999487,34.822790999879977],[-117.8499740001749,34.822750000034858],[-117.85437199999066,34.822717000000772],[-117.85466700044176,34.822715000042976],[-117.85587599986354,34.822696999683181],[-117.8562759998966,34.822691999787367],[-117.85661800020335,34.822686999891232],[-117.85868399959271,34.822705000253265],[-117.86442999964572,34.822656999770835],[-117.87037900008833,34.822608000017681],[-117.87270899996663,34.822587999673615],[-117.87333900015348,34.822582999771235],[-117.87636100014291,34.822558000254617],[-117.88113200022757,34.822517000293445],[-117.88224500028818,34.822518000274762],[-117.8882509997339,34.822520000237354],[-117.89003900018719,34.822519000256065],[-117.8942649995755,34.822521000218629],[-117.89894699997171,34.822521000218629],[-117.90012100013169,34.822523000181143],[-117.90600100007902,34.822532999992937],[-117.91190199994273,34.822542999803524],[-117.91674699964724,34.822549999670244],[-117.91776099997364,34.822551999632061],[-117.92367799973088,34.82256100019702],[-117.92965099956463,34.822570000023539],[-117.93553600043313,34.822577999868493],[-117.94145200036546,34.822585999712736],[-117.94733599961242,34.822593000313212],[-117.95254699991314,34.822599000195311],[-117.95317999957471,34.822600000175626],[-117.9591619996293,34.822608000017681],[-117.96122799991696,34.822609999978077],[-117.96310400023381,34.822611999938438],[-117.96334699990805,34.822611999938438],[-117.96371299960593,34.82261299991859],[-117.96457700014454,34.822630000316806],[-117.96488199974304,34.82263200027667],[-117.96675200021213,34.82261499987888],[-117.97012900002879,34.822617999819208],[-117.97063700001691,34.822618999799296],[-117.97144899977864,34.822618999799296],[-117.97155599990874,34.822619999779313],[-117.97166899988667,34.822619999779313],[-117.97219299976831,34.822619999779313],[-117.97243299996781,34.822619999779313],[-117.9726210002888,34.822619999779313],[-117.97342800002764,34.822619999779313],[-117.97357100014278,34.822620999759373],[-117.97370800041011,34.822620999759373],[-117.97393699984067,34.822620999759373],[-117.97411599994082,34.822620999759373],[-117.97428099979727,34.822620999759373],[-117.97571100005028,34.822620999759373],[-117.97633500038935,34.822621999739432],[-117.97709299972441,34.822626999639496],[-117.97871600032126,34.82263800015599],[-117.97896099964534,34.822640000115662],[-117.97917900010353,34.82263200027667],[-117.97931700019581,34.822626999639496],[-117.97943900039452,34.822622999719471],[-117.97956099969495,34.822622999719471],[-117.98071099956549,34.822622999719471],[-117.98082899956626,34.822622999719471],[-117.98091899997794,34.822622999719471],[-117.98133999992743,34.822622999719471],[-117.98156900025629,34.822623999699495],[-117.98180600008276,34.822623999699495],[-117.98339000032155,34.822623999699495],[-117.98667199970366,34.822624999679505],[-117.98767799963414,34.822624999679505],[-117.98851500040855,34.82261299991859],[-117.99217199970937,34.82256100019702],[-117.9926379998647,34.822554000331237],[-117.99666300030987,34.822496999927289],[-117.99850600011644,34.822470999665278],[-118.00115499983697,34.822433000345356],[-118.00148399972495,34.822428999678444],[-118.00440600015527,34.822386999670229],[-118.00564600043747,34.822367999993105],[-118.0060770004327,34.822363000077317],[-118.00644200030568,34.822360000127695],[-118.00677899969125,34.822356000194752],[-118.00729900027324,34.82235000029489],[-118.00984599988654,34.822320000051739],[-118.01011899969799,34.822317000100561],[-118.01028199990462,34.8223160001168],[-118.0122539995826,34.822291999765788],[-118.01317099982467,34.822281999924677],[-118.01459100003193,34.822265000192111],[-118.01906199964263,34.822214000235796],[-118.01929000014657,34.822212000265779],[-118.01949900038395,34.822209000310721],[-118.02293300010201,34.822170000146919],[-118.02340599993005,34.822163000247954],[-118.02353399997655,34.822162000262331],[-118.02484600022878,34.822137999866399],[-118.02507200018459,34.822143999781701],[-118.02539900042277,34.822160000291056],[-118.02800700013537,34.822110000255989],[-118.03248000029423,34.822059000203758],[-118.03338400011745,34.822049000334417],[-118.03512599964172,34.822028999854616],[-118.04142599971357,34.821957000004502],[-118.04225900029003,34.821948000111007],[-118.05049900025287,34.821851999710816],[-118.05931900017384,34.821747000020757],[-118.06137700006558,34.821716000304427],[-118.0682629999434,34.82164200019686],[-118.07522099979121,34.821594999824939],[-118.07721099991086,34.821537000239097],[-118.08615700022854,34.8214300001585],[-118.08968399983306,34.821381999670535],[-118.09530299966447,34.821318999955551],[-118.09902199978788,34.821288000078141],[-118.10001799967263,34.821268000151044],[-118.10425300018008,34.821223000297238],[-118.11320000032269,34.821108999820218],[-118.11445899997315,34.821112999813778],[-118.12214900011509,34.821020999913394],[-118.12286600034057,34.821019999913915],[-118.12583399990334,34.821012999917158],[-118.12641600040958,34.82095899992256],[-118.12758700019651,34.820966999923975],[-118.12782300019805,34.82096999992433],[-118.1279019998408,34.82096999992433],[-118.12801999984157,34.820960999922939],[-118.12808199976584,34.820959999922792],[-118.13084699983733,34.820937999915039],[-118.13089899971585,34.820934999913582],[-118.13114499976317,34.820930999911383],[-118.14007500018731,34.820850999827073],[-118.14703600040819,34.820785999701343],[-118.1490089999111,34.820776999679907],[-118.15222800044231,34.820705000210388],[-118.15339900022926,34.82067800011653],[-118.15466899975038,34.820682000130951],[-118.15479699979691,34.820683000134544],[-118.15481799971332,34.820683000134544],[-118.15485200004849,34.820683000134544],[-118.15486499956897,34.820683000134544],[-118.1556260001754,34.82068500014168],[-118.1556549995894,34.82068500014168],[-118.1558160001462,34.820686000145237],[-118.15607899991193,34.820687000148773],[-118.15609300015562,34.820687000148773],[-118.15674400025887,34.820689000155831],[-118.15806800020668,34.820668000079529],[-118.15893199984696,34.820654000025677],[-118.15986900018046,34.820638999965333],[-118.15991400038631,34.820637999961207],[-118.16016999958102,34.820634999948766],[-118.16235700024249,34.820613999858701],[-118.16242300036475,34.820612999854276],[-118.1647430001973,34.820591999758612],[-118.16678000017264,34.820567999642698],[-118.16689399997543,34.820566999637713],[-118.16714699969542,34.820563000355136],[-118.16846499979545,34.820545000262548],[-118.16871099984274,34.820542000246711],[-118.16884899993499,34.8205400002361],[-118.16921499963289,34.820535000209347],[-118.16926200038689,34.82053400020402],[-118.16933900037976,34.820532000193204],[-118.1700080000264,34.820516000105044],[-118.17022200028661,34.820513000088155],[-118.17023700035523,34.820513000088155],[-118.17059800003025,34.820509000065528],[-118.17063999986304,34.820509000065528],[-118.17157100034878,34.820499000007963],[-118.17171299974071,34.820496999996351],[-118.17308400044246,34.820481999907429],[-118.17311299985649,34.820481999907429],[-118.17562699985778,34.820469999834316],[-118.17587100025527,34.820465999809535],[-118.17993299961203,34.820416000221172],[-118.17997000032028,34.820415000214339],[-118.18475499975034,34.820389000032584],[-118.18477200036708,34.820389000032584],[-118.18737599988177,34.820340999675487],[-118.18845700015532,34.820334000358585],[-118.19179899981188,34.82028099992727],[-118.19189099987341,34.820278999910322],[-118.19282700038201,34.820269999833492],[-118.19381400004589,34.820260999755675],[-118.19815699961011,34.82022200014454],[-118.20243899997323,34.820176999719358],[-118.20248900020195,34.820175999709633],[-118.20410699987762,34.820159000279858],[-118.20465099985074,34.820159000279858],[-118.20550399962035,34.820159000279858],[-118.205522000062,34.820159000279858],[-118.20623599991445,34.820159000279858],[-118.20624900033324,34.820159000279858],[-118.20687299977401,34.820159000279858],[-118.20814900004123,34.820160000289796],[-118.20910899994095,34.820162000309644],[-118.20994099979417,34.820163000319546],[-118.21020199991008,34.820163000319546],[-118.21128099963551,34.820159000279858],[-118.21133099986422,34.820159000279858],[-118.21239799989407,34.820155000239978],[-118.21476399975737,34.820145000139505],[-118.21542499990639,34.820144000129382],[-118.21913599963388,34.820139000078647],[-118.2197929995849,34.820138000068461],[-118.22001600006598,34.820138000068461],[-118.22004799985304,34.820138000068461],[-118.22411799960574,34.820146000149606],[-118.22452100001188,34.820146000149606],[-118.22456899969245,34.820146000149606],[-118.22665599989649,34.820151000199978],[-118.22670199992726,34.820151000199978],[-118.22840800036481,34.820155000239978],[-118.22866299973462,34.820156000249966],[-118.2287690000398,34.820156000249966],[-118.22880599984974,34.820156000249966],[-118.22891299997987,34.820156000249966],[-118.23274699973102,34.820119999882948],[-118.23289300021919,34.820118999872527],[-118.23317199987845,34.820116999851635],[-118.23354699979718,34.82011299980978],[-118.23767000015164,34.820146000149606],[-118.23771700000734,34.820146000149606],[-118.24129399984051,34.820123999924519],[-118.24208300003605,34.820122999914147],[-118.242159000204,34.820122999914147],[-118.24475799969582,34.820119999882948],[-118.2460239999173,34.820118999872527],[-118.24652500023271,34.820117999862092],[-118.24655500036995,34.820117999862092],[-118.24660800007339,34.820117999862092],[-118.24977800020085,34.820113999820272],[-118.24999999995867,34.820113999820272],[-118.2508889997133,34.820104999725366],[-118.25103299965336,34.82010299970419],[-118.25116999992068,34.82010299970419],[-118.25223899960039,34.820101999693563],[-118.25283700000017,34.820100999682928],[-118.25332999991969,34.820099999672266],[-118.25394599986284,34.820098999661596],[-118.25462999957804,34.820097999650919],[-118.25527599965842,34.820099999672266],[-118.25532500006221,34.820099999672266],[-118.25746400014479,34.820105999735958],[-118.25964400023527,34.820100999682928],[-118.2596679996264,34.820100999682928],[-118.26028299974463,34.820104999725366],[-118.2614279995923,34.820118999872527],[-118.26403899967799,34.82010299970419],[-118.26431800023556,34.820101999693563],[-118.26434499999975,34.820101999693563],[-118.26444999958173,34.820100999682928],[-118.26455599988695,34.820099999672266],[-118.26717500036854,34.820081000205057],[-118.26844900008763,34.820096000367002],[-118.26850500016413,34.820096999640235],[-118.26937200017746,34.820106999746542],[-118.272164999838,34.820100999682928],[-118.2728539995761,34.820098999661596],[-118.27289899978194,34.820098999661596],[-118.2743879995862,34.820096000367002],[-118.27531099967599,34.820094000345563],[-118.27533599979034,34.820094000345563],[-118.27847099975767,34.820109999778211],[-118.27902300012674,34.820108999767669],[-118.28107400034575,34.820105999735958],[-118.28153799995295,34.820105999735958],[-118.2816690003725,34.820104999725366],[-118.28180499991663,34.820104999725366],[-118.28222099984326,34.820103999714753],[-118.2843010003746,34.820097999650919],[-118.28610599964802,34.820096000367002],[-118.28642700003839,34.820095000356297],[-118.28669700037514,34.820095000356297],[-118.2867650001472,34.820095000356297],[-118.28870400021323,34.820092000324074],[-118.29045599978323,34.82010299970419],[-118.29049599996618,34.82010299970419],[-118.2906030000963,34.820103999714753],[-118.29412399985303,34.820104999725366],[-118.29444100004544,34.820100999682928],[-118.29508299992783,34.820094000345563],[-118.29633300025579,34.820081000205057],[-118.29651999985354,34.820079000183249],[-118.29662500033383,34.820078000172323],[-118.29925999981066,34.820082000215933],[-118.29931099986429,34.820082000215933],[-118.30166400020713,34.820086000259359],[-118.30391500044271,34.820074000128564],[-118.30392600031334,34.820074000128564],[-118.30398300021477,34.820074000128564],[-118.30414300004833,34.820073000117581],[-118.304153999919,34.820073000117581],[-118.3070820001971,34.820061999996028],[-118.30769999979005,34.820065000029288],[-118.30851900012279,34.820063000007138],[-118.3086549996669,34.820063000007138],[-118.30869700039803,34.820061999996028],[-118.30885499968343,34.820057999951445],[-118.31021999963914,34.820026000325356],[-118.31086900009258,34.820008000115429],[-118.31250799968463,34.819979999780998],[-118.31294700007579,34.819964000323097],[-118.31298899990858,34.819963000310779],[-118.31313299984862,34.819958000249073],[-118.31334399973582,34.819951000162071],[-118.31739400029535,34.819883000023871],[-118.31745700004454,34.819882000010573],[-118.32173900040767,34.819810999772962],[-118.3218039998067,34.819809999758782],[-118.32183999979171,34.819808999744602],[-118.32210500010557,34.819804999687726],[-118.32229099987842,34.819801999644952],[-118.32230400029721,34.819801999644952],[-118.32450299975592,34.819764999845972],[-118.32628100016348,34.81972600000001],[-118.32630499955461,34.819724999984807],[-118.32688000038817,34.819712999801425],[-118.32983999955502,34.819652000317191],[-118.3322459996013,34.819607000318129],[-118.33504500000795,34.819548000052606],[-118.33525900026821,34.81954500000046],[-118.33695800013476,34.819523000352362],[-118.33698599972381,34.819523000352362],[-118.3424120001097,34.819430000132321],[-118.34344599962928,34.819421999981643],[-118.34346099969791,34.819424000019403],[-118.34358299989663,34.819424000019403],[-118.34376199999677,34.819423000000533],[-118.34399200015055,34.819421999981643],[-118.35717999975007,34.819357000203297],[-118.35733499956076,34.819357000203297],[-118.35747199982812,34.819352000104743],[-118.36005500032471,34.819345999986133],[-118.36153599973302,34.819334999767499],[-118.36154699960368,34.819334999767499],[-118.36318600009409,34.819323000264788],[-118.36582200029412,34.819306999941801],[-118.3659469999676,34.819305999921504],[-118.36665199959921,34.819301999840214],[-118.36976999984809,34.819284000209578],[-118.37027500036147,34.81928300018901],[-118.37028700005702,34.81928300018901],[-118.37234199957572,34.819278000085959],[-118.37498899964645,34.81926699985825],[-118.37557199997759,34.819264999816674],[-118.37752100008939,34.819256999649959],[-118.37913100026746,34.819251000261858],[-118.37930100014678,34.819251000261858],[-118.37993499963328,34.819248000198904],[-118.38117800028856,34.81924100005164],[-118.38137400010712,34.819240000030547],[-118.38316500003515,34.819229999818987],[-118.38355300037267,34.819227999776516],[-118.3874149997129,34.819205000022237],[-118.38790199978463,34.819201999957599],[-118.38795100018844,34.819201999957599],[-118.39133600040103,34.819179000196051],[-118.39233399993557,34.819169999998998],[-118.39558000023101,34.819142000117218],[-118.39604300001326,34.819138000028019],[-118.39663300001716,34.819131999893756],[-118.39664499971271,34.819131999893756],[-118.39671599985785,34.819130999871341],[-118.40543399967156,34.818993000349288],[-118.40548399990027,34.818992000325188],[-118.40919700017591,34.818933000356687],[-118.40942999980443,34.818929000257334],[-118.41394499979604,34.818857999935787],[-118.41398099978105,34.818856999910039],[-118.41406399962175,34.818856999910039],[-118.41569899991418,34.818843000285902],[-118.41734599990217,34.818827999895781],[-118.41861600032161,34.818817000345469],[-118.4204399998616,34.818800999924193],[-118.42136200012651,34.818808000108916],[-118.42198599956727,34.818788000317134],[-118.42275399984638,34.818789999632784],[-118.42282900018944,34.818789999632784],[-118.42382599989911,34.818792999712421],[-118.4257039998658,34.818779000077406],[-118.42644600020562,34.818772999917002],[-118.42685600028446,34.818768999809883],[-118.42720400043902,34.818765999729372],[-118.42864100036472,34.818751000062733],[-118.43022300005539,34.818741999818961],[-118.4315639997216,34.818735999655871],[-118.43160899992746,34.818735999655871],[-118.43184099973104,34.818746999954492],[-118.43203800027287,34.818755000170782],[-118.43205900018924,34.818756000197766],[-118.43216999961903,34.818762999648747],[-118.43571899986314,34.818724000065913],[-118.44025499977116,34.818689999866166],[-118.44348000015017,34.818653000305176],[-118.44930599967081,34.818588999949078],[-118.45592299993511,34.818506999742802],[-118.45808600030716,34.818482999756931],[-118.45811600044438,34.818481999726643],[-118.45918699977388,34.818471000130131],[-118.46246999987922,34.818435999795099],[-118.46679900009801,34.818385999712049],[-118.4668409999308,34.818385999712049],[-118.47048300006134,34.8183500000465],[-118.47561800019407,34.818300999943752],[-118.47790799988937,34.818276999897876],[-118.48454400042026,34.818212999987175],[-118.4932920003712,34.818266000274001],[-118.50229700024012,34.818286000192451],[-118.51101300040402,34.818322999918252],[-118.51883499989212,34.81835300014216],[-118.51922300022964,34.81835300014216],[-118.51934700007821,34.818354000173962],[-118.528064000067,34.8183500000465],[-118.53653699965834,34.818344999886818],[-118.53690900010233,34.81834599991879],[-118.53787200037512,34.818342999822868],[-118.541608000217,34.818337999662823],[-118.54167299961603,34.818343999854854],[-118.54229899960488,34.818363999754418],[-118.54296399995185,34.818367999881261],[-118.54379699962999,34.818393999963405],[-118.54421900030268,34.818396000026063],[-118.54532700034042,34.818413999850769],[-118.54615599982058,34.81840799966384],[-118.54620400039948,34.81840799966384],[-118.54629100043812,34.818406000338925],[-118.54637500010371,34.818404000276438],[-118.54671700041047,34.818393999963405],[-118.54692099972667,34.818399000120039],[-118.54697799962807,34.818401000182639],[-118.54726999970612,34.81843099964064],[-118.54763200010436,34.818425000192391],[-118.54810599975728,34.81840000015135],[-118.54826899996389,34.818397000057402],[-118.5493250001231,34.818380000260575],[-118.54947900010887,34.818382000323574],[-118.5510430002562,34.818397000057402],[-118.55167199971983,34.818396000026063],[-118.55237999972448,34.818393999963405],[-118.55383000006898,34.818392999932016],[-118.55443500014148,34.818380000260575],[-118.55456599966273,34.81837800019747],[-118.55465500024953,34.818376000134307],[-118.55522699981175,34.818363999754418],[-118.55574300019576,34.818360000364883],[-118.55692499985335,34.818352000110281],[-118.55719299964197,34.8183500000465],[-118.55832199959607,34.818344999886818],[-118.55849599967338,34.818343999854854],[-118.55860799982636,34.818342999822868],[-118.55869999988786,34.818342999822868],[-118.55878899957632,34.818341999790874],[-118.55907800017964,34.818337999662823],[-118.56051099990739,34.818312000300459],[-118.5613000001029,34.818311000268153],[-118.56234100019347,34.818305000073657],[-118.56348699986603,34.818308000170951],[-118.56794699960609,34.818297999846251],[-118.56964899984567,34.818294999748595],[-118.57197299987621,34.818290000323081],[-118.57333799983188,34.818291999650818],[-118.5874400001987,34.818263000175172],[-118.58759599983432,34.818263000175172],[-118.59023700005721,34.818258000010267],[-118.59877900014385,34.818243000251137],[-118.5989649999167,34.818242000217921],[-118.59905600015328,34.818243000251137],[-118.59940900033071,34.818242000217921],[-118.60118199981707,34.818239000118218],[-118.60127499970351,34.818236000018409],[-118.60173699966084,34.818238000084968],[-118.60339899971744,34.818233999951815],[-118.60342399983182,34.818236000018409],[-118.60450799958011,34.81823199988515],[-118.60561700034108,34.818229999818513],[-118.60574700003743,34.818228999785141],[-118.60672500037882,34.818227999751763],[-118.60783199969332,34.818222000288735],[-118.60790200001354,34.818224999651555],[-118.61226700021733,34.818217000121287],[-118.61483100044735,34.818211999953597],[-118.61615700004498,34.81822400035562],[-118.61632000025159,34.818224999651555],[-118.6209950000768,34.818267000306918],[-118.62158799955543,34.818274999832269],[-118.62265299993545,34.81828800025778],[-118.62339899957496,34.818281000028939],[-118.62500299990523,34.818266000274001],[-118.62518899967806,34.818258000010267],[-118.62546900006055,34.818239000118218],[-118.62558799988622,34.81823099985187],[-118.62565700038154,34.818226999718377],[-118.62568800034367,34.818224999651555],[-118.62578500042805,34.818218000154801],[-118.6261619999966,34.81819300005094],[-118.6265429997631,34.818184999780122],[-118.62724400009505,34.818168999973594],[-118.62726400018656,34.818168999973594],[-118.62910199997026,34.818167999939497],[-118.63460899964866,34.818164999837094],[-118.63599000039619,34.818176000211956],[-118.63934000044867,34.818163999802934],[-118.6393849997562,34.818163999802934],[-118.63940300019786,34.818163999802934],[-118.63945000005354,34.818163999802934],[-118.64195999985688,34.818156000266796],[-118.64327399975896,34.818177000245974],[-118.64334300025422,34.818178000279978],[-118.64341500022425,34.818179000313954],[-118.64575199977524,34.818217000121287],[-118.64583600033914,34.818216000087816],[-118.64659799987217,34.81820799981918],[-118.64739299991547,34.81819200001712],[-118.64926800040739,34.818196000152327],[-118.65054600032445,34.818187999881793],[-118.65486100029953,34.81818999994951],[-118.6557440002064,34.818178000279978],[-118.66088600001181,34.818174000143948],[-118.66088500018689,34.818123999901886],[-118.68047800033861,34.818130000109555],[-118.68121399993235,34.81812199983257],[-118.68123300019893,34.81812199983257],[-118.68125499994025,34.81812199983257],[-118.68129000010033,34.81812199983257],[-118.68137499959084,34.81812199983257],[-118.68182099965469,34.818120999797941],[-118.68213700002215,34.818119999763255],[-118.6821739998321,34.818119999763255],[-118.68221700038811,34.818118999728547],[-118.6822319995584,34.818118999728547],[-118.68231199992432,34.818118999728547],[-118.68237600039676,34.818128000040389],[-118.68239999978792,34.818118999728547],[-118.68276800003392,34.81811799969384],[-118.68313499955673,34.818116999659111],[-118.68613900000283,34.818108000083519],[-118.6888410003251,34.818100999839366],[-118.68913800042601,34.818099999804446],[-118.6895300000632,34.818098999769497],[-118.69075299972866,34.818095000367087],[-118.69086700042978,34.818095000367087],[-118.69097399966157,34.818092000262091],[-118.69098600025546,34.818085000016545],[-118.69176600023015,34.818093000297068],[-118.69256000044852,34.818091000227049],[-118.69270199984042,34.818090000192008],[-118.69284300030576,34.818090000192008],[-118.69424000004847,34.818074000367019],[-118.69563799961611,34.818057999801447],[-118.69674900002691,34.818045000077134],[-118.69764000032968,34.818047000148326],[-118.6997979997805,34.818052000326027],[-118.70189400020539,34.818055999730525],[-118.70196899965016,34.818055999730525],[-118.70213000020696,34.818055999730525],[-118.70362900005694,34.818058999836886],[-118.70523400021216,34.818058999836886],[-118.70639099975537,34.818059999872325],[-118.70768600028919,34.818060999907736],[-118.70876800038762,34.818059999872325],[-118.70985899980863,34.818058999836886],[-118.71011300025184,34.818058999836886],[-118.71045200018557,34.818058999836886],[-118.71074099989053,34.818058999836886],[-118.71363300018363,34.818055999730525],[-118.71449299962596,34.818055999730525],[-118.71466099985543,34.818055999730525],[-118.71956599983442,34.818051000290495],[-118.72032300024287,34.818054999695043],[-118.72082899968282,34.81804900021946],[-118.72185700025295,34.8180480001839],[-118.72335600010292,34.818047000148326],[-118.72545699965237,34.818039999898943],[-118.72652399968224,34.818043000005893],[-118.72829200004405,34.818041999970262],[-118.73102299978035,34.818037999827645],[-118.73328900008454,34.818035999756233],[-118.73828699994991,34.818030000279208],[-118.74057599982032,34.818027000171803],[-118.74322999956372,34.81802400006427],[-118.74399399964489,34.818021999992567],[-118.7464659998134,34.818018999884849],[-118.74723999994031,34.818017999848927],[-118.74773299985981,34.818017999848927],[-118.74892700011127,34.818015999777032],[-118.74913999964828,34.818015999777032],[-118.75248399985297,34.818011999633093],[-118.75734899964895,34.818006000154384],[-118.75866900029713,34.818004000082205],[-118.75892799986489,34.818004000082205],[-118.76062599990651,34.818002000009976],[-118.76237599982667,34.81799999993769],[-118.764124000097,34.817997999865355],[-118.7658620003216,34.817994999756827],[-118.7668819995975,34.817990000313102],[-118.76758799995231,34.817987000204226],[-118.76936700018479,34.817970000322738],[-118.76961499988191,34.81796700021318],[-118.77105400035575,34.817953999737014],[-118.77286500037528,34.817936999848712],[-118.77465499958006,34.817919999956906],[-118.77635799964459,34.817902000024255],[-118.77648900006415,34.817899999949546],[-118.77805999988415,34.817888000237822],[-118.7798220003982,34.817871000335899],[-118.78146699983806,34.817855999768852],[-118.78320099986469,34.817838999860342],[-118.78405600018243,34.817831000292593],[-118.78481000021786,34.817824000024906],[-118.78553699959075,34.81781699975658],[-118.78568599955366,34.817818999833314],[-118.78619600008993,34.817811000263681],[-118.78688999985087,34.817803999994247],[-118.78745599956531,34.817798999801489],[-118.79249199996384,34.817750000108511],[-118.79369999956069,34.81773899967677],[-118.79469299997071,34.817730000059946],[-118.7948250002152,34.817727999981052],[-118.79653699960218,34.817712000085777],[-118.79665200012825,34.817712000085777],[-118.79780399964859,34.817700000346669],[-118.79826700032918,34.817695000147545],[-118.79875299967769,34.817690999988024],[-118.79965300020126,34.817682999668456],[-118.80245500008267,34.817655000018767],[-118.80299099965987,34.817648999776502],[-118.80334499966219,34.817641000190363],[-118.80345299961724,34.817640000149851],[-118.80872400019238,34.817591000362313],[-118.81147900021814,34.817566000068176],[-118.8187199999232,34.817495000046939],[-118.82080999960198,34.817479000106403],[-118.82083700026448,34.817474999936458],[-118.82531500044618,34.817502000342621],[-118.82782799972425,34.817486999708336],[-118.83292500022216,34.817497000131482],[-118.8342509998198,34.817500000258207],[-118.83464599983002,34.817524999834859],[-118.83569399959327,34.817502999647303],[-118.83658900009402,34.817503999689485],[-118.83759300037468,34.817535000253393],[-118.8435720000562,34.817700000346669],[-118.84482599968381,34.817720999704569],[-118.84527799959542,34.817734000217513],[-118.85400899982793,34.817757999684133],[-118.85400899982793,34.81768399970845],[-118.85400999965285,34.817338999941178],[-118.85401499967571,34.816824999970358],[-118.85402100042182,34.815946999705297],[-118.85406099970649,34.810501999839111],[-118.85411400030826,34.803279000267842],[-118.85426599974589,34.803279000267842],[-118.85441499970879,34.803279000267842],[-118.86052300016006,34.803239999994759],[-118.8656929995546,34.803208999953632],[-118.8671579999677,34.803200000225033],[-118.8709390000154,34.803176999684844],[-118.87211999984807,34.803170999863561],[-118.8758170002302,34.803190000279571],[-118.8758530002152,34.803190000279571],[-118.87596399964501,34.803190000279571],[-118.87672199987834,34.803203000134673],[-118.87679499967328,34.803269000331973],[-118.87705300031445,34.803504999822728],[-118.87769400037197,34.804062999725538],[-118.87804400017635,34.804322000120521],[-118.87808400035931,34.804353999944851],[-118.87817200022285,34.80441199982517],[-118.87832100018578,34.804524000139985],[-118.87865000007372,34.804808999767303],[-118.87881699958,34.804943000139154],[-118.87891200001458,34.805013999912155],[-118.87893700012893,34.805032999903332],[-118.87909500031266,34.805158999850654],[-118.8793439998347,34.805408000075765],[-118.88026899957434,34.806198000274676],[-118.88068600022416,34.806522000228171],[-118.88078900015633,34.806611999743374],[-118.88121900032665,34.807054999825496],[-118.88168299993382,34.8074259997288],[-118.88193300017909,34.807657999946905],[-118.88204600015698,34.807821999745165],[-118.88215900013491,34.80798899969011],[-118.88231599959542,34.808195000193976],[-118.8824479998399,34.80833099979327],[-118.88253300022869,34.80841899997845],[-118.88271099960562,34.808621000282777],[-118.88282399958351,34.808816999944064],[-118.88303100017107,34.809005000189735],[-118.88331700040133,34.809372999743083],[-118.88405700019304,34.810817000201268],[-118.8840880001552,34.810969999753112],[-118.88426499970718,34.811856000099596],[-118.88428599962359,34.81201200026149],[-118.884273999928,34.81218599983827],[-118.88428800017172,34.812490000005944],[-118.88423999959284,34.812994000238866],[-118.88419699993513,34.813358000046861],[-118.88416400032315,34.813489000259025],[-118.88411099972141,34.813640999923251],[-118.88387899991781,34.814072999650541],[-118.88364999958895,34.814120999972097],[-118.88349399995334,34.814152999679244],[-118.88335300038636,34.814781999973768],[-118.88188899979815,34.816333000248655],[-118.88187600027764,34.816347000299324],[-118.8817730003455,34.816463000100995],[-118.88169600035263,34.81654199996774],[-118.88159000004741,34.816649999812419],[-118.88149100031319,34.816749999842813],[-118.88144699993227,34.816795999978311],[-118.88123400039525,34.817012000335197],[-118.88108500043232,34.817164000137538],[-118.88081099989762,34.817458999992041],[-118.8805909997896,34.81767900024586],[-118.88045900044344,34.817800999878656],[-118.88041599988743,34.817843000012665],[-118.88058499994182,34.817840999936529],[-118.88060000001045,34.817840999936529],[-118.88071800001121,34.817841999974604],[-118.88099400019574,34.817848000202758],[-118.88133399995436,34.81784400005067],[-118.88138500000801,34.81784600012675],[-118.881681000284,34.817848000202758],[-118.88204100013411,34.817851000316708],[-118.8822169998612,34.817852999655109],[-118.88245100021295,34.817852999655109],[-118.88262299974207,34.817853999693035],[-118.88278699977359,34.817897999874837],[-118.88294400013244,34.817925000142374],[-118.88316900026335,34.81792800025346],[-118.88331200037845,34.817905000136236],[-118.88347100038713,34.817858999882453],[-118.88372199955899,34.817860999958157],[-118.88400100011656,34.817781999881198],[-118.88412999998799,34.817759999762288],[-118.88417299964568,34.817756999645034],[-118.88424899981366,34.817751000147695],[-118.88466399991538,34.817752000186879],[-118.8858780002583,34.817761999840336],[-118.8893410002887,34.817792000268547],[-118.89009600014903,34.817810000225229],[-118.89084699981137,34.817848000202758],[-118.89135300014968,34.81783299963147],[-118.89264100011246,34.817930000327493],[-118.89331800015498,34.817971999658248],[-118.8944739998733,34.817971999658248],[-118.89463399970687,34.817971999658248],[-118.89305600021417,34.814717000222089],[-118.88962599979574,34.807647999804708],[-118.88921300024218,34.806798000249323],[-118.88918499975479,34.806739999835223],[-118.88906599992906,34.806494999911919],[-118.8868890002117,34.802009999673466],[-118.88682399991434,34.801875999696762],[-118.8847080002963,34.797520000358098],[-118.88438899955575,34.796863999835807],[-118.88380000027507,34.795648999728122],[-118.88349899997621,34.795029000090032],[-118.88282100010879,34.793631000199277],[-118.88208600033995,34.792117999854284],[-118.88165600016963,34.791231000177703],[-118.88136400009158,34.790628999772068],[-118.88040500001678,34.788655000157902],[-118.88031200013035,34.788462999876081],[-118.8795749998134,34.786942999944458],[-118.87830699994207,34.784327999901699],[-118.87726400020165,34.782177000219207],[-118.87666300032711,34.78093800004762],[-118.87562800008429,34.778804000357347],[-118.87504899995109,34.777611000307608],[-118.87402399975402,34.775497999938608],[-118.87282200000496,34.77301699999952],[-118.87180400037892,34.770917999702505],[-118.87057099976937,34.768376000263459],[-118.87020500007151,34.767629999746831],[-118.86956900003685,34.766313000267537],[-118.86860900013713,34.76433299988178],[-118.86830799983824,34.763656999721981],[-118.86612000025018,34.759200999970005],[-118.86479100027948,34.756459000035854],[-118.86398399964231,34.754795999943425],[-118.86166100033502,34.750003000156539],[-118.86136400023412,34.749391000262072],[-118.85906500031795,34.744645999929375],[-118.85732399972031,34.741055000302829],[-118.85687299963361,34.740122000135045],[-118.85524800028523,34.736770999839621],[-118.85422399991307,34.734656999890362],[-118.85276600007097,34.731646999669188],[-118.85223200014362,34.730540999781411],[-118.85166999972881,34.729386000085583],[-118.85141799983371,34.728867000113532],[-118.84961799968487,34.725149999774963],[-118.84796400002418,34.72172999973639],[-118.84778599974895,34.721367999695964],[-118.84768199999189,34.721154999859593],[-118.84727299973797,34.720309000135174],[-118.84697499981212,34.719688000350395],[-118.84608400040767,34.717853999676599],[-118.84524900018143,34.716125000308622],[-118.84416100023516,34.71387900031749],[-118.84244200027713,34.710329999903962],[-118.84078600006831,34.706910999745467],[-118.84072099977098,34.706778000350901],[-118.83898699974436,34.70319599967997],[-118.83833599964113,34.701852000365243],[-118.8381230001041,34.701412999677906],[-118.8373630002209,34.699842000287688],[-118.83699900017282,34.699089999764894],[-118.83579300022581,34.69659899985902],[-118.83409099998622,34.693081999793705],[-118.83240299999032,34.689594999982425],[-118.83072800041326,34.686133999921438],[-118.82894499998284,34.682448000002005],[-118.82721000013129,34.678862999644558],[-118.82673899995309,34.677890000350096],[-118.82547000025687,34.675266000196949],[-118.82362099970419,34.671444000114008],[-118.82225800029664,34.668626999719223],[-118.82208000002142,34.668259000039974],[-118.82161399986609,34.667293999676474],[-118.82143300011613,34.666921000258675],[-118.82091500008228,34.665850999812761],[-118.8202890000934,34.66455700021055],[-118.81869300015902,34.661258000290893],[-118.81744299983104,34.658670999728905],[-118.81586799981309,34.655413999733561],[-118.81439999992524,34.652422000191827],[-118.81300400000738,34.649598999804439],[-118.81287099993801,34.649331000195751],[-118.81236100030007,34.648300999669722],[-118.8118139999539,34.647195000063498],[-118.81057200002186,34.644684999942243],[-118.81026800024824,34.644069999860434],[-118.80844399980992,34.640382000340246],[-118.80749700032898,34.638467999808995],[-118.80632700036698,34.636101999695235],[-118.80619900032045,34.635845000344247],[-118.8053020001699,34.634031000368864],[-118.80405699986481,34.631513000323565],[-118.80279099964332,34.628955000108306],[-118.80180900000231,34.626967999793145],[-118.80054299978079,34.624408999733561],[-118.80025800027377,34.623834999679104],[-118.80021899991571,34.623752000338172],[-118.79953199982745,34.622364999645484],[-118.79666399982381,34.616566000265998],[-118.79652900010458,34.616287999984628],[-118.79390799997316,34.610983999868729],[-118.78855199990747,34.600154000320643],[-118.78550200032896,34.593978000287088],[-118.7843990003141,34.591745999931703],[-118.77972500031383,34.582279999991151],[-118.77747499990313,34.577725000066877],[-118.7758880001896,34.574513000149281],[-118.77583600031107,34.574407999768383],[-118.77471200037981,34.572127000056071],[-118.77403100013933,34.570754999837568],[-118.77337199964015,34.56941499969183],[-118.77192999969159,34.566496000091931],[-118.77029799977223,34.563189999633316],[-118.76449800019083,34.551438999974842],[-118.76042199969203,34.543180999849668],[-118.75846500008262,34.539216000053322],[-118.75778499966707,34.537839000020021],[-118.75666900013172,34.535576999886928],[-118.75443700016272,34.531050000097736],[-118.75398199987805,34.530128999944012],[-118.74552400035533,34.512977000364458],[-118.74540700017945,34.512740000364772],[-118.74524099959979,34.512402999666669],[-118.74382799996353,34.5095370000478],[-118.74197099991324,34.505772000267584],[-118.74189100044562,34.505607999828726],[-118.74155800035967,34.504932999969526],[-118.74115800032662,34.504119999788188],[-118.74078900025567,34.503371999985539],[-118.74035200041264,34.502486000351489],[-118.74017400013742,34.502124000245992],[-118.74014300017528,34.502061000156971],[-118.73986000031807,34.501486999785371],[-118.7395940001793,34.500946999696886],[-118.73933999973606,34.500432999900262],[-118.73887299975584,34.499484000306879],[-118.73861800038604,34.498969000182321],[-118.73844500013367,34.498617000089631],[-118.73780599972598,34.497319000044676],[-118.73726599995081,34.496223000231709],[-118.73679899997059,34.495275000335326],[-118.7363150002719,34.49429200024624],[-118.73510599995184,34.491838999807477],[-118.7345610001538,34.490732999840169],[-118.73387200041572,34.489332999793781],[-118.73185399980865,34.485235999820141],[-118.73086700014474,34.483231999803387],[-118.73035199958559,34.482187000028333],[-118.72994400005491,34.481359000078392],[-118.728336000425,34.478095000051056],[-118.72768799979649,34.476778999661697],[-118.72759999993292,34.476599999724222],[-118.72746299966558,34.476322999974165],[-118.72723199968689,34.475853999846024],[-118.72703000002053,34.475443000144928],[-118.72684699972243,34.47507100004848],[-118.72660499987309,34.474580999751502],[-118.72656800006317,34.474507000178988],[-118.7263379999094,34.474038000211493],[-118.72609000021228,34.473535999738331],[-118.72575899977618,34.472862999718011],[-118.72514899968083,34.471623999809658],[-118.72417200006262,34.469640999731581],[-118.72343599957057,34.468147000328329],[-118.72331099989711,34.467894000137747],[-118.72323999975197,34.467748999653509],[-118.72317399962975,34.467614999978089],[-118.72294799967392,34.467156000338072],[-118.72271599987036,34.466685999954855],[-118.72266800018977,34.46658700036398],[-118.72261600031125,34.466482999971561],[-118.72248999991454,34.466226999649969],[-118.72244800008176,34.466142000304025],[-118.72225200026317,34.465742999847457],[-118.72206700031523,34.465367000053213],[-118.72186700029869,34.464961999701998],[-118.72165499968828,34.464532000049545],[-118.72115500009609,34.463517000111501],[-118.72075300041318,34.462702000061299],[-118.72066999967419,34.462532000029377],[-118.72043299984772,34.462050999963211],[-118.72026799999128,34.461717999889288],[-118.7201919998233,34.461562000151787],[-118.71987399980597,34.460912999866906],[-118.71982600012538,34.460816999820921],[-118.71969100040619,34.460543000008535],[-118.71939599995511,34.459940999857579],[-118.71936099979497,34.459872000236054],[-118.71921000018226,34.459569000288944],[-118.71896599978477,34.459072999767173],[-118.718663999661,34.45846000008379],[-118.71814700035036,34.457409000004027],[-118.71734200026131,34.455773000285589],[-118.71681599983152,34.454705000030948],[-118.71623099985054,34.453516000033851],[-118.71534600029386,34.451716999880233],[-118.71505000001787,34.451113999777334],[-118.71441700035628,34.449828999680967],[-118.71319899981538,34.447353000119406],[-118.71260799998656,34.446151999639802],[-118.71240899979495,34.44574700016657],[-118.71183899988256,34.444589000288715],[-118.71183300003477,34.44457599969229],[-118.70920699988048,34.439237000306733],[-118.70814800024652,34.437084000062718],[-118.70777199960457,34.436336000066937],[-118.70771800007624,34.436210999966441],[-118.7073309995636,34.43542000006866],[-118.70711999967642,34.434994999788053],[-118.70687700000218,34.434501999955422],[-118.70677700044305,34.434296999816674],[-118.7067439999328,34.434230000208004],[-118.70630999956452,34.433346999783019],[-118.70507199983041,34.430831999965257],[-118.70493299991327,34.430549000113906],[-118.70321300013033,34.427052000115104],[-118.69990599973556,34.420329999846111],[-118.6996129998326,34.419733000153492],[-118.69923000041625,34.418955999740426],[-118.69897099995018,34.418427999694302],[-118.69894199963785,34.418369000332596],[-118.697986999761,34.416427999941092],[-118.69765899969795,34.415761000360611],[-118.69542099988112,34.411211999922791],[-118.69520499997108,34.410773999665615],[-118.6948619998394,34.410077000297321],[-118.69423400020069,34.408798999870065],[-118.69376999969519,34.407859000105887],[-118.69373100023545,34.407777000065529],[-118.69364099982376,34.407593999757857],[-118.69357800007457,34.407466000248398],[-118.69354999958718,34.407409999984523],[-118.69351000030251,34.407329000052627],[-118.69339200030174,34.407088000148427],[-118.69333600022524,34.406974000194815],[-118.69290000020716,34.406087999992799],[-118.69279399990194,34.405872000292661],[-118.69265699963458,34.405592999761978],[-118.69230299963225,34.40487499993565],[-118.69139700015917,34.403033000071517],[-118.69041299997002,34.401032999826171],[-118.68902999957267,34.398220999931368],[-118.68862700006484,34.397400000106167],[-118.68800100007596,34.396126999940897],[-118.68786600035673,34.395851000105615],[-118.68577999997761,34.391604999914328],[-118.68530100030181,34.39063000022184],[-118.68496800021589,34.389953000138405],[-118.68313600027997,34.386224000080254],[-118.68294799995898,34.38584200014057],[-118.68124700044262,34.382380999894529],[-118.68066699958615,34.381200999718757],[-118.67834299955567,34.376471000016913],[-118.67817799969924,34.376135999651055],[-118.67761600018275,34.374993000213543],[-118.67578099987379,34.371254999811093],[-118.67362599989767,34.366868000072905],[-118.6733179999261,34.366239999723128],[-118.67092699994845,34.361371000026963],[-118.67059300003758,34.360691999967088],[-118.67020200022534,34.359895999667231],[-118.66884499976727,34.357134000019066],[-118.66697299964837,34.35332100025817],[-118.66250200003768,34.344214000349218],[-118.65869500005068,34.336460000129762],[-118.6569069995974,34.332816000034164],[-118.65467999965124,34.328274000361851],[-118.65279300036207,34.324427000179931],[-118.65228500037395,34.323392000292365],[-118.65118300018401,34.321143999750362],[-118.6508590003189,34.320484000078594],[-118.65058599960909,34.319926999828944],[-118.64848400023476,34.31564199988523],[-118.6477200001536,34.314085999819675],[-118.64635799967266,34.311309000326695],[-118.64530599971143,34.309163999697645],[-118.64505100034158,34.308644000129213],[-118.64435199965946,34.307205999879322],[-118.64417799958218,34.306863999859729],[-118.64320299961385,34.304874999809556],[-118.64266299983868,34.303776000032734],[-118.64240000007293,34.303238999712661],[-118.64163099996891,34.30167100036288],[-118.64151700016609,34.301438999990928],[-118.64027400040916,34.298905000148856],[-118.63912899966316,34.296569000024448],[-118.63852100011593,34.295330999811895],[-118.63822200036519,34.294721000258399],[-118.63813699997637,34.294547000113994],[-118.6376099997217,34.293474000166029],[-118.63735700000171,34.292958000164681],[-118.6371519999623,34.292540000368575],[-118.63707099977142,34.292376000079415],[-118.63678899973914,34.291803999660829],[-118.63670900027151,34.291267999694249],[-118.63662499970761,34.29070000024057],[-118.63566700035601,34.284299999969249],[-118.63562499962489,34.284003999677594],[-118.634786000099,34.278385000241073],[-118.63478100007613,34.278353000214594],[-118.63471300030407,34.277894000024872],[-118.6341040000336,34.273829000253372],[-118.63407499972129,34.273627999894465],[-118.6339070003901,34.272515999799602],[-118.63390099964401,34.272480999971101],[-118.63386499965901,34.272234000152103],[-118.63376400027498,34.271562999775909],[-118.63359900041854,34.270719000190176],[-118.63358599999975,34.270604000362205],[-118.63357599995399,34.270521999639961],[-118.63354400016696,34.270241999902687],[-118.63349800013619,34.269843999965481],[-118.63349399993824,34.269811999657385],[-118.63347800004472,34.269670000277735],[-118.63347300002182,34.269626000316727],[-118.63346100032626,34.269522000114904],[-118.63344700008258,34.269434000015032],[-118.63343700003682,34.26936499997349],[-118.63342600016618,34.269289000088179],[-118.63328300005104,34.268334999885212],[-118.63328100040123,34.268322000131448],[-118.63326700015752,34.268229000349422],[-118.63270499974271,34.264477000346986],[-118.63255599977981,34.263482999699328],[-118.6325480002822,34.263428999820704],[-118.63254599973406,34.263350999687283],[-118.6325330002136,34.262905999903118],[-118.63253499986341,34.26224299976505],[-118.63253999988628,34.262098000060774],[-118.63254400008425,34.261589000149272],[-118.63254499990914,34.261482000215103],[-118.63255400012999,34.260491000032602],[-118.63256400017573,34.25934000024332],[-118.63257300039655,34.258251999992936],[-118.63260000016075,34.255193000368195],[-118.63260199981055,34.254930000246439],[-118.63260400035868,34.254715999636709],[-118.63264899966623,34.249480999720433],[-118.63264899966623,34.248386999869055],[-118.63264000034371,34.24742700032499],[-118.63260900038158,34.245619000287235],[-118.63256099980268,34.242796000226001],[-118.63253700041155,34.241947999688705],[-118.63253499986341,34.241864000144218],[-118.6325330002136,34.241796000062635],[-118.63253099966546,34.241727999926063],[-118.63252200034293,34.241404000268396],[-118.63249499968046,34.240426000105487],[-118.63249399985554,34.240391000291503],[-118.63285799990359,34.240391000291503],[-118.63310999979869,34.240391000291503],[-118.63327899985308,34.240391999862027],[-118.63340100005182,34.240391000291503],[-118.63382600019924,34.240391000291503],[-118.63398799968265,34.240389999978341],[-118.6346039996258,34.240389999978341],[-118.63492599984109,34.240389999978341],[-118.6351819999341,34.240389999978341],[-118.63559399966276,34.240389999978341],[-118.63579799987725,34.240389999978341],[-118.63587800024321,34.24038899966515],[-118.6363490004214,34.240395999629257],[-118.63639700010198,34.240395999629257],[-118.63690599991499,34.240400000138941],[-118.6374470004134,34.240407999672513],[-118.63814799984704,34.240388000094605],[-118.63819499970272,34.240388000094605],[-118.63824900012938,34.240388000094605],[-118.63836100028239,34.240388000094605],[-118.63837999965062,34.240388000094605],[-118.639510000328,34.240386999781393],[-118.6398419996907,34.240386999781393],[-118.64060300029711,34.240386000210762],[-118.64093700020797,34.240386000210762],[-118.64142599992951,34.240386000210762],[-118.64187299981825,34.240384999897529],[-118.64190600032852,34.240384999897529],[-118.64195400000909,34.240386000210762],[-118.64207600020784,34.240386000210762],[-118.6425459996628,34.240384999897529],[-118.64399500018237,34.240384000326927],[-118.64505299999144,34.240384999897529],[-118.64587200032418,34.240384999897529],[-118.64638399961191,34.240386000210762],[-118.64728099976246,34.240386000210762],[-118.64831500018038,34.240386999781393],[-118.64841800011254,34.240386999781393],[-118.65014499956814,34.24038899966515],[-118.65037300007211,34.240388000094605],[-118.65070100013516,34.240386999781393],[-118.65406899973098,34.240376000048492],[-118.65747800023301,34.240364000000675],[-118.65842800008701,34.240362000116328],[-118.66309799988935,34.240355000149393],[-118.66446299984503,34.240353000264832],[-118.66487700012182,34.240353999835797],[-118.66771400016331,34.240344999983385],[-118.66772000001109,34.240026000303317],[-118.66773300042989,34.237993000132406],[-118.6677340002548,34.237749000333878],[-118.66774199975239,34.23669400005739],[-118.66774199975239,34.236638000093464],[-118.66774299957731,34.236555000065152],[-118.66775400034626,34.234758000166167],[-118.6677629996688,34.233229999659429],[-118.66776500021693,34.232964000252601],[-118.66776600004182,34.23194700030102],[-118.66777199988964,34.229154000051125],[-118.66777199988964,34.228851000083303],[-118.66777199988964,34.228498000084343],[-118.66777299971456,34.227595999771047],[-118.66777400043777,34.226513999758232],[-118.66777400043777,34.225354000255827],[-118.66777299971456,34.223426000020133],[-118.66777299971456,34.222742000226326],[-118.66777299971456,34.222294000265784],[-118.66777400043777,34.2182710003556],[-118.66777400043777,34.218038000290285],[-118.66777400043777,34.217949999830168],[-118.66778000028553,34.216516999965449],[-118.6677839995852,34.21641099978234],[-118.66778600013332,34.215535000256132],[-118.66779100015619,34.213896000337741],[-118.66778899960806,34.213845000242642],[-118.66779399963093,34.212227000371094],[-118.66779600017907,34.210969000005441],[-118.66779700000399,34.210577000087284],[-118.66779799982891,34.210206999753858],[-118.66779799982891,34.210098999944584],[-118.66779799982891,34.21001800036823],[-118.6677989996538,34.209594000306708],[-118.6677989996538,34.209535000342832],[-118.6677989996538,34.209328999742176],[-118.66780000037703,34.209046000122747],[-118.66780200002685,34.208040999832548],[-118.66780299985177,34.207835999994586],[-118.66780299985177,34.207690000211862],[-118.66780399967669,34.207184000290084],[-118.66780500039991,34.206955999864022],[-118.66780500039991,34.206769999783027],[-118.66780600022483,34.206631000181467],[-118.66780700004972,34.20579500002475],[-118.66781500044564,34.205482000142354],[-118.66788800024057,34.202639999702363],[-118.66796500023347,34.199628999943037],[-118.66796699988329,34.199571999800774],[-118.66797600010413,34.199226000130373],[-118.66797699992902,34.199158999860451],[-118.66797899957886,34.199100000022256],[-118.66798699997479,34.198787999864017],[-118.66799199999765,34.198601000268368],[-118.6680010002185,34.198216999865956],[-118.66803399983044,34.196949999892261],[-118.6680659996175,34.195694999924527],[-118.66806700034071,34.195664999862508],[-118.66806700034071,34.195641999758188],[-118.66806899999052,34.195572000048116],[-118.66807400001342,34.19538500000705],[-118.66807900003629,34.195193999866781],[-118.66808400005917,34.194972000362107],[-118.6681019996025,34.194277000132118],[-118.66810400015066,34.194204999794749],[-118.66810499997555,34.194176000064587],[-118.66812300041721,34.193283999932639],[-118.66812900026501,34.192631999878294],[-118.6681350001128,34.191946000248279],[-118.66813799958753,34.191521999939582],[-118.66814000013566,34.191330999966311],[-118.66814599998345,34.191078000331672],[-118.66817600012067,34.189866999975415],[-118.66817000027288,34.187522999722695],[-118.66816900044796,34.18715499966833],[-118.66816400042509,34.18514800015236],[-118.66815600002919,34.1849799999097],[-118.66815299965614,34.184926000211838],[-118.66816299970188,34.184681000309006],[-118.66816199987696,34.184140999860752],[-118.66816100005204,34.183777999639553],[-118.66815799967901,34.182536000210732],[-118.66815600002919,34.181999999718848],[-118.66815400037935,34.181253000328574],[-118.66815699985412,34.181234999885582],[-118.66815299965614,34.176750000206674],[-118.66815400037935,34.170510999657452],[-118.66815400037935,34.170303999937794],[-118.66815400037935,34.170006999679487],[-118.66815299965614,34.169533999780789],[-118.66815199983122,34.168194999797741],[-118.67215299998696,34.168241000102825],[-118.67424100001593,34.168267999720896],[-118.67438599978088,34.16827100025602],[-118.67566000039827,34.168285999956986],[-118.67718699983735,34.168306000297363],[-118.67894099995547,34.168327999997381],[-118.68118799999309,34.168365999803555],[-118.68365000011585,34.168404000335912],[-118.69089099982091,34.168514000137471],[-118.6917140003516,34.168526000012569],[-118.69231500022613,34.168535000103581],[-118.69261300015198,34.168539999988575],[-118.69347199976936,34.168553000282742],[-118.69383400016761,34.168556999743913],[-118.69452700010365,34.168567999933593],[-118.69472100027242,34.16856900035615],[-118.69482099983153,34.16856900035615],[-118.69531999959881,34.168570000035452],[-118.69687299987547,34.168574000239083],[-118.70261899992849,34.168588000207144],[-118.7032540001382,34.168590000308527],[-118.7033670001161,34.168590000308527],[-118.70339200023047,34.168590999987629],[-118.70506599998265,34.168597000291548],[-118.70879799962655,34.168611999934576],[-118.70975199967852,34.168614000035404],[-118.71004799995451,34.168614999714215],[-118.71035299955304,34.168614999714215],[-118.71081200003567,34.168616999814965],[-118.71091599979273,34.168616999814965],[-118.71199399969323,34.168618999915715],[-118.71441599963303,34.168454999673912],[-118.71544800040111,34.168384999700237],[-118.71576999971806,34.168363999696858],[-118.71649500033948,34.16831499966856],[-118.71689100017461,34.16828800006553],[-118.71692399978659,34.168285999956986],[-118.71711499958226,34.168273000364934],[-118.7184670000175,34.168180999764509],[-118.71863199987392,34.168170000267715],[-118.72028399988481,34.168057999903859],[-118.7224249996172,34.167941000214483],[-118.72337399964627,34.167860999965114],[-118.72402300009972,34.167863999771434],[-118.72631699999302,34.167875000051367],[-118.72638200029033,34.167875000051367],[-118.72684199969954,34.167877000169703],[-118.72868899970408,34.167891999940686],[-118.72914099961572,34.167896000176448],[-118.72942799967088,34.167898000294301],[-118.73032399999651,34.167905000334635],[-118.73076199966441,34.167908999826516],[-118.73149200030871,34.167915999866011],[-118.7353079996182,34.167951999741156],[-118.73565800032088,34.167941999901259],[-118.74007000038036,34.167974999963057],[-118.74015700041899,34.167974999963057],[-118.74030999968156,34.167975999649428],[-118.74088399979192,34.167979000194947],[-118.74135099977214,34.16798100031076],[-118.7415030001081,34.167982999683304],[-118.74493400035145,34.168005000210783],[-118.7457639996565,34.168010999813085],[-118.74749500020843,34.168019999959022],[-118.74785199968548,34.168022000073869],[-118.74798999977774,34.168022000073869],[-118.7483599996736,34.168024000188723],[-118.74929799983202,34.168029000103992],[-118.75045100007559,34.168034999704595],[-118.75147399972452,34.168040000362424],[-118.75209899988852,34.168043000162392],[-118.75270099958796,34.168045999962231],[-118.75272400005247,34.168045999962231],[-118.75310099962104,34.168048000076524],[-118.75348999978344,34.168048999761986],[-118.75369700037101,34.168050000190711],[-118.75410099970372,34.168052000304897],[-118.75449800026209,34.16805399967577],[-118.75469200043085,34.168055000104438],[-118.75489200044738,34.168055999789814],[-118.75509099974069,34.168057000218504],[-118.75529300030539,34.168057999903859],[-118.75550400019259,34.168059000332477],[-118.75558100018546,34.168059000332477],[-118.75570199966097,34.168060000017867],[-118.75591500009631,34.168060999703179],[-118.75611199973982,34.168062000131762],[-118.75650599992511,34.168064000245671],[-118.7567019997437,34.168064999930941],[-118.7568990002855,34.168066000359467],[-118.75729599994551,34.168067000044786],[-118.75768400028304,34.168069000158511],[-118.75789400034532,34.168071000272263],[-118.75816100030902,34.168071999957448],[-118.75835600030268,34.168072999642675],[-118.75839399993751,34.168072999642675],[-118.75846799955735,34.168072999642675],[-118.75859899997693,34.168072999642675],[-118.75872500037364,34.168074000071122],[-118.75934299996661,34.168076999869868],[-118.75972700010615,34.168078999983422],[-118.76016300012424,34.168081000096869],[-118.76058300024883,34.168083000210331],[-118.76084600001452,34.168085000323678],[-118.76102299956655,34.168085000323678],[-118.76123799965171,34.168086000008756],[-118.76166699999712,34.168088000122047],[-118.76176300025659,34.168088000122047],[-118.76195900007517,34.168088999807082],[-118.76254700042921,34.168092000348572],[-118.76281199984476,34.168093000033515],[-118.76335499999297,34.1680959998316],[-118.76375800039911,34.168097999944699],[-118.76412200044719,34.168100000057699],[-118.76439299971052,34.168100999742599],[-118.76463200008511,34.168102000170705],[-118.76510400008823,34.168104999968463],[-118.7653199999983,34.168105999653243],[-118.76552099983974,34.168105999653243],[-118.76577299973484,34.168107999766114],[-118.76603899987359,34.168109000194136],[-118.76652400029549,34.168111000306936],[-118.76704999982695,34.168112999676403],[-118.76750299956352,34.168116000216997],[-118.7720090002326,34.168137000282115],[-118.77328100030186,34.168142999875037],[-118.77400400037514,34.168145999671346],[-118.77492300026701,34.168151000322652],[-118.7750579999862,34.168151000322652],[-118.77526100037582,34.168152999691131],[-118.775576999845,34.168158000342018],[-118.77603999962727,34.168156000230347],[-118.7762120000547,34.168156999914572],[-118.77726800021391,34.168161000137786],[-118.78068500021352,34.168177000285517],[-118.78152399973946,34.168180000080611],[-118.78176999978676,34.168180999764509],[-118.78270499957212,34.16818599967047],[-118.78589700033918,34.168199999702829],[-118.78719500034771,34.168206000034537],[-118.78787900006292,34.168210000255428],[-118.78874899955099,34.168213000049349],[-118.78888900019139,34.16821399973292],[-118.78927099978281,34.167979999881219],[-118.7893760002631,34.167910999944056],[-118.7894339999894,34.167874000363845],[-118.78948699969285,34.16784100026252],[-118.78958600032536,34.167779999951222],[-118.78972600006745,34.167695000357739],[-118.79041399998063,34.167273000190633],[-118.79350299991722,34.165380000250082],[-118.79355700034387,34.165346999917105],[-118.79373100042116,34.16524100006653],[-118.79377200042903,34.165215999661591],[-118.79519199973798,34.164344999812648],[-118.79801500043411,34.162615999636316],[-118.80084800027765,34.160879000080691],[-118.80207299959294,34.160127999702283],[-118.80261300026642,34.159797000008872],[-118.80507500038918,34.158287999991245],[-118.80617599985591,34.157612000192195],[-118.80632099962087,34.157523000040968],[-118.80640400035985,34.157472000045601],[-118.8064289995759,34.157457999720819],[-118.80647100030701,34.157432000173486],[-118.80682000028646,34.157218999977829],[-118.80694099976199,34.157143999791487],[-118.80710999981638,34.157039999680549],[-118.80726499962707,34.156944000207893],[-118.80737299958213,34.156879000185448],[-118.80747899988732,34.156813000294463],[-118.80762899967515,34.156721999661919],[-118.81059499958808,34.154904000294557],[-118.81145599975362,34.154376000011382],[-118.81151299965504,34.154341000142054],[-118.81159499967079,34.154291000303573],[-118.81419599971071,34.152694999718534],[-118.81430399966577,34.152626999795103],[-118.81446900042052,34.152524999807198],[-118.81457900002538,34.152455000006654],[-118.81488000032424,34.152265999809288],[-118.81512299999849,34.152113999744941],[-118.81560500004734,34.151831999820409],[-118.81578900017038,34.151719000205929],[-118.81853400015034,34.150036000014723],[-118.81867300006751,34.149949999756345],[-118.8188820003049,34.149821999849358],[-118.82074000018011,34.148682999771985],[-118.82082100037096,34.148633000301089],[-118.82095100006728,34.14855400025899],[-118.82107800028889,34.148476999977461],[-118.82154000024624,34.148192999963982],[-118.8224580003132,34.147629999682664],[-118.82299300006548,34.147300000001202],[-118.82341200036514,34.147044000139864],[-118.82371399959061,34.146862000027987],[-118.82385900025389,34.146779000067355],[-118.82472999956684,34.146241000109711],[-118.82574999974105,34.145610999783941],[-118.82600900020712,34.14545299992119],[-118.82608200000205,34.145407999793299],[-118.82625899955406,34.145291999898319],[-118.8263580001866,34.145227999785504],[-118.82699900024411,34.144838999776184],[-118.82779799958702,34.144354999771444],[-118.82804600018248,34.144206000244075],[-118.82834400010832,34.144025999905686],[-118.82844100019267,34.143958999665216],[-118.82853599972891,34.143897999943853],[-118.82884600024862,34.14370999990399],[-118.82891900004354,34.143667000282939],[-118.82893900013502,34.143653999874509],[-118.82896300042449,34.143640000233077],[-118.82930200035821,34.143431000105863],[-118.82959699991099,34.143250000367672],[-118.82985700020198,34.143090999825887],[-118.83034699974844,34.142788999829278],[-118.83058100010017,34.142646999674369],[-118.83073900028391,34.142550000211529],[-118.83089099972156,34.142456999847816],[-118.83102299996607,34.142375999999217],[-118.83115600003545,34.14229400008265],[-118.83128900010482,34.142213000077781],[-118.83141899980117,34.142132999987609],[-118.83149300031934,34.142088000321799],[-118.83155400041871,34.14204999984188],[-118.83168599976487,34.141969000346599],[-118.83181899983425,34.141887000034977],[-118.83195199990364,34.141805999639992],[-118.83208400014811,34.141724999910792],[-118.83212599998092,34.141698999981251],[-118.83221899986731,34.14164200010773],[-118.83235100011183,34.141561000221365],[-118.83248300035628,34.141480000257296],[-118.83261600042569,34.141398000214615],[-118.83275000031999,34.141316000092338],[-118.83291099997847,34.141217999841793],[-118.83308599988064,34.14110900017311],[-118.83326300033097,34.14100000036386],[-118.83330900036174,34.140972000199149],[-118.83337499958563,34.140931999947803],[-118.83345599977648,34.140882000350459],[-118.83356700010459,34.140813999839381],[-118.83368400028044,34.140742999990934],[-118.83375100022758,34.140702000365373],[-118.83402200038925,34.140535000143736],[-118.83435999959973,34.140327999798266],[-118.83438200023936,34.140314000349186],[-118.83464099980712,34.140156000246058],[-118.83471299977715,34.140111000270856],[-118.83502900014464,34.139917999890621],[-118.83550299979758,34.139625999925848],[-118.83552299988908,34.139614999683346],[-118.83589199996,34.139388000308116],[-118.83591100022656,34.139377000034649],[-118.8366379995995,34.138930000350939],[-118.83692899985263,34.138751999989978],[-118.83786799983596,34.138175000189442],[-118.83792399991246,34.138140000299032],[-118.83802900039277,34.138077000013617],[-118.83821199979256,34.137963999844324],[-118.83838900024287,34.13785599973869],[-118.83844199994633,34.137822999802815],[-118.83892599964501,34.137525999799863],[-118.83933800027197,34.137274000263083],[-118.83937199970883,34.137252999957951],[-118.8395879996189,34.137119999887098],[-118.83980100005421,34.13698999976647],[-118.84000500026875,34.136863999664591],[-118.84005700014725,34.136831000084882],[-118.84018099999584,34.136755999640236],[-118.84043200006599,34.13660199980734],[-118.84066800006757,34.136457000229619],[-118.84093199965818,34.136296000165999],[-118.84115000011639,34.136162000013108],[-118.84141799990499,34.135996999871431],[-118.84170300031035,34.135823000292326],[-118.84202999965018,34.13562199997363],[-118.84213400030556,34.135557999971574],[-118.84239100022353,34.135399999898411],[-118.84243899990409,34.135368999891718],[-118.84265900001213,34.135234999756115],[-118.84271300043879,34.135201000209506],[-118.84276299976919,34.135171000204508],[-118.84278600023374,34.135156999901128],[-118.84300200014381,34.135024000249373],[-118.8432480001911,34.134873999803936],[-118.84358899977461,34.134665000300885],[-118.84366900014057,34.1346149999696],[-118.8437000001027,34.134594999828785],[-118.84380100038506,34.134534000039331],[-118.84414100014368,34.134324999695487],[-118.84428799955846,34.134235000202914],[-118.84456700011603,34.134064000233806],[-118.8450299998983,34.13378100019451],[-118.84578099956067,34.133318999949132],[-118.84608600005751,34.133132000264865],[-118.84624699971597,34.133033000089583],[-118.84630299979247,34.13299899965714],[-118.84654399981692,34.132851000283495],[-118.84676499974985,34.132714999665914],[-118.84706299967566,34.132532999918602],[-118.84727299973797,34.13240300017786],[-118.84733999968512,34.132362000223885],[-118.84762500009046,34.132186999743233],[-118.84788399965825,34.132029000060314],[-118.84809799991847,34.131897000061073],[-118.84833300009512,34.131752999962089],[-118.84863199984588,34.131569000139436],[-118.84884600010611,34.131438000284341],[-118.84904899959736,34.131314000325268],[-118.8492689997054,34.131179000330896],[-118.84949100036157,34.131041999873815],[-118.84950200023223,34.131034999752238],[-118.84970800009654,34.130908999695315],[-118.85003000031182,34.130712000097411],[-118.85036199967453,34.130507999875149],[-118.85061299974468,34.130353999811398],[-118.85070999982908,34.130294000067877],[-118.85091200039375,34.130174999843391],[-118.85121600016738,34.129984000095121],[-118.85132499994731,34.129916999874816],[-118.85235400034233,34.129285000244742],[-118.85251099980287,34.129188999718117],[-118.85263600037464,34.129111000232427],[-118.85271900021533,34.129061000333571],[-118.85277399956857,34.129026999790561],[-118.85408699964574,34.128220999841872],[-118.85504700044379,34.127631999795867],[-118.85552799976941,34.127337000009263],[-118.85563999992242,34.127268999753639],[-118.85603800030569,34.127023999833625],[-118.85630100007138,34.126863999821282],[-118.85637700023936,34.126815999684133],[-118.85640999985134,34.126794999754992],[-118.85647299960053,34.126764999740963],[-118.8571379999475,34.126363000161767],[-118.85723599985677,34.126303999996047],[-118.85735800005551,34.126231000238221],[-118.85775399989065,34.125978000304464],[-118.85916599970199,34.125110999647092],[-118.86031599957252,34.124404000275035],[-118.86061600004649,34.124218999868425],[-118.86069399986431,34.124156000361062],[-118.86089399988083,34.124025999635791],[-118.86094699958427,34.124000000210437],[-118.86102799977512,34.123968000277387],[-118.86139000017339,34.123743000197372],[-118.86157900031927,34.123627000308858],[-118.86164200006846,34.123592000343287],[-118.86189399996356,34.123434000212207],[-118.8626930002048,34.122943000269046],[-118.86373199974724,34.122303000230858],[-118.86394699983239,34.122170999917849],[-118.86406700038133,34.122098000309812],[-118.86608199971703,34.12086000029317],[-118.86806500016398,34.11964000019146],[-118.87023500020872,34.118306999918445],[-118.87069700016609,34.118022000120163],[-118.87345300001671,34.11633100020363],[-118.87367300012473,34.11619499978368],[-118.87382799993546,34.116100000312073],[-118.87393099986761,34.116036999961715],[-118.87454099996297,34.115660999716255],[-118.87485899998029,34.115466999723111],[-118.87690600000136,34.114209999880245],[-118.87730100001157,34.113965999633123],[-118.87903800041126,34.112899999893678],[-118.88034800011538,34.112094999773042],[-118.88104699989917,34.111665999767943],[-118.88311999985953,34.110391999662305],[-118.88525599956907,34.109080000025052],[-118.88738799997897,34.107770999831075],[-118.88911500033288,34.106709000278634],[-118.88943699964986,34.106512000082979],[-118.89148899969379,34.10525100008141],[-118.89219500004863,34.104816999647326],[-118.89290100040347,34.104382999962276],[-118.89336300036082,34.104100000248856],[-118.89388300004453,34.103780000202789],[-118.89562399974383,34.102708999982887],[-118.89626999982423,34.102312999662956],[-118.89935899976079,34.100413999983722],[-118.90030899961478,34.099830999648994],[-118.9044839998478,34.097264999734932],[-118.90840899983553,34.094851999852061],[-118.90891000015095,34.094542999955195],[-118.91175600041328,34.0927929996461],[-118.91243099990768,34.092378999756235],[-118.91639400042855,34.089942999818014],[-118.91667800011068,34.089768000088824],[-118.91873299962938,34.088504000161535],[-118.92040100043207,34.087478999691761],[-118.92074799986339,34.087264999628978],[-118.92084599977269,34.087203999922217],[-118.92112199995722,34.087034999883166],[-118.92140700036255,34.086860000094724],[-118.9226559999673,34.086091999675375],[-118.92382699975423,34.085370999685246],[-118.92426000029758,34.085105999737017],[-118.92589200021696,34.084102999846237],[-118.92646899980205,34.083747999997897],[-118.92789999987997,34.08286800018098],[-118.92912699974343,34.082112000252252],[-118.92980499961082,34.081696000286449],[-118.93132799975028,34.080759999959952],[-118.93137299995612,34.080731999937122],[-118.93510399977511,34.078433000035737],[-118.93840299977396,34.076406000157561],[-118.93987200038504,34.075504999931347],[-118.9401490003945,34.075333000239851],[-118.94096500035418,34.07482999964386],[-118.94098000042277,34.074746000362758],[-118.94107400013412,34.073998999849422],[-118.94116899967037,34.073195000315557],[-118.94171299964349,34.068836000241134],[-118.94186900017739,34.067692000276594],[-118.94202900001098,34.066333000229868],[-118.9421379997909,34.065536999869124],[-118.94249900036425,34.062420999892645],[-118.94254700004485,34.062132000138419],[-118.94274600023645,34.060534000297942],[-118.94281099963548,34.060017999786488],[-118.94298899991071,34.058612999805952],[-118.94302300024592,34.058304000146869],[-118.94308599999508,34.057861999709552],[-118.94311000028453,34.057632999999306],[-118.94356600039411,34.054000000193653],[-118.94415999969766,34.04925700016399],[-118.94439499987428,34.047383999968197],[-118.94449299978358,34.04663599977345],[-118.94450200000442,34.046562999773229],[-118.94463199970075,34.045502000291883],[-118.94464400029462,34.045399999878683],[-118.94487799974806,34.045418999870066],[-118.94490399968731,34.045198000216224],[-118.94491700010612,34.045102000318465],[-118.94508399961236,34.043820999819573],[-118.94517999987181,34.043085999692572],[-118.94619300037331,34.035368000250052],[-118.95037399955579,34.001546999781141],[-118.95056400042492,34.000007000272412],[-118.9511419998349,33.996432000224964],[-118.95172099996816,33.99285799970361],[-118.94564400037733,33.991992000255252],[-118.94043800009946,33.99145199982285],[-118.93523900039264,33.991785999706195],[-118.93254399974305,33.992029000040617],[-118.93165300033859,33.992109999997638],[-118.93151400042142,33.992081000215023],[-118.93149900035282,33.992078000134207],[-118.93142700038278,33.992062999728567],[-118.9313920002227,33.992056000034886],[-118.92620100001345,33.990999000197931],[-118.91926099970898,33.990502999688587],[-118.91543000033089,33.990424000278715],[-118.91046300042763,33.989411000347033],[-118.90222900031257,33.988482999731566],[-118.89726499988406,33.987804999970571],[-118.89226199999577,33.987429999971198],[-118.88771199984404,33.9872399996379],[-118.88730099994032,33.98722299994801],[-118.88483299996976,33.986060000209676],[-118.88139699970355,33.984968999999928],[-118.87592500018523,33.983823000330936],[-118.87399799981478,33.983313999948173],[-118.87369900006402,33.983048000186216],[-118.87099300044208,33.980642000176971],[-118.87046100016455,33.980063000028672],[-118.8639970000611,33.973020000093619],[-118.85928200005294,33.968242000139071],[-118.85684599986945,33.965969999757981],[-118.85278699998739,33.962565000133004],[-118.8477609996346,33.959334000178004],[-118.8411159997812,33.955371000117403],[-118.83476100035605,33.952382000072767],[-118.82938100000092,33.950394999705551],[-118.82489299977347,33.949041999983599],[-118.82093199980071,33.948188999697813],[-118.81475200027772,33.947214000285562],[-118.80982700020729,33.946904999730101],[-118.80537199959177,33.947144999991103],[-118.80361300034912,33.947240000295622],[-118.79772800037892,33.948212000016881],[-118.79212600026594,33.949519000352758],[-118.78652800035096,33.951429999710058],[-118.77903900005046,33.954526999680468],[-118.77392999985699,33.957510000012803],[-118.76813699994833,33.960799999924191],[-118.76427800008281,33.963608999902831],[-118.76258699971386,33.96435700008012],[-118.76057099965493,33.96497199968907],[-118.75686599977521,33.966401999954563],[-118.75441100022343,33.967791999936843],[-118.75091899988075,33.971071000219709],[-118.74960599980358,33.97180400007381],[-118.74639100036863,33.97550100007814],[-118.74595899965018,33.975555999855118],[-118.74344299999905,33.975877000281628],[-118.73992999973996,33.976522000363737],[-118.73775600039558,33.976774999729663],[-118.73552799972622,33.977035000019079],[-118.73072599967944,33.978857000011146],[-118.72745900036594,33.980307000031587],[-118.72260500044058,33.979411999683443],[-118.71674200021171,33.978687000346255],[-118.71025999966663,33.978123000180197],[-118.70958599999716,33.978064000303277],[-118.70457399988805,33.9778399997411],[-118.69851400001566,33.978186999975193],[-118.69669600032346,33.978568000155128],[-118.69399099962813,33.979135000141525],[-118.6891440002738,33.97994999980228],[-118.68400800031617,33.979221000367538],[-118.68081499972416,33.97915999965317],[-118.67701699995804,33.979268000289707],[-118.67241199955471,33.979913999645852],[-118.66651400006407,33.980562000128806],[-118.66138700032722,33.982147000273535],[-118.65646300008169,33.983797999956025],[-118.65286699998192,33.984408000152385],[-118.65016100035999,33.985115999746021],[-118.64834799979231,33.98672899967606],[-118.64393999993079,33.985796999660998],[-118.6397360002838,33.985735999941404],[-118.63306700014097,33.985645000082997],[-118.62886199977075,33.986153000313664],[-118.62632000018036,33.986459999894599],[-118.6259159999493,33.987233000291788],[-118.62083699989306,33.986799000229986],[-118.620071999987,33.986969999648764],[-118.61595799985336,33.986413000224744],[-118.61132099966296,33.986192999950667],[-118.60438899975443,33.98628300036863],[-118.59971499975413,33.986667999880531],[-118.59407900020429,33.988065000041551],[-118.59097100000115,33.987235000211427],[-118.58657700038333,33.987012999905858],[-118.58097600009528,33.987300000181065],[-118.57601800041284,33.987517000327067],[-118.57009900010746,33.988727000143378],[-118.56968700037882,33.98881099972008],[-118.56923799994195,33.988711999890974],[-118.56638699965674,33.988084000207472],[-118.56313000038901,33.987824000194678],[-118.56311100012243,33.987822999869358],[-118.56271799976203,33.987792000206817],[-118.56263300027155,33.987790000300343],[-118.55915299962437,33.987712999766394],[-118.55735599984855,33.987673000099925],[-118.55686399975397,33.987248999647605],[-118.55134000035711,33.982489000353844],[-118.54841700010191,33.97996999996532],[-118.54788099962637,33.979317999972338],[-118.54543799977019,33.976346999687536],[-118.54156499966096,33.971636000002682],[-118.53765899993981,33.966883999736346],[-118.53748599968743,33.966674000111546],[-118.5346329997524,33.963203999894759],[-118.53347399966103,33.961794000221978],[-118.52641600025412,33.955944000263706],[-118.52575299955697,33.95539499994738],[-118.5235709998167,33.953175000067624],[-118.52344699996812,33.953049000019128],[-118.52085400032408,33.949157000364025],[-118.52056300007095,33.948739999637823],[-118.51814000030625,33.945265000079296],[-118.51367200017029,33.939051000251027],[-118.51360500022314,33.938958000060296],[-118.50862699955093,33.932516999891845],[-118.50647599977277,33.928051999917678],[-118.50091200019294,33.918621000255506],[-118.49898900002043,33.916298999684351],[-118.49886799964661,33.916152000296151],[-118.48893899986297,33.904156999956761],[-118.48486900011028,33.899238999855186],[-118.47681999994313,33.88951299992258],[-118.47580200031709,33.888186999652248],[-118.4750149997714,33.887162000132058],[-118.47379999960354,33.885577999973279],[-118.45963299983772,33.867119000015201],[-118.45820400030792,33.865256000126635],[-118.45563300040521,33.861383000168246],[-118.45537999978689,33.861000999685707],[-118.44835800036498,33.850423000324021],[-118.44725399962687,33.848759999910904],[-118.44533100035268,33.843082999665832],[-118.44396800004679,33.8390570000781],[-118.44664600007964,33.836286000113631],[-118.44690399982251,33.836020999873064],[-118.45053799955711,33.832265000014601],[-118.45706199993501,33.82750299981484],[-118.46915300026573,33.818679000228514],[-118.47025899975534,33.817556999837208],[-118.47180700000911,33.815989999886689],[-118.48309599972559,33.804557999650825],[-118.48320700005365,33.804445000297065],[-118.48323999966563,33.804411999856555],[-118.4833290002524,33.804320999638904],[-118.48448300032091,33.803154000287051],[-118.48527599981604,33.797529999852642],[-118.48776800007604,33.779865000201148],[-118.48566099978052,33.754673000306148],[-118.48557700011493,33.753663999754842],[-118.4854690001599,33.753501999919848],[-118.48543599964962,33.753452000010391],[-118.48487199958498,33.752598999781654],[-118.48228399996385,33.748686000332057],[-118.47370199969424,33.735713999678708],[-118.46696200030462,33.725524000178126],[-118.42863700016676,33.701266000008985],[-118.38593099993153,33.686711999729475],[-118.37717100028503,33.6789529997858],[-118.36317600004833,33.672108999645452],[-118.3520079998074,33.666648999987451],[-118.34541499983256,33.663427000065624],[-118.33512000035104,33.661906999784264],[-118.31913499999466,33.659546999907228],[-118.29339900012992,33.661772000066833],[-118.27429399987484,33.663423999645389],[-118.27423899962326,33.663429000096556],[-118.25452800036911,33.675070000219627],[-118.2512760002259,33.677952000328546],[-118.25109200010289,33.678115999680927],[-118.25090700015498,33.678278999999058],[-118.24722599966637,33.681539999953898],[-118.24354599990099,33.684801999696212],[-118.23700800017772,33.690594999689729],[-118.22675499963069,33.690594999689729],[-118.22157900038839,33.690594999689729],[-118.21737700039121,33.690594999689729],[-118.19211099998142,33.690593000290647],[-118.17597500001233,33.691189000044488],[-118.17231399961521,33.69132399992629],[-118.16865399994133,33.691459000343407],[-118.16583000031862,33.691563000127061],[-118.15598400037567,33.692937000329898],[-118.15579299968165,33.692964000073019],[-118.14781700020778,33.694080999754071],[-118.14780600033711,33.694082999819493],[-118.14152800000653,33.703621000244219],[-118.12857700023348,33.723288999682445],[-118.12795700009238,33.72423199979756],[-118.12590099985047,33.727355999707143],[-118.12444700020633,33.729566000188207],[-118.12020400020126,33.736009999820169],[-118.11951000044031,33.737064000289131],[-118.11780300017787,33.739655000348328],[-118.11601399989964,33.74237700001499],[-118.11564999985156,33.742930999824075],[-118.11474900040139,33.744302000013398],[-118.11463499970026,33.744605999690719],[-118.11441999961511,33.745176000009636],[-118.11405999976498,33.746137999682276],[-118.1132370001326,33.746984999712552],[-118.11304600033689,33.747089999639719],[-118.11289400000091,33.747172000211947],[-118.11225499959323,33.747519999636339],[-118.11132900002869,33.748018000335634],[-118.11064699996331,33.748386000020211],[-118.1104989998253,33.748465999807621],[-118.11021400031825,33.748619999785838],[-118.11012100043185,33.748670000272213],[-118.10982000013298,33.748829999989404],[-118.10896399999028,33.749294999783871],[-118.10626800041412,33.750751000319255],[-118.10598800003162,33.750900000086069],[-118.10586800038104,33.750967999858567],[-118.10585999998511,33.750900000086069],[-118.10585800033529,33.750864999687899],[-118.10584900011445,33.750664999699346],[-118.10166899985857,33.752915000309578],[-118.1015650001015,33.752974999975741],[-118.10146399981916,33.75304000006458],[-118.1013679995597,33.753108999725811],[-118.10127600039648,33.753182999787903],[-118.10116099987047,33.753280999711237],[-118.10109599957313,33.753332999899449],[-118.10102699997618,33.753382999878298],[-118.10095500000615,33.753429000221487],[-118.10087999966309,33.753472000276432],[-118.10046600028458,33.753695000163269],[-118.10034900010874,33.753752999861298],[-118.1002260000851,33.753802000258084],[-118.10014200041951,33.753830000365582],[-118.09998800043371,33.753877999888374],[-118.09987000043294,33.753917000134344],[-118.09975499990691,33.753962000108864],[-118.0996429997539,33.754011999720895],[-118.09953399997397,33.754066999708641],[-118.0989039997871,33.754406999664219],[-118.09884000021299,33.754443000186825],[-118.0987759997406,33.754481000099744],[-118.09871499964122,33.754521000147079],[-118.09865500026508,33.754562000250921],[-118.09859599981553,33.754604999737644],[-118.09853999973903,33.754650000097946],[-118.09848500038576,33.754695999761353],[-118.09843299960892,33.75474400029303],[-118.09838199955527,33.754793000123435],[-118.09833300004981,33.754844000069625],[-118.09828600019411,33.754896000056746],[-118.09824199981318,33.754950000153592],[-118.09819999998039,33.755004000216445],[-118.09815999979745,33.755059999637133],[-118.0981220001626,33.755116999836822],[-118.09809500039844,33.755159999792021],[-118.09772200012952,33.75535899968601],[-118.09712899975258,33.755682000185772],[-118.09642400012098,33.756067000074985],[-118.09375500030896,33.757509000060146],[-118.09197000022873,33.758472000316317],[-118.09197699990142,33.758676000126705],[-118.09199500034308,33.758666999881719],[-118.09201999955913,33.758655000300422],[-118.09204899987142,33.759145999657953],[-118.0920100004117,33.759147999701256],[-118.09203700017586,33.759563000218101],[-118.0920449996735,33.759674999788338],[-118.0921300000623,33.76110300033853],[-118.09214900032887,33.761466999895411],[-118.09233199972867,33.76453200025842],[-118.09352099995726,33.767796000183459],[-118.09361100036892,33.768053000343258],[-118.09362800008738,33.768095999783284],[-118.09464300023869,33.769836000198666],[-118.09467699967556,33.769893000280192],[-118.09468900026945,33.769915000236047],[-118.09473899959983,33.770002000107866],[-118.09501999980723,33.770492000285309],[-118.09507000003596,33.770577999683013],[-118.09565699966679,33.771599999653603],[-118.09600999984421,33.77212500034593],[-118.09619899999009,33.772406999880474],[-118.09646400030395,33.77280100031841],[-118.0966159997416,33.773048000313366],[-118.09688000023056,33.77347700018418],[-118.09706000015562,33.773722999872071],[-118.0970579996075,33.774049000154989],[-118.09705699978258,33.774191999924334],[-118.09705599995765,33.774375999788056],[-118.09705500013273,33.774560000003376],[-118.09705400030784,33.774785999800052],[-118.09704199971394,33.777107999642006],[-118.09702599982042,33.777507999705314],[-118.09698499981255,33.777907000338018],[-118.09691700004049,33.778304000262629],[-118.09682400015406,33.778696999919859],[-118.09679300019192,33.778797999914794],[-118.09670500032838,33.779085000322425],[-118.09656100038833,33.779467000260297],[-118.09639200033392,33.779842000033554],[-118.09427499999266,33.784184000237573],[-118.09345599965992,33.785444000294426],[-118.09335299972776,33.785609999824104],[-118.09327699955978,33.78572800020256],[-118.09322999970411,33.785805000349214],[-118.09312500012213,33.785973999798095],[-118.09302899986265,33.786121000138671],[-118.09258699999677,33.786819000252216],[-118.09247800021684,33.786995000056514],[-118.09232300040615,33.787240999745265],[-118.09217699991795,33.787473000066711],[-118.09200899968847,33.787739000356879],[-118.09161700005131,33.788362000061809],[-118.09146700026348,33.788602999673678],[-118.09143600030133,33.788650000200469],[-118.09126700024694,33.788924000200552],[-118.09056300044026,33.790063000003904],[-118.08854200035843,33.793221999932825],[-118.0879049996006,33.794228000207767],[-118.08778300030013,33.794422000159713],[-118.08765899955326,33.794617999633843],[-118.08726299971815,33.795242999995281],[-118.08682300040043,33.795934999857153],[-118.08622800037368,33.796879000205898],[-118.08601999996121,33.797728000311352],[-118.08565699973803,33.799208999893715],[-118.08534499956851,33.800470000085248],[-118.08512799983352,33.801356999680344],[-118.08500499980988,33.801849999690113],[-118.08496399980201,33.802016000254994],[-118.08493299983988,33.80215199998316],[-118.08486599989271,33.802421999758131],[-118.08475600028784,33.802859000110203],[-118.08474399969397,33.802909999811142],[-118.08465400018059,33.803007000080569],[-118.08423999990383,33.803416000115192],[-118.08247400009014,33.805185000296554],[-118.08152500006108,33.806144999918835],[-118.08126700031819,33.80640600007672],[-118.08115400034031,33.806520000041694],[-118.08077900042157,33.806896999688924],[-118.07901899955736,33.808650000253252],[-118.07846100023885,33.809205999700069],[-118.07839699976643,33.809274000222118],[-118.07836499997937,33.809306000097877],[-118.07835099973566,33.809319000230531],[-118.07832700034453,33.809344000307959],[-118.07831099955271,33.809360000234179],[-118.07827600029091,33.809394999875906],[-118.07816599978774,33.809505000362577],[-118.07813099962765,33.809538999765152],[-118.07808600032011,33.809583999634228],[-118.07807000042658,33.809600999694688],[-118.07801599999992,33.809654000212788],[-118.07796199957326,33.809706999951658],[-118.07787999955747,33.809789000313863],[-118.07785000031856,33.809818999643916],[-118.0777969997168,33.809873000202906],[-118.07755400004255,33.810114999884171],[-118.07746100015612,33.810208000255081],[-118.07742799964585,33.810240999953066],[-118.0772899995536,33.810382000147804],[-118.07727299983516,33.810400000219467],[-118.07722799962932,33.810445999804877],[-118.07720300041328,33.810471999721855],[-118.07714899998659,33.810524999700398],[-118.07692300003079,33.810752999698309],[-118.07686699995431,33.810807999832726],[-118.07533600031725,33.812342000300852],[-118.07526799964685,33.812410999969323],[-118.07517599958537,33.812502999938324],[-118.07499999985825,33.81267899992784],[-118.07478599959803,33.812893999822322],[-118.07458800012962,33.813092999951301],[-118.07446799958072,33.813213000037862],[-118.07437499969429,33.813303000365543],[-118.07396600033869,33.813715000092643],[-118.07283300018659,33.814856000127968],[-118.07236500038145,33.815089000353183],[-118.07223099958884,33.815154999702621],[-118.0719259999903,33.815306999752146],[-118.0719119997466,33.815313999792117],[-118.07183899995168,33.815351000207066],[-118.07181399983732,33.815363000055811],[-118.0717269997987,33.815406999735607],[-118.07165599965356,33.815441999888833],[-118.07110199963471,33.815717000061042],[-118.07049300026256,33.81602100013167],[-118.07000899966557,33.816262000232555],[-118.06982899974054,33.816352000337623],[-118.06964600034075,33.816442999700747],[-118.06955400027923,33.816488999768474],[-118.06952599979181,33.816502999654368],[-118.06941500036206,33.816630000113946],[-118.06929700036126,33.816762000115574],[-118.06916900031476,33.816905000198403],[-118.06909599962151,33.816985000192624],[-118.06894300035894,33.81715600020928],[-118.06881600013733,33.817297000201563],[-118.0687700001066,33.817349000341189],[-118.06875800041104,33.817361999998006],[-118.06867399984711,33.817417999702599],[-118.06842100012712,33.817473000029857],[-118.06834800033219,33.817473000029857],[-118.06758300042614,33.817469999768647],[-118.0674469999837,33.81753799969254],[-118.06722699987566,33.81764800015732],[-118.0670389995547,33.817741999886032],[-118.0668560001549,33.817834000092212],[-118.06678800038284,33.81786799991616],[-118.06671899988754,33.817901999726651],[-118.06655400003112,33.817984999777941],[-118.06621000007453,33.818157000113381],[-118.06611399981506,33.818207000319589],[-118.06601000005797,33.818257999828063],[-118.06546699990977,33.818529000350075],[-118.06532700016768,33.818600999727479],[-118.06514200021975,33.818691999683189],[-118.06461900016302,33.818956999904728],[-118.06432100023719,33.819104000321296],[-118.06400999989256,33.819259000268524],[-118.06367699980665,33.819425999959961],[-118.06332899965209,33.819599999760761],[-118.06316999964345,33.819681000280795],[-118.06324800035955,33.820400000234379],[-118.06324800035955,33.82064800028715],[-118.06324900018447,33.820706000177658],[-118.06325000000938,33.820764000028845],[-118.06325699968208,33.821048999961299],[-118.06326300042817,33.821338999899631],[-118.06326300042817,33.821381000154041],[-118.06327099992576,33.821419000224253],[-118.06327099992576,33.821429999927183],[-118.06327099992576,33.821453000115646],[-118.06327799959845,33.821464999854605],[-118.06327799959845,33.821498999727709],[-118.06327799959845,33.821631999716132],[-118.06329299966708,33.82194099983338],[-118.06328599999438,33.822033000000395],[-118.06327799959845,33.822750000279022],[-118.06327799959845,33.822811000310431],[-118.06327799959845,33.823681000145463],[-118.06327199975068,33.823934999707753],[-118.06326799955272,33.824107000017122],[-118.06326799955272,33.824220000266379],[-118.06326900027595,33.824376999909113],[-118.06327199975068,33.824937000118169],[-118.06327199975068,33.82508599995316],[-118.0632659999029,33.825560999932733],[-118.0632669997278,33.825694000319835],[-118.06327099992576,33.826190000343033],[-118.06327099992576,33.826241000314695],[-118.06326300042817,33.826344000150087],[-118.06325500003224,33.826713999890089],[-118.06325500003224,33.826815999924136],[-118.06325599985716,33.826847999953607],[-118.06325500003224,33.826915999883241],[-118.06325500003224,33.826953999732581],[-118.06325000000938,33.827039999879112],[-118.06330500026095,33.828021999705449],[-118.0633079997357,33.828676000317742],[-118.06330899956062,33.828884999828304],[-118.06331100010874,33.829226999689155],[-118.06331399958349,33.829902000309048],[-118.06335999961422,33.830888999747053],[-118.06332199997941,33.831525999891035],[-118.06332199997941,33.831541000222636],[-118.06329299966708,33.831564999852262],[-118.06317200019157,33.831667999989541],[-118.06308400032802,33.831743000004217],[-118.06241399995821,33.832310999779772],[-118.06212400042828,33.832556999790896],[-118.06204999991013,33.832619000197653],[-118.06172000019725,33.832899999792588],[-118.06122999975248,33.833313999682261],[-118.06107699959161,33.833445000147215],[-118.06095000026831,33.833792999797694],[-118.06091000008533,33.833886999687557],[-118.06083100044265,33.834130999855944],[-118.06068999997731,33.834555000118655],[-118.06052000009801,33.834635000016874],[-118.0603729997849,33.834694999891383],[-118.06026599965479,33.834734999784338],[-118.06022299999707,33.834748999667809],[-118.06017199994346,33.834765000064827],[-118.06012000006491,33.834780999712649],[-118.0600690000113,33.834796000219256],[-118.06001700013275,33.834810000092745],[-118.05996500025424,33.834823000079837],[-118.05991199965244,33.834836000064954],[-118.05985999977393,33.834848000164236],[-118.05980700007049,33.834858999631962],[-118.05975400036704,33.834868999960854],[-118.05969999994035,33.834879000288574],[-118.05964700023689,33.83488799998559],[-118.05959299981023,33.83489599979837],[-118.05953900028189,33.834902999727184],[-118.0594849998552,33.834908999772374],[-118.0594289997787,33.834913999934017],[-118.05937600007525,33.834919999978396],[-118.05932199964859,33.834924000256478],[-118.05914900029455,33.835070000204858],[-118.05898799973775,33.835207000241319],[-118.05900399963124,33.838430000007698],[-118.05900500035449,33.838727000300274],[-118.05900500035449,33.838852000162547],[-118.0590070000043,33.839205999926534],[-118.0590070000043,33.839303999905532],[-118.05901000037738,33.839993999637294],[-118.05901299985209,33.840683999767066],[-118.05901600022514,33.841371000125953],[-118.05902000042312,33.842050000296069],[-118.05902200007293,33.842752999766361],[-118.05902500044596,33.843477999870707],[-118.05903899979135,33.844095000214629],[-118.05903200011868,33.844421000320558],[-118.05903200011868,33.844545000290672],[-118.05903499959338,33.844947000304195],[-118.05903700014154,33.845379999964244],[-118.05903700014154,33.845427999651882],[-118.05903799996646,33.845590000170503],[-118.05903799996646,33.845633999963574],[-118.05903999961627,33.846109999667803],[-118.05903999961627,33.846195000188636],[-118.05891999996567,33.846195999939681],[-118.05883299992705,33.846195000188636],[-118.05845299998545,33.846195000188636],[-118.05790099961641,33.846198999938956],[-118.05664199996592,33.84620599968806],[-118.05639599991864,33.846213999933603],[-118.05628899978849,33.846216999932189],[-118.05625199997857,33.846213999933603],[-118.05600699975619,33.846213999933603],[-118.05581900033354,33.846213000182701],[-118.05543299964586,33.84621499968442],[-118.05488600019797,33.846217999683034],[-118.05468700000635,33.846217999683034],[-118.05469500040228,33.846611000078269],[-118.05469500040228,33.84663400020672],[-118.05469500040228,33.84691599972188],[-118.05470200007495,33.847294999826538],[-118.05470299989987,33.847340999709033],[-118.05470399972478,33.847681999850018],[-118.05470999957257,33.847973000193598],[-118.05470999957257,33.848000000367477],[-118.05471799996849,33.848330999871777],[-118.05471799996849,33.848800999655765],[-118.05471799996849,33.848831000220891],[-118.05470299989987,33.849102999790603],[-118.05471600031868,33.849115999841608],[-118.05472299999136,33.849821000276378],[-118.05340499989134,33.849852000191568],[-118.05254899974867,33.849857999933199],[-118.0507040002923,33.849870000161275],[-118.05037500040433,33.849872000323472],[-118.05037500040433,33.849967000139777],[-118.05038000042717,33.850700000031232],[-118.05039299994768,33.852360000196818],[-118.05039999962035,33.853286000016247],[-118.05040200016849,33.853538999971505],[-118.05021800004548,33.853563000137719],[-118.04998299986883,33.853565000213436],[-118.049608999775,33.853567999953889],[-118.04910099978692,33.853572000105039],[-118.04872900024124,33.853576000255956],[-118.0485729997073,33.853576999920683],[-118.04832900020816,33.853570000029485],[-118.04615800033849,33.853610999703811],[-118.04608200017054,33.853610999703811],[-118.04608200017054,33.853656000251725],[-118.04608200017054,33.853676000238963],[-118.04608200017054,33.853698000294116],[-118.04608200017054,33.853721999669617],[-118.04608200017054,33.853840000106835],[-118.04608899984322,33.854121999707459],[-118.0460939998661,33.85431999971189],[-118.04609700023914,33.854464999691537],[-118.04608999966813,33.854881000340342],[-118.04611499978249,33.855459999805667],[-118.04613400004905,33.85612499979613],[-118.04613499987397,33.856277000111334],[-118.04614300026991,33.856425999769989],[-118.04614300026991,33.856528999782675],[-118.04614300026991,33.856544000201438],[-118.0461499999426,33.856659000092066],[-118.04615099976749,33.856689999763596],[-118.0461499999426,33.856741000185458],[-118.0461499999426,33.856929999727782],[-118.04617300040712,33.857799999912118],[-118.04617599988184,33.85790400011966],[-118.04618099990473,33.858100999950459],[-118.04618799957741,33.858619999775129],[-118.04618799957741,33.858687999788714],[-118.04450600032766,33.8586980003127],[-118.04311399970946,33.858706999738928],[-118.04282300035464,33.858708999694187],[-118.04238800016145,33.858711999999954],[-118.04185300040915,33.858715000305622],[-118.04185699970881,33.859150999845667],[-118.04186000008184,33.859495000115444],[-118.04186299955657,33.859737000333652],[-118.04186900030271,33.860537999961714],[-118.04187199977741,33.860876000152629],[-118.04187299960233,33.861012999840135],[-118.04187400032555,33.861150999629814],[-118.04187500015047,33.861287000047646],[-118.04187699980029,33.861453000110487],[-118.04187900034842,33.861682999942843],[-118.04187900034842,33.861696999886696],[-118.04188099999826,33.861950999854585],[-118.04188199982316,33.862182999711358],[-118.04188400037128,33.86233200025471],[-118.04166699973801,33.862334000125067],[-118.04158800009529,33.862334999687228],[-118.04155499958503,33.862334999687228],[-118.04152199997306,33.862334999687228],[-118.0411660003209,33.862337999865652],[-118.04100099956615,33.862339999735816],[-118.04081999981618,33.862341000043919],[-118.04065499995976,33.862342000351944],[-118.04047400020978,33.862344000222066],[-118.04030900035333,33.862344999784156],[-118.04012799970505,33.862346999654164],[-118.03996299984863,33.862347999962182],[-118.03978200009864,33.862349999832169],[-118.03957399968617,33.862351999702106],[-118.0393500002785,33.86235300001001],[-118.03922499970673,33.862354000317893],[-118.03880299993233,33.862356999749693],[-118.03810900017137,33.862346999654164],[-118.03753599988592,33.862368999713546],[-118.03753599988592,33.862472000017696],[-118.03753699971084,33.862514000200171],[-118.03753699971084,33.86264400034996],[-118.03754400028187,33.862853999886944],[-118.03754900030471,33.863051999787217],[-118.0375540003276,33.863248999676848],[-118.03755699980233,33.863382999891051],[-118.03755799962724,33.863460999807614],[-118.03756000017536,33.86353499996855],[-118.03756000017536,33.863586000032065],[-118.03756699984808,33.86391799984726],[-118.03758199991668,33.864929999721632],[-118.03758199991668,33.864959999842931],[-118.03758199991668,33.865093000079703],[-118.03758199991668,33.865115999707079],[-118.03759799981022,33.865715000046514],[-118.03759799981022,33.865953000221424],[-118.03759799981022,33.866012999734544],[-118.0353010004422,33.866013999999552],[-118.0352379997947,33.866013999999552],[-118.03502899955734,33.866013999999552],[-118.03490899990673,33.866013999999552],[-118.03478400023324,33.866013999999552],[-118.03463100007237,33.866013999999552],[-118.03436499993359,33.866012999734544],[-118.03428399974274,33.866012999734544],[-118.03427100022226,33.866012999734544],[-118.03407899970335,33.866021000362622],[-118.03370700015763,33.866035999859946],[-118.03351800001175,33.866031000027789],[-118.03318800029889,33.866029999762979],[-118.02892299965418,33.866046000269279],[-118.02879299995786,33.86604500000464],[-118.02871599996496,33.866046000269279],[-118.02871699978988,33.866241999701643],[-118.02871699978988,33.866392999650067],[-118.02872500018577,33.867370000261758],[-118.02873699988136,33.868668999982461],[-118.02874500027725,33.869491999818123],[-118.02875799979775,33.870774999704253],[-118.02876199999569,33.870985000125643],[-118.02876199999569,33.871093000013339],[-118.02876199999569,33.871192000163262],[-118.02877399969128,33.872505000309864],[-118.0287820000872,33.873322000123018]]],[[[-118.66820299988483,33.485937000337422],[-118.66760200001031,33.477488999911131],[-118.66591900003729,33.467333999855647],[-118.66174999965209,33.456316999648806],[-118.65505700011813,33.445310000348691],[-118.64291300008394,33.434323000245968],[-118.63694299972492,33.428678999701077],[-118.63073399988963,33.423202999819814],[-118.62591699977422,33.415069000344808],[-118.62591699977422,33.414264999643692],[-118.6185739999619,33.406191000360344],[-118.60722800034407,33.39829399999347],[-118.59107999978107,33.390871999902394],[-118.5731970002649,33.383479000200595],[-118.56363099980609,33.381029999992684],[-118.55733300028234,33.380696000045461],[-118.55337599960924,33.380226000107434],[-118.54792900020527,33.376798999654618],[-118.54857699993548,33.375028000254538],[-118.54960899980523,33.375028000254538],[-118.55119300004404,33.369351999823316],[-118.55096600026333,33.361610000303145],[-118.5496060003305,33.35064700018166],[-118.54747599957044,33.340480000234997],[-118.54251899971293,33.331046000246175],[-118.5408490001587,33.325088000108501],[-118.5348849996475,33.315175999919212],[-118.51803700037409,33.296650000349345],[-118.51038599969189,33.289659000186845],[-118.50367999973915,33.285313999881538],[-118.50091399984278,33.284069999694658],[-118.48668799962741,33.276905000243268],[-118.47145899985459,33.272891000064575],[-118.45507199981533,33.269018999627164],[-118.44045999981056,33.267456999794895],[-118.4376539997312,33.267017999625573],[-118.42751900008325,33.265963000209027],[-118.41204900028605,33.266275000052957],[-118.40255700034541,33.26793700001064],[-118.39413699955921,33.265908999790724],[-118.38913100019622,33.265196999943171],[-118.38558899962477,33.265357999678066],[-118.38148700008503,33.26229800001407],[-118.3759080004366,33.260073999824719],[-118.36331099976756,33.255073999878043],[-118.34994999991568,33.251682000009758],[-118.34377200004251,33.250030000158112],[-118.34146700027858,33.250030000158112],[-118.3347529999299,33.248611999828533],[-118.32799300044881,33.248083000352807],[-118.31862199998368,33.24847200005587],[-118.31377300008121,33.249138000093197],[-118.30872199961406,33.250030000158112],[-118.30967099964313,33.250030000158112],[-118.30283699964387,33.251005000172455],[-118.29245799959843,33.254078000018531],[-118.2807029997267,33.259092000192119],[-118.26917800000871,33.265679999759776],[-118.25917800007993,33.27250499989691],[-118.25089700010922,33.281443999798199],[-118.25090299995701,33.280465000331425],[-118.24907500021905,33.284141999788041],[-118.24594000025172,33.291061000111327],[-118.24270099962901,33.303113000196525],[-118.24105100016627,33.313029000174055],[-118.24128600034294,33.323022999857891],[-118.24510199965242,33.338340999689493],[-118.25090299995701,33.351650000369176],[-118.25137900015807,33.353396999711229],[-118.25381100014361,33.357221999770623],[-118.25771400039008,33.364130999689507],[-118.26274800024045,33.370440000279451],[-118.26817700010105,33.375024000337049],[-118.27132299993904,33.376685999715264],[-118.27720999955905,33.380742999749494],[-118.27924300023476,33.382797999765174],[-118.27962900002413,33.383187000361985],[-118.28039599957999,33.38401200027247],[-118.28581000027033,33.38984200023139],[-118.29249000028381,33.395688000328299],[-118.29294399984525,33.396084999644515],[-118.29302800040915,33.396158999664095],[-118.29308600013547,33.396209999701732],[-118.29314600040995,33.396262000194639],[-118.29318900006764,33.396299000136956],[-118.29320699961099,33.396314999640914],[-118.29327299973322,33.396372999974311],[-118.29369200003289,33.39673999977726],[-118.29466600017632,33.397592999723962],[-118.30410200004046,33.403631999884247],[-118.30659099992738,33.407155000020929],[-118.30712800022782,33.409716999696059],[-118.30858699989484,33.416364000313202],[-118.30867599958331,33.416694000161847],[-118.31094699991039,33.425137000080142],[-118.31635099965662,33.434137000348173],[-118.32465300044204,33.441982999952153],[-118.33277299985598,33.448043999698925],[-118.34205700028247,33.453876000136866],[-118.35091800021132,33.457818000042323],[-118.35254799958257,33.459380000174122],[-118.35939300035081,33.464921999652496],[-118.36921699965416,33.469004999927471],[-118.3759080004366,33.471099000313792],[-118.37798200022185,33.471569999686018],[-118.38604899993233,33.473452999704669],[-118.38938800011415,33.474494000314898],[-118.39512699959616,33.476713999783172],[-118.40323000018998,33.47926700029484],[-118.41187199983571,33.480777999987332],[-118.4208409997196,33.481782000045783],[-118.42287000019734,33.483866000343276],[-118.42709499976074,33.487160999916767],[-118.43242999991,33.488939999732651],[-118.4368350002968,33.489443000147844],[-118.44754999990289,33.500024999862745],[-118.45220299998677,33.503388000278449],[-118.45682500010854,33.506874999848975],[-118.46285300019386,33.510426999665171],[-118.4689609997468,33.512999000319475],[-118.47727600005273,33.515433999981148],[-118.48261700004977,33.516059000091197],[-118.48787600003108,33.516145000118485],[-118.49333500002892,33.515725999797645],[-118.49671299967051,33.518375000322692],[-118.50091200019294,33.52163000030621],[-118.50261400043252,33.522667999830134],[-118.50675699998015,33.524911000121698],[-118.51238500003241,33.526915999989662],[-118.5176509996864,33.528686000126363],[-118.52323600008094,33.530153000131946],[-118.52938200016705,33.531181999851654],[-118.5336390004158,33.531442000344008],[-118.53893699985683,33.531260999833378],[-118.5466019998844,33.530840999671149],[-118.55093399957796,33.530192000008377],[-118.55502500014536,33.529207000064169],[-118.55775000003388,33.528328000259705],[-118.56317300004669,33.529289999900882],[-118.56718800044615,33.529481999714164],[-118.57152299961439,33.529471000044474],[-118.57529500033958,33.529259999914942],[-118.57914400015936,33.528409999732531],[-118.58581999997487,33.530879999986091],[-118.58971900002334,33.531977999674922],[-118.59365400005684,33.532237000354236],[-118.59975599976202,33.532320999942435],[-118.6050139999184,33.532206000227077],[-118.6121580004374,33.531850000047314],[-118.61893499963695,33.530655000231192],[-118.6259159999493,33.528978000137514],[-118.63250499972619,33.526466000233015],[-118.63840399994008,33.524026000022765],[-118.64405799993159,33.52128400019302],[-118.6478590000708,33.518209999667384],[-118.65201500003722,33.514092999840869],[-118.65573499998555,33.510818000366726],[-118.65824999981176,33.507884999628644],[-118.65992399956396,33.505760000297315],[-118.66214899986025,33.501716999743614],[-118.66370999963452,33.500024999862745],[-118.66671900010346,33.493489999791784],[-118.66820299988483,33.485937000337422]]],[[[-118.6782039996385,33.039726000310957],[-118.67855099996814,33.026355999793047],[-118.67594099970734,33.015421000374559],[-118.67484299971537,33.012143000104025],[-118.67101599963688,33.005850999716053],[-118.67017299991305,33.000033999803371],[-118.64473199960106,33.000033000054408],[-118.64432700044343,32.997774000363087],[-118.64387899983144,32.994889000184777],[-118.6434329997676,32.992843000198107],[-118.64185799974965,32.98703900031461],[-118.64048600012126,32.982611000220935],[-118.6391939999605,32.978114999796276],[-118.63770599998115,32.975363999988055],[-118.63709900025884,32.972445000028834],[-118.6364909998133,32.96908999999345],[-118.63552199969273,32.965600000086198],[-118.63387300005493,32.962213999885634],[-118.63150100034383,32.957149000010951],[-118.62957300014845,32.953628000072001],[-118.62756600031034,32.950310000317749],[-118.6259159999493,32.947225999713353],[-118.62211700035826,32.941433999737882],[-118.61859700042645,32.936851999650656],[-118.61468800033221,32.932810999756107],[-118.61078900028375,32.92930800021638],[-118.60880199963881,32.927690000214845],[-118.60817400000008,32.926121000086248],[-118.60668000017297,32.920973999983943],[-118.60547099985291,32.918204000292867],[-118.60570100000666,32.915616000065512],[-118.60552199990651,32.912429999986578],[-118.60528900027801,32.908540000233529],[-118.60433500022606,32.906604999757313],[-118.60384700032942,32.90478700026177],[-118.6035190002664,32.903564000280625],[-118.60085899977689,32.897862000350628],[-118.59692999959118,32.890466000075072],[-118.59208200041191,32.885061000320938],[-118.59114099988045,32.883833999820787],[-118.58950099956516,32.88143900015168],[-118.58793700031616,32.878842999820826],[-118.58443099972975,32.875035999855243],[-118.58131800040205,32.871521999877622],[-118.5772100001162,32.868022000245297],[-118.57505500014007,32.865732999834648],[-118.57138200004739,32.859302000293233],[-118.56735300030257,32.854556000275316],[-118.56408299971771,32.851391000157143],[-118.56252799979123,32.849438000177472],[-118.55945399992326,32.843479000291822],[-118.55713699956546,32.837349999935014],[-118.55546000033856,32.833173999900048],[-118.55318599963844,32.828797000219765],[-118.55051500017662,32.825329000001581],[-118.54672599973297,32.820681000089152],[-118.5425019999945,32.816574000302438],[-118.53819700006514,32.812769999707562],[-118.53508999968689,32.810580999931808],[-118.53178400001535,32.808764999827467],[-118.52983200042884,32.807889000135418],[-118.52481399957364,32.804723999721944],[-118.52043300037462,32.80196300029268],[-118.51581299990269,32.799570999969191],[-118.51023799955389,32.79782000003857],[-118.50764999993275,32.7968770001739],[-118.50474299957106,32.794553000086751],[-118.50090999964482,32.792025999644657],[-118.49966699988785,32.791044000274233],[-118.49421100026306,32.78550199983637],[-118.48879599974785,32.781371000192635],[-118.48497399969226,32.779157999701361],[-118.48437700001568,32.778618999822903],[-118.48166899984562,32.774721000205076],[-118.47792600033105,32.770621000086955],[-118.47390599990874,32.766823999686807],[-118.46837400011597,32.762593999750493],[-118.46471199989396,32.76017600014616],[-118.45902100009252,32.757694999627098],[-118.45380800014198,32.755111000372445],[-118.44747999958268,32.753136999779606],[-118.44091500009526,32.751025999800795],[-118.43884600033286,32.750389999813514],[-118.43653800019588,32.750040000052572],[-118.41979899980412,32.750040000052572],[-118.41620299970432,32.750590999790674],[-118.41262099984824,32.751102000246227],[-118.4083219997667,32.751914000083431],[-118.40414300023404,32.753301000232362],[-118.39952500031023,32.755226000190341],[-118.39590099972305,32.757149999864652],[-118.39255700041667,32.758501000038414],[-118.38893299982949,32.761130999918258],[-118.3853490003236,32.763559000054435],[-118.38295900017081,32.765851999885172],[-118.38120500005272,32.768076000043038],[-118.37897499973353,32.769592999935163],[-118.37837700023206,32.770231999729255],[-118.37590699971335,32.769393999969132],[-118.37386100041552,32.768846999869467],[-118.37099699971152,32.76820200009788],[-118.36427300021543,32.767076000141067],[-118.35910200009765,32.766155999766951],[-118.35349400013691,32.765807000154901],[-118.34319200008437,32.767062000050622],[-118.33197399961473,32.770570000051435],[-118.32381900004071,32.773514000047612],[-118.31852800027235,32.776800000203338],[-118.31279700028794,32.780824999652154],[-118.30284800041284,32.788845999817674],[-118.29846899996531,32.79425699978308],[-118.2958410001612,32.798256000080649],[-118.292813000324,32.80380399977691],[-118.2899050001374,32.810530000155502],[-118.28894600006257,32.816150000305612],[-118.28878399968087,32.820829000155392],[-118.28989400026674,32.829382999761492],[-118.29239800022229,32.836394000225205],[-118.29724999959952,32.845093999822844],[-118.30489000041105,32.853464999885958],[-118.31034299966278,32.859504999797913],[-118.3173900000974,32.863764999690154],[-118.32033599991883,32.866264000020337],[-118.32571100025109,32.871732000185247],[-118.32971900007951,32.875037000263752],[-118.32889800009696,32.875037000263752],[-118.33196600011712,32.87678200029675],[-118.33745699990203,32.87974800010182],[-118.34358399972155,32.884427999692527],[-118.35030700029107,32.889680999712901],[-118.35639300010267,32.894495000229384],[-118.36251900009729,32.900117000265375],[-118.36992200018405,32.905066999792332],[-118.37590699971335,32.90868700003216],[-118.37761599962563,32.909596000230366],[-118.38156699955266,32.911852999976425],[-118.38643600044492,32.915083000059219],[-118.39078700040504,32.917841000297678],[-118.39693500014097,32.922548000255688],[-118.40604299994203,32.931791999735907],[-118.40959700020899,32.934550000186185],[-118.41127500015915,32.936465000076808],[-118.41395099964384,32.938617000037219],[-118.41874400036811,32.942112999737944],[-118.42333800000247,32.9464829996774],[-118.42769200033563,32.949575999686026],[-118.43440300031125,32.953207000363925],[-118.44215200000443,32.957949000150954],[-118.44590700011285,32.960270000200921],[-118.44886299998004,32.961750000078297],[-118.45030300027881,32.96369800025186],[-118.45454100026099,32.967965000056964],[-118.4573010003096,32.970920000189821],[-118.46018199983371,32.975253999811933],[-118.46582499995456,32.98243900024579],[-118.47118699986801,32.989122999664545],[-118.47486800035662,32.99308799974677],[-118.47778800023879,32.995774999733563],[-118.4801890002622,32.998596000308062],[-118.48141299975258,33.000033000054408],[-118.47995200043573,33.000033000054408],[-118.4847460000866,33.004618999704583],[-118.48545999993905,33.00599200010771],[-118.48713700006428,33.008175999718276],[-118.48949700007979,33.010629999877445],[-118.49113200037223,33.017923000116959],[-118.49558200006653,33.026336000235368],[-118.50091100036802,33.030586000073924],[-118.50476900040861,33.034622999994134],[-118.50766300035154,33.037882999716714],[-118.50927299963129,33.041566999938581],[-118.51496599998086,33.049889000135728],[-118.5237270003506,33.05997200013082],[-118.53418599986367,33.067858000170958],[-118.54210299978632,33.073787999692456],[-118.55262699959668,33.078632999959233],[-118.56141100043099,33.08106099972057],[-118.56492299996685,33.082219000109554],[-118.5783370004205,33.086243000219298],[-118.58953300025054,33.087111000120473],[-118.6022620002657,33.086050000133959],[-118.6083420002296,33.086319999628152],[-118.61962099990028,33.086719000206379],[-118.62591699977422,33.085664000197823],[-118.63264199999355,33.084538999985043],[-118.64130100025605,33.081882000090445],[-118.65436300035716,33.07495199964638],[-118.66384600007696,33.066846000081],[-118.67078200018349,33.057965999919091],[-118.6756050001467,33.049349000348066],[-118.6782039996385,33.039726000310957]]]]},"properties":{"NAME":"Los Angeles County"}}]}