name,all_names_seen,address,"sources(K=permit-name,O=OSM,V=Overture)",permit_id,is_kbbq,in_city_of_LA,lat,lon
3355 / 3355,3355 / 3355 | 3355 Asian Grill | 3355 Asian grill,1955 TORRANCE BLVD,KOV,FA0311256,False,False,33.83648998,-118.315769
A RI RANG TOFU HOUSE / A RI RANG TOFU HOUSE,A RI RANG TOFU HOUSE / A RI RANG TOFU HOUSE | A Ri Rang Tofu House,529 E VALLEY BLVD 128,KOV,FA0364561,False,False,34.08008134,-118.0930102
AHGASSI GOPCHANG / AHGASSI GOPCHANG,AHGASSI GOPCHANG / AHGASSI GOPCHANG | Ahgassi Gopchang,3744 W 6TH ST,KOV,FA0137538,True,True,34.06328655,-118.3037163
ANJU HOUSE / ANJU HOUSE,ANJU HOUSE / ANJU HOUSE | Anju House,234 S OXFORD AVE,KOV,FA0319225,False,True,34.07015,-118.307582
BAK KUNG / BAK KUNG,BAK KUNG / BAK KUNG | Bak Kung Korean B.B.Q,3700 W OLYMPIC BLVD,KOV,FA0325573,True,True,34.052992991,-118.319131973
BBQ CHICKEN CERRITOS / BBQ CHICKEN CERRITOS,BBQ CHICKEN CERRITOS / BBQ CHICKEN CERRITOS | bb.q Chicken Cerritos | bb.q Chicken,11322 S SOUTH ST,KOV,FA0353164,False,False,33.85701,-118.092693
BBQ CHICKEN DTLA / BBQ CHICKEN DTLA,BBQ CHICKEN DTLA / BBQ CHICKEN DTLA | bb.q Chicken | BB.Q Chicken LA Little Tokyo,442 E 2ND ST,KOV,FA0270345,False,True,34.04722078,-118.2387551
BBQ CHICKEN TEMPLE CITY / BBQ CHICKEN TEMPLE CITY,BBQ CHICKEN TEMPLE CITY / BBQ CHICKEN TEMPLE CITY | bb.q Chicken | Baekjeong Temple City,5709 ROSEMEAD BLVD,KOV,FA0300824,True,False,34.10383816,-118.0737191
BBQ CHUNGDAM / BBQ CHUNGDAM,BBQ CHUNGDAM / BBQ CHUNGDAM | Dream Mong Korean BBQ | Dream Korean BBQ | BBQ Chung Dam,100 S WESTERN AVE,KOV,FA0352249,True,True,34.073422,-118.308671
BBQ STOP / BBQ STOP,BBQ STOP / BBQ STOP | BBQ Stop AYCE | BBQ Stop,20627 GOLDEN SPRINGS DR STE 3A,KOV,FA0165343,True,False,33.99690261,-117.8548187
BBQ+ RICE WEST LA / BBQ + RICE,BBQ+ RICE WEST LA / BBQ + RICE | BBQ+Rice | BBQ+RICE West LA,11086 SANTA MONICA BLVD,KOV,FA0354710,True,True,34.0477573,-118.4435574
BCD TOFU HOUSE / BCD TOFU HOUSE,BCD TOFU HOUSE / BCD TOFU HOUSE | BCD Tofu House,3575 WILSHIRE BLVD,KOV,FA0056292,False,True,34.06189448,-118.3024849
BCD TOFU HOUSE / BCD TOFU HOUSE,BCD TOFU HOUSE / BCD TOFU HOUSE | BCD Tofu House,11710 SOUTH ST # 101,KOV,FA0244698,False,False,33.85843051,-118.0841434
BONCHON / BONCHON,BONCHON / BONCHON | Bonchon Chicken | Bonchon,710 W LAS TUNAS DR # 2,KOV,FA0256381,False,False,34.10238054,-118.1101627
BULGOGI HUT / BULGOGI HUT,BULGOGI HUT / BULGOGI HUT | Bulgogi Hut,3600 WILSHIRE BLVD # 100C,KOV,FA0163121,True,True,34.06170263,-118.3036297
BUTNAL / BUTNAL,BUTNAL / BUTNAL | Butnal | 뉴가주액자 Ga Joo Frame,954 NORTON AVE,KOV,FA0328405,False,True,34.054003,-118.320326
CAFE SEOUL NANDARANG / CAFE SEOUL NANDARANG,CAFE SEOUL NANDARANG / CAFE SEOUL NANDARANG | Nandarang | Nandarang Restaurant & Bar,3815 W 6TH ST,KOV,FA0006953,False,True,34.06368938,-118.3057333
CHIL PO KOREAN RESTAURANT / CHIL PO KOREAN RESTAURANT,CHIL PO KOREAN RESTAURANT / CHIL PO KOREAN RESTAURANT | Chil-Po K-Food | Chil Po Korean Restaurant,17303 S PIONEER BLVD,KOV,FA0059648,False,False,33.87391799,-118.0828126
CHODANG TOFU & BBQ / CHODANG TOFU & BBQ,CHODANG TOFU & BBQ / CHODANG TOFU & BBQ | Cho Dang Tofu & BBQ | Chi Dang Tofu & BBQ,2043 VERDUGO BLVD,KOV,FA0059761,True,False,34.20574111,-118.2211843
CHOSUN GALBEE RESTAURANT / CHOSUN GALBEE RESTAURANT,CHOSUN GALBEE RESTAURANT / CHOSUN GALBEE RESTAURANT | Chosun Galbee,3330 W OLYMPIC BLVD,KOV,FA0009006,True,True,34.05196269,-118.3102431
CHUNG DAM TOFU / CHUNG DAM TOFU,CHUNG DAM TOFU / CHUNG DAM TOFU | Chung Dam | Chung Dam Tofu,18921 NORWALK BLVD,KOV,FA0279789,False,False,33.85956605,-118.0724105
CHUNJU HAN-IL KWAN / CHUNJU HAN-IL KWAN,CHUNJU HAN-IL KWAN / CHUNJU HAN-IL KWAN | Chunju Han Il Kwan | Chunju Han-Il Kwan,3450 W 6TH ST STE #106,KOV,FA0015330,False,True,34.06357331,-118.2970398
CORNER GRILLE KOREAN FUSION / CORNER GRILLE KOREAN FUSION,CORNER GRILLE KOREAN FUSION / CORNER GRILLE KOREAN FUSION | Corner Grille Korean Fusion | Corner Grille,21853 VENTURA BLVD,KOV,FA0308047,False,True,34.16871401,-118.603423
DAEDO KOREAN BBQ / DAEDO KOREAN BBQ,DAEDO KOREAN BBQ / DAEDO KOREAN BBQ | Daedo Skidang | Daedo Sikdang,4001 W 6TH ST,KOV,FA0284548,True,True,34.06376499,-118.310726
"DAMSOT LA, LLC / DAMSOT LA","DAMSOT LA, LLC / DAMSOT LA | Damsot",3377 WILSHIRE BLVD STE 112,KOV,FA0354474,False,True,34.06178578,-118.2975297
DAN SUNG SA / DAN SUNG SA,DAN SUNG SA / DAN SUNG SA | Dan Sung Sa,3317 W 6TH ST,KOV,FA0060619,False,True,34.06373256,-118.2947135
DUMPLING HOUSE / DUMPLING HOUSE,DUMPLING HOUSE / DUMPLING HOUSE | 천하만두 Dumpling House | Dumpling House,3525 W 3RD ST #6,KOV,FA0353521,False,True,34.069341,-118.292496
ESCALA / CANDELARIA,ESCALA / CANDELARIA | Escala | Escala K-town,3451 W 6TH ST,KOV,FA0163047,False,True,34.06370879,-118.2972215
GALBI BROTHERS INC / BROTHERS BBQ / GALBI BROTHERS INC,GALBI BROTHERS INC / BROTHERS BBQ / GALBI BROTHERS INC | Brother's Korean BBQ | Brothers BBQ 형제갈비 | Brothers Galbi,3680 W 6TH ST,KOV,FA0172046,True,False,34.152122,-118.343766
GAM JA GOL / GAM JA GOL,GAM JA GOL / GAM JA GOL | Gam Ja Gol,3003 W OLYMPIC BLVD STE #107,KOV,FA0062521,False,True,34.05266704,-118.3002674
GEN KOREAN BBQ / GEN KOREAN BBQ,GEN KOREAN BBQ / GEN KOREAN BBQ | Gen Korean BBQ | Gen Korean BBQ House,68 W MAIN ST,KOV,FA0025197,True,False,34.09450603,-118.1276108
GEN KOREAN BBQ / GEN KOREAN BBQ,GEN KOREAN BBQ / GEN KOREAN BBQ | Gen Korean BBQ | Gen Korean BBQ House,24301 CRENSHAW BLVD,KOV,FA0162834,True,False,33.80534376,-118.3284656
GEN KOREAN BBQ HOUSE / GEN KOREAN BBQ HOUSE,GEN KOREAN BBQ HOUSE / GEN KOREAN BBQ HOUSE | Gen Korean BBQ | Gen Korean BBQ House,10151 RESEDA BLVD,KOV,FA0202797,True,True,34.25490965,-118.5361129
GEN KOREAN BBQ HOUSE / GEN KOREAN BBQ HOUSE,GEN KOREAN BBQ HOUSE / GEN KOREAN BBQ HOUSE | Gen Korean BBQ | Gen Korean BBQ House,126 N ARTSAKH AVE,KOV,FA0245144,True,False,34.14762046,-118.2538161
GENWA / GENWA,GENWA / GENWA | Genwa Korean BBQ | Genwa Korean BBQ (Mid Wilshire),5115 WILSHIRE BLVD STE A,KOV,FA0024869,True,True,34.06233422,-118.3413418
GO POCHA / GO POCHA,GO POCHA / GO POCHA | Go! Pocha | Go Pocha,401 S VERMONT AVE # 7-8,KOV,FA0062774,False,True,34.06696035,-118.2917028
GOGI / GOGI,GOGI / GOGI | Moo BBQ | Moo Bbq,11746 SOUTH ST,KOV,FA0355167,True,False,33.8583387,-118.0828598
GOGI HOUSE / GOGI HOUSE,GOGI HOUSE / GOGI HOUSE | Gogi House,26524 BOUQUET CANYON RD,KOV,FA0025152,True,False,34.42769876,-118.5365598
GOGOBOP / GOGOBOP,GOGOBOP / GOGOBOP | Gogobop Korean Rice Bar,3456 WILSHIRE BLVD,KOV,FA0250660,False,True,34.06167625,-118.2994739
GOGOBOP / GOGOBOP,GOGOBOP / GOGOBOP | Gogobop | Gogobop Korean Rice Bar,1059 BROXTON AVE,KOV,FA0294260,False,True,34.06139698,-118.446534
GUSHI / GUSHI,GUSHI / GUSHI | Gushi,978 GAYLEY AVE,KOV,FA0063073,False,True,34.06243199,-118.44796
HAE JANG CHON KOREAN BBQ RESTAURANT / HAE JANG CHON KOREAN BBQ RESTAURANT,HAE JANG CHON KOREAN BBQ RESTAURANT / HAE JANG CHON KOREAN BBQ RESTAURANT | Hae Jang Chon | Hae Jang Chon Korean BBQ Restaurant,3821 W 6TH ST,KOV,FA0041599,True,False,34.02847271,-118.1887396
HAK SAN / HAK SAN,HAK SAN / HAK SAN | Hak San | Hak San - Torrance 본점,2216 SEPULVEDA BLVD,KOV,FA0256376,False,False,33.82026793,-118.3206874
HAN KOREAN BBQ / HAN KOREAN BBQ,HAN KOREAN BBQ / HAN KOREAN BBQ | Han Korean BBQ House,201 E MAGNOLIA BLVD STE 281,KOV,FA0302853,True,False,34.183538,-118.312216
HANOO KALBI / HANOO KALBI,HANOO KALBI / HANOO KALBI | Hanoo Kalbi,9711 RESEDA BLVD,KOV,FA0297913,True,True,34.24662401,-118.536485
HANOO KOREAN BBQ / HANOO KOREAN BBQ,HANOO KOREAN BBQ / HANOO KOREAN BBQ | Hanoo Kalbi | Fresh Korean B.B.Q.,17623 SHERMAN WAY,KOV,FA0332555,True,True,34.201464,-118.516962
HANSIK DTLT INC / JIN COOK,HANSIK DTLT INC / JIN COOK | JinCook | Jincook,337 1ST ST,KOV,FA0354404,False,True,34.04972226,-118.2398454
HODORI BBQ & KOREAN CUISINE / HODORI BBQ & KOREAN CUISINE,HODORI BBQ & KOREAN CUISINE / HODORI BBQ & KOREAN CUISINE | Hodori BBQ | Hodori Bbq,400 S BALDWIN AVE STE 2315,KOV,FA0330698,True,False,34.134923,-118.050996
JAWS TOPOKKI / JAWS TOPOKKI,JAWS TOPOKKI / JAWS TOPOKKI | Jaws Topokki,3807 W 6TH ST,KOV,FA0312273,False,True,34.06360149,-118.3057274
JJAMPPONG ZIZON / JJAMPPONG ZIZON,JJAMPPONG ZIZON / JJAMPPONG ZIZON | Jjamppong Zizon | Jjamppong zizon ( 짬뽕 지존 LA ),3446 WILSHIRE BLVD,KOV,FA0330828,False,True,34.061268,-118.299452
JJUKKU JJUKKU & BBQ / JJUKKU JJUKKU & BBQ,JJUKKU JJUKKU & BBQ / JJUKKU JJUKKU & BBQ | Jjukku Jjukku Korean BBQ | Jjukku Jjukku BBQ,3377 WILSHIRE BLVD # 105,KOV,FA0165201,True,True,34.0617982,-118.2975293
JUN WON DAK / JUN WON DAK,JUN WON DAK / JUN WON DAK | Jun Won Dak,4254 1/2 W 3RD ST,KOV,FA0312528,False,True,34.06897,-118.30706
KANG HO DONG BAEKJEONG / KANG HO DONG BAEKJEONG,KANG HO DONG BAEKJEONG / KANG HO DONG BAEKJEONG | Baekjeong | Kang Ho Dong,18900 E GALE AVE # A,KOV,FA0180758,True,True,33.85616924,-118.3012028
KANG NAM RESTAURANT / KANG NAM RESTAURANT,KANG NAM RESTAURANT / KANG NAM RESTAURANT | Kang Nam Restaurant,4103 W OLYMPIC BLVD,KOV,FA0064649,True,True,34.05449631,-118.3219772
KIMBAP PARADISE / KIMBAP PARADISE,KIMBAP PARADISE / KIMBAP PARADISE | Kimbap Paradise,401 S VERMONT AVE UNIT 1-2,KOV,FA0300788,False,True,34.06696701,-118.292195
KIMBAP PARADISE / KIMBAP PARADISE,KIMBAP PARADISE / KIMBAP PARADISE | Kimbap Paradise,1585 SEPULVEDA BLVD STE H,KOV,FA0295317,False,True,33.816543,-118.305855
KING CHANG / KING CHANG,KING CHANG / KING CHANG | King Chang | KingChang-La,3732 W 6TH ST,KOV,FA0297255,True,True,34.06322398,-118.303825
KYOCHON CHICKEN / KYOCHON CHICKEN,KYOCHON CHICKEN / KYOCHON CHICKEN | Kyochon Chicken | KyoChon Chicken,3831 W 6TH ST,KOV,FA0270007,False,True,34.06356053,-118.3061843
LUV DDUK / LUV DDUK,LUV DDUK / LUV DDUK | Luv DDuk | LUV DDUK - K FOOD,12243 ARTESIA BLVD,KOV,FA0325569,False,False,33.873399987,-118.071022024
MARU BOWL-RITTO / MARU BOWL-RITTO,MARU BOWL-RITTO / MARU BOWL-RITTO | Maru Bowl - Ritto | Maru Bowl-Ritto,7574 WINNETKA AVE,KOV,FA0282175,False,True,34.20804489,-118.5709809
MEAT LOVE BBQ / MEAT LOVE BBQ,MEAT LOVE BBQ / MEAT LOVE BBQ | Meat Love Korean BBQ,1145 S WESTERN AVE,KOV,FA0245377,True,True,34.049715,-118.309216
MOM AND BOP / MOM AND BOP,MOM AND BOP / MOM AND BOP | Mom and Bop | Mom & Bop,1707 PICO BLVD,KOV,FA0280466,False,False,34.01791999,-118.4725504
MOOHAN KOREAN BBQ / MOOHAN KOREAN BBQ,MOOHAN KOREAN BBQ / MOOHAN KOREAN BBQ | Moohan KBBQ | Moohan Korean BBQ,3435 WILSHIRE BLVD 123,KOV,FA0332549,True,True,34.062411,-118.298572
NAMSAN / NAMSAN,NAMSAN / NAMSAN | Namsan | Restaurant Namsan,3613 W 6TH ST # B,KOV,FA0297144,False,True,34.06393598,-118.300798
ONDAL RESTAURANT / ONDAL RESTAURANT,ONDAL RESTAURANT / ONDAL RESTAURANT | Ondal seafood | Ondal Crab House,3160 W 8TH ST,KOV,FA0283898,False,True,34.057578982,-118.296910039
OO KOOK BBQ / OO KOOK BBQ,OO KOOK BBQ / OO KOOK BBQ | Oo-Kook Korean BBQ,5405 ROSEMEAD BLVD,KOV,FA0240790,True,False,34.09780998,-118.074018
OO KOOK KOREAN BBQ STORAGE / OO KOOK KOREAN BBQ,OO KOOK KOREAN BBQ STORAGE / OO KOOK KOREAN BBQ | Oo-Kook Korean BBQ | Oo Kook Korean BBQ,3385 W 8TH ST,KOV,FA0067969,True,True,34.05783003,-118.3025457
PINE TREE KOREAN BBQ / PINE TREE KOREAN BBQ,PINE TREE KOREAN BBQ / PINE TREE KOREAN BBQ |  | Pine Tree Korean BBQ,8322 RESEDA BLVD,KOV,FA0028513,True,True,34.22142145,-118.5358786
POCHA EATS / POCHA EATS,POCHA EATS / POCHA EATS | Pocha Eats,13337 ARTESIA BLVD,KOV,FA0331588,False,False,33.874376,-118.047596
RED PALACE #2 / RED PALACE #2,RED PALACE #2 / RED PALACE #2 | Red Palace,18868 NORWALK BLVD,KOV,FA0279944,True,False,33.8599722,-118.0723318
ROAD TO SEOUL / ROAD TO SEOUL,ROAD TO SEOUL / ROAD TO SEOUL | Road to Seoul BBQ | Road to Seoul,1 W MAIN ST,KOV,FA0323168,True,False,34.095224,-118.127055
ROAD TO SEOUL / ROAD TO SEOUL,ROAD TO SEOUL / ROAD TO SEOUL | Road to Seoul | Road to Seoul Korean BBQ (Western),1230 S WESTERN AVE,KOV,FA0275133,True,True,34.04843134,-118.3090169
SEOUL HOUSE OF TOFU / SEOUL HOUSE OF TOFU,SEOUL HOUSE OF TOFU / SEOUL HOUSE OF TOFU | Seoul House of Tofu,2101 SAWTELLE BLVD,KOV,FA0047338,False,True,34.03929489,-118.4424792
SHIK DO RAK NORTHRIDGE / SHIK DO RAK NORTHRIDGE,SHIK DO RAK NORTHRIDGE / SHIK DO RAK NORTHRIDGE | Shik Do Rak,18434 DEVONSHIRE ST,KOV,FA0070415,True,True,34.25703751,-118.5350158
SHILLA RESTAURANT / SHILLA RESTAURANT,SHILLA RESTAURANT / SHILLA RESTAURANT | Shilla | Shilla Restaurant,16944 S WESTERN AVE,KOV,FA0308323,True,False,33.87727201,-118.308804
SOBAN KOREAN RESTAURANT / SOBAN KOREAN RESTAURANT,SOBAN KOREAN RESTAURANT / SOBAN KOREAN RESTAURANT | Soban,4001 W OLYMPIC BLVD,KOV,FA0273758,False,True,34.05393228,-118.3208923
SOL HOUSE OF BEEF BONE SOUP / SOL HOUSE OF BEEF BONE SOUP,SOL HOUSE OF BEEF BONE SOUP / SOL HOUSE OF BEEF BONE SOUP | Sulga House of Beef Bone Soup,4451 BEVERLY BLVD,KOV,FA0278660,False,True,34.076421,-118.3055265
SOMUNNAN KOREAN RESTAURANT / SOMUNNAN KOREAN RESTAURANT,SOMUNNAN KOREAN RESTAURANT / SOMUNNAN KOREAN RESTAURANT | So Mun Nan | Somunnan Korean Restaurant,13303 ARTESIA BLVD,KOV,FA0267801,False,False,33.87337786,-118.0484106
SUN NONG DAN  WEST / SUN NONG DAN WEST,SUN NONG DAN  WEST / SUN NONG DAN WEST | Sun Nong Dan | Sun Nong Dan Sawtelle 선농단,11300 NEBRASKA AVE,KOV,FA0365573,False,True,34.04367946,-118.446555
SUN NONG DAN / SUN NONG DAN,SUN NONG DAN / SUN NONG DAN | Sun Nong Dan | Sun Nong Dan ì„ ë†ë‹¨ Rowland Heights | Baekjeong Rowland Heights,18902 E GALE AVE # A,KOV,FA0251003,True,False,33.99531959,-117.8910078
SUN NONG DAN / SUN NONG DAN,SUN NONG DAN / SUN NONG DAN | Sun Nong Dan,927 E LAS TUNAS DR STE J & K,KOV,FA0230657,False,False,34.104256,-118.087645
SURAWON KOREAN RESTAURANT / SURAWON KOREAN RESTAURANT,SURAWON KOREAN RESTAURANT / SURAWON KOREAN RESTAURANT | Surawon | Surawon Tofu House,2833 W OLYMPIC BLVD,KOV,FA0061446,False,True,34.05281149,-118.2953468
TENRAKU ALL YOU CAN EAT / TENRAKU ALL YOU CAN EAT,TENRAKU ALL YOU CAN EAT / TENRAKU ALL YOU CAN EAT | AMG Korean BBQ House | Ten-Raku All You Can Eat,3102 E IMPERIAL HWY,KOV,FA0303894,True,False,33.92930301,-118.215053
TGI KOREAN BBQ / TGI KOREAN BBQ,TGI KOREAN BBQ / TGI KOREAN BBQ | TGI Korean BBQ | Sonagi Korean BBQ,2585 W OLYMPIC BLVD,KOV,FA0259746,True,True,34.0524525,-118.2873635
THIRSTY COW KOREAN BBQ / THIRSTY COW KOREAN BBQ,THIRSTY COW KOREAN BBQ / THIRSTY COW KOREAN BBQ | KPot | Thirsty Cow Korean BBQ,17500 CASTLETON RD,KOV,FA0301945,True,False,33.99408301,-117.923525
TOFU CHON LA / TOFU CHON LA,TOFU CHON LA / TOFU CHON LA | Tofu Chon | Tofu Chon LA,3526 W 8TH ST,KOV,FA0399088,False,True,34.05763453,-118.307251
TOKKI / DANBI,TOKKI / DANBI | Danbi | Tokki,3465 W 6TH ST STE 90,KOV,FA0300091,False,True,34.06391599,-118.296868
TOWN HOF & THANKS CHICKEN LA / TOWN HOF & THANKS CHICKEN LA,TOWN HOF & THANKS CHICKEN LA / TOWN HOF & THANKS CHICKEN LA | Town Hof and Thanks Chicken | Town Hof And Thanks Chicken,1144 S WESTERN AVE,KOV,FA0327022,False,True,34.049368,-118.308449
WOOGA SULUNGTANG / WOOGA SULUNGTANG,WOOGA SULUNGTANG / WOOGA SULUNGTANG | Wooga Sullungtang,1630 W REDONDO BEACH BLVD STE 22,KOV,FA0300110,False,False,33.888247,-118.305219
YANGJI GAMJATANG / YANGJI GAMJATANG,YANGJI GAMJATANG / YANGJI GAMJATANG | Yangji Gamjatang,3470 W 6TH ST STE 6,KOV,FA0163048,False,True,34.06338762,-118.2974776
YOUNG DONG TOFU HOUSE / YOUNG DONG TOFU HOUSE,YOUNG DONG TOFU HOUSE / YOUNG DONG TOFU HOUSE | Young Dong Tofu House,"927 E LAS TUNAS DR UNIT E, F",KOV,FA0398789,False,False,34.10347252,-118.0873155
YUK DAE JANG / YUK DAE JANG,YUK DAE JANG / YUK DAE JANG | Yuk Dae Jang | Yuk Dae Jang Gardena,15420 S WESTERN AVE STE B,KOV,FA0261093,False,False,33.891174,-118.3091194
YUK DAE JANG SG / YUK DAE JANG SG,YUK DAE JANG SG / YUK DAE JANG SG | Yuk Dae Jang | Yuk Dae Jang San Gabriel,704 W LAS TUNAS DR # E1,KOV,FA0275011,False,False,34.10238651,-118.1099706
ZIGGLE KOREAN BBQ / ZIGGLE KOREAN BBQ,ZIGGLE KOREAN BBQ / ZIGGLE KOREAN BBQ | Ziggle BBQ | Ziggle Korean BBQ,12300 SOUTH ST,KOV,FA0364139,True,False,33.85851574,-118.0699441
7TH KOREAN BBQ / 7TH KOREAN BBQ,7TH KOREAN BBQ / 7TH KOREAN BBQ | 7th Korean BBQ | Breakers Korean Bbq,698 S VERMONT AVE STE 111,KV,FA0280057,True,True,34.060248,-118.2912165
88Q KOREAN BBQ / 88Q KOREAN BBQ,88Q KOREAN BBQ / 88Q KOREAN BBQ | 88Q Korean BBQ,1725 NOGALES ST UNIT 112,KV,FA0329271,True,False,33.98665,-117.890104
92K BBQ / 92K BBQ,92K BBQ / 92K BBQ | 92KBBQ AYCE | 92Kbbq AYCE - Torrance,1925 CARSON ST,OV,FA0321561,True,False,33.831645,-118.315381
ABC TOFU HOUSE / ABC TOFU HOUSE,ABC TOFU HOUSE / ABC TOFU HOUSE | ABC Tofu House,18044 SATICOY ST,KV,FA0319766,False,True,34.208003005,-118.526593968
ATOYUBU / ATOYUBU,ATOYUBU / ATOYUBU | Atoyubu,20627 GOLDEN SPRINGS DR 2A,KO,FA0354051,False,False,33.997345,-117.855194
ATTO / ATTO,ATTO / ATTO | Atto 아토,17905 S WESTERN AVE,KO,FA0355044,False,False,33.86823325,-118.3091744
AWOOLIM KIMBAP FACTORY / AWOOLIM KIMBAP FACTORY,AWOOLIM KIMBAP FACTORY / AWOOLIM KIMBAP FACTORY | Awoolim Kimbap Factory,2825 S DIAMOND BAR BLVD,KV,FA0057852,False,False,33.97425406,-117.837746
AYCE GOGI KOREAN BBQ / AYCE GOGI KOREAN BBQ,AYCE GOGI KOREAN BBQ / AYCE GOGI KOREAN BBQ | AYCE GOGI West Hills,6705 FALLBROOK AVE,KV,FA0280060,True,True,34.191054,-118.6234265
B C D TOFU HOUSE / B C D TOFU HOUSE,B C D TOFU HOUSE / B C D TOFU HOUSE | BCD Tofu House,869 S WESTERN AVE STE #2,KV,FA0007743,False,True,34.05620014,-118.3091124
BAEKJEONG / BAEKJEONG,BAEKJEONG / BAEKJEONG | Kang Ho Dong Baek Jeong,3465 W 6TH ST STE 20,KV,FA0311887,True,True,34.06391599,-118.296868
BAEKJEONG LOS ANGELES / BAEKJEONG,BAEKJEONG LOS ANGELES / BAEKJEONG | Baekjeong Los Angeles,3429 W 8TH ST,KV,FA0356404,True,True,34.0577556,-118.299311
BARO GIMBAP / BARO GIMBAP,BARO GIMBAP / BARO GIMBAP | Baro Kimbap,3250 W OLYMPIC BLVD STE 106,KV,FA0272792,False,True,34.05262853,-118.3077315
"BB.Q CHICKEN NORTH RIDGEBBQCN, INC / BB.Q CHICKEN NORTH RIDGEBBQCN, INC","BB.Q CHICKEN NORTH RIDGEBBQCN, INC / BB.Q CHICKEN NORTH RIDGEBBQCN, INC | bb.q Chicken",18431 NORDHOFF ST # 2,KO,FA0354462,False,True,34.23553153,-118.5352677
BBQ + RICE / BBQ + RICE,BBQ + RICE / BBQ + RICE | BBQ+RICE Korean BBQ Bowl,7363 W SUNSET BLVD,KV,FA0251371,True,True,34.09807204,-118.3505166
BBQ CHICKEN / BBQ CHICKEN,BBQ CHICKEN / BBQ CHICKEN | bb.q Chicken Glendale,107 E BROADWAY,KV,FA0326424,False,False,34.146481,-118.254393
BBQ CHICKEN / BBQ CHICKEN,BBQ CHICKEN / BBQ CHICKEN | bb.q Chicken Agoura Hills,5891 KANAN RD,KV,FA0364790,False,False,34.15739678,-118.7563122
BBQ CHICKEN / BBQ CHICKEN,BBQ CHICKEN / BBQ CHICKEN | bb.q Chicken Redondo Beach,1252 BERYL ST,KV,FA0400996,False,False,33.85468703,-118.3801265
BBQ CHICKEN GARDENA / BBQ CHICKEN GARDENA,BBQ CHICKEN GARDENA / BBQ CHICKEN GARDENA | bb.q Chicken,1743 W ARTESIA BLVD,KO,FA0300475,False,False,33.87300734,-118.3081967
BBQ+RICE / BBQ+RICE,BBQ+RICE / BBQ+RICE | BBQ+Rice,3827 W SUNSET BLVD C,KO,FA0329924,True,True,34.091676,-118.279314
BBQ+RICE / BBQ+RICE,BBQ+RICE / BBQ+RICE | BBQ+RICE | Bbq + Rice,5706 SANTA MONICA BLVD,KV,FA0317527,True,True,34.090455991,-118.313983976
BCD TOFU HOUSE / BCD TOFU HOUSE,BCD TOFU HOUSE / BCD TOFU HOUSE | BCD Tofu House Torrance,1607 W SEPULVEDA BLVD,KV,FA0008615,False,True,33.81648684,-118.3069345
BCD TOFU HOUSE / BCD TOFU HOUSE,BCD TOFU HOUSE / BCD TOFU HOUSE | BCD Tofu House,1731 S FULLERTON RD,KV,FA0008614,False,False,33.98779755,-117.905904
BEUL GOPCHANG / BEUL GOPCHANG,BEUL GOPCHANG / BEUL GOPCHANG | Byul Gobchang,3819 W 6TH ST,KV,FA0292130,True,True,34.06359732,-118.3064538
BONCHON / BONCHON,BONCHON / BONCHON | Bonchon,17901 PIONEER BLVD UNIT F,KV,FA0307247,False,False,33.867816,-118.083139
BONCHON KOREAN FRIED CHICKEN / BONCHON KOREAN FRIED CHICKEN,BONCHON KOREAN FRIED CHICKEN / BONCHON KOREAN FRIED CHICKEN | Bonchon,24919 PICO CANYON RD UNIT B,KV,FA0331679,False,False,34.38177,-118.571235
BROKEN MOUTH / BROKEN MOUTH,BROKEN MOUTH / BROKEN MOUTH | BROKEN MOUTH,718 S LOS ANGELES ST STE D,KO,FA0300121,False,True,34.04259901,-118.250612
BROTHER KOREAN BBQ / BROTHER KOREAN BBQ,BROTHER KOREAN BBQ / BROTHER KOREAN BBQ | Brothers Korean BBQ,12218 CENTRALIA ST,KV,FA0326297,True,False,33.838411,-118.07148
BROTHERS KOREAN BBQ TWO / BROTHERS KOREAN BBQ TWO,BROTHERS KOREAN BBQ TWO / BROTHERS KOREAN BBQ TWO | Chuncheon Dakgalbi Donghae Makguksu 2,3601 W 6TH ST,KO,FA0295978,True,True,34.06393598,-118.300798
BROTHERS WESTERN GRILL / BROTHERS WESTERN GRILL,BROTHERS WESTERN GRILL / BROTHERS WESTERN GRILL | J-korean restaurant | Korean B.B.Q. Restaurant,210 N WESTERN AVE STE 103,OV,FA0260004,False,True,34.07512517,-118.3091068
BUDNAMU KOREAN BBQ HOUSE / BUDNAMU KOREAN BBQ HOUSE,BUDNAMU KOREAN BBQ HOUSE / BUDNAMU KOREAN BBQ HOUSE | Bud Namu,809 S ARDMORE AVE,KV,FA0011164,True,True,34.05744838,-118.3021113
BULGOGI TOWN / BULGOGI TOWN,BULGOGI TOWN / BULGOGI TOWN | Bulgogi Town,790 E ALSOTA AVE,KV,FA0352644,True,False,34.130148,-117.894432
BUNSIK 88 / BUNSIK 88,BUNSIK 88 / BUNSIK 88 | BUNSIK 88 - Korean Street,18327 COLIMA RD,KO,FA0356519,False,False,33.989334,-117.904531
Baekjeong Korean Barbecue,Baekjeong Korean Barbecue | Baekjeong Torrance,1725 West Carson Street,OV,,True,False,33.8317409,-118.3100477
"CHARCOAL KOREAN BBQ, INC / CHARCOAL KOREAN BBQ","CHARCOAL KOREAN BBQ, INC / CHARCOAL KOREAN BBQ | Charcoal Korean BBQ Restaurant",19158 SOLEDAD CANYON RD,KV,FA0166809,True,False,34.41556403,-118.4699487
CHO DANG TOFU / CHO DANG TOFU,CHO DANG TOFU / CHO DANG TOFU | Cho Dang USA | Chodang,12245 ARTESIA BLVD,OV,FA0276837,False,False,33.873345,-118.0709505
CHUNG CHUN JOKBAL / CHUNG CHUN JOKBAL,CHUNG CHUN JOKBAL / CHUNG CHUN JOKBAL | 청춘족발 Chungchun Jokbal,3074 W 8TH ST #7,KV,FA0332811,False,True,34.057435,-118.293873
CHUNGDAM 828 / CHUNGDAM 828,CHUNGDAM 828 / CHUNGDAM 828 | Plato,3474 W 8TH ST,KV,FA0320416,False,True,34.057470017,-118.306052013
CHUNGKIWA USA / CHUNGKIWA USA,CHUNGKIWA USA / CHUNGKIWA USA | Chung Ki Wa | 청기와 Chung Kiwa | Korean BBQ Restaurant,3545 W OLYMPIC BLVD,OV,FA0358294,True,True,34.05253645,-118.3160769
CM CHICKEN / CM CHICKEN,CM CHICKEN / CM CHICKEN | CM Chicken,15420 S WESTERN AVE STE C,OV,FA0301527,False,False,34.03678741,-118.4744843
COREA BBQ / COREA BBQ,COREA BBQ / COREA BBQ | Corea BBQ | Origin Korean BBQ | Quarters Korean BBQ,3500 W 6TH ST #224,OV,FA0329975,True,True,34.063154,-118.298582
Cafe Mukbang,Cafe Mukbang | Cafe Muk Bang,,OV,,False,True,34.0223582,-118.2921699
DAE BAK KOREAN RESTAURANT / DAE BAK KOREAN RESTAURANT,DAE BAK KOREAN RESTAURANT / DAE BAK KOREAN RESTAURANT | Dae Bak Korean Restaurant,11810 CENTRALIA ST,KV,FA0060582,False,False,33.83839066,-118.0811598
DONG NAE GIL KOREAN RESTAURANT / DONG NAE GIL KOREAN REST,DONG NAE GIL KOREAN RESTAURANT / DONG NAE GIL KOREAN REST | Dong Nae Gil,15116 S WESTERN AVE,KV,FA0138582,False,False,34.03405426,-118.4683644
DTLA KOREAN BBQ / DTLA KOREAN BBQ,DTLA KOREAN BBQ / DTLA KOREAN BBQ | DTLA KBBQ,686 N SPRING ST UNIT 103,KV,FA0326492,True,True,34.059543,-118.237732
FLYING CHICKEN PA-DAK / FLYING CHICKEN PA-DAK,FLYING CHICKEN PA-DAK / FLYING CHICKEN PA-DAK | Flying Chicken and Pa-Dak,12238 E ARTESIA BLVD,KV,FA0143699,False,False,33.8729502,-118.0715793
GABIN KOREAN GRILL / GABIN KOREAN GRILL,GABIN KOREAN GRILL / GABIN KOREAN GRILL | Gabin Korean Grill,400 S WESTERN AVE,KV,FA0354843,True,True,34.06697301,-118.3090806
GANGNAM KIMBOB / GANGNAM KIMBOB,GANGNAM KIMBOB / GANGNAM KIMBOB | Gangnam Kimbob,12244 SOUTH ST,KV,FA0398444,False,False,33.85849897,-118.0705216
GANGNAM KOREAN BBQ / GANGNAM KOREAN BBQ,GANGNAM KOREAN BBQ / GANGNAM KOREAN BBQ | Gangnam Korean BBQ,21004 PIONEER BLVD,KV,FA0176880,True,False,33.8383846,-118.0814909
GANGNAM POCHA / GANGNAM POCHA,GANGNAM POCHA / GANGNAM POCHA | Gangnam Pocha,528 S WESTERN AVE,KV,FA0317526,False,True,34.064514001,-118.30876599
GANGNAM STATION / GANGNAM STATION,GANGNAM STATION / GANGNAM STATION | Gangnam Station Korean BBQ,3785 WILSHIRE BLVD,KV,FA0319124,True,True,34.062029018,-118.308576978
GEN KOREAN BBQ HOUSE / GEN KOREAN BBQ HOUSE,GEN KOREAN BBQ HOUSE / GEN KOREAN BBQ HOUSE | Gen Korean BBQ House,11472 SOUTH ST,KV,FA0138778,True,False,33.85715858,-118.0889511
GEN KOREAN BBQ HOUSE / GEN KOREAN BBQ HOUSE,GEN KOREAN BBQ HOUSE / GEN KOREAN BBQ HOUSE | Shabu City,19100 GRIDLEY RD,KV,FA0319325,True,False,33.857325005,-118.090471978
GEN KOREAN BBQ HOUSE WEST COVINA / GEN KOREAN BBQ HOUSE WEST COVINA,GEN KOREAN BBQ HOUSE WEST COVINA / GEN KOREAN BBQ HOUSE WEST COVINA | Gen Korean BBQ House,300 S CALIFORNIA AVE,KV,FA0176670,True,False,34.01509736,-117.8858512
GENWA KOREAN BBQ / GENWA KOREAN BBQ,GENWA KOREAN BBQ / GENWA KOREAN BBQ | Genwa Korean BBQ,450 W OLYMPIC BLVD # B&C,KV,FA0279069,True,True,34.04279266,-118.2602933
HANSHIN POCHA / HANSHIN POCHA,HANSHIN POCHA / HANSHIN POCHA | Hanshin Pocha,3500 W 6TH ST UNIT 311,KV,FA0279832,False,True,34.063173,-118.2985695
HODORI KOREAN CUISINE / HODORI KOREAN CUISINE,HODORI KOREAN CUISINE / HODORI KOREAN CUISINE | Hodori Korean Cuisine,7315 N FIGUEROA ST # 102,KV,FA0302119,False,True,34.136882,-118.189654
HODORI LA / HODORI LA,HODORI LA / HODORI LA | Hodori Restaurant | Nak Won Restaurant,1001 S VERMONT AVE STE 101,KV,FA0325854,False,True,34.05212098,-118.292066976
HONG KONG BANJUM / HONG KONG BANJUM,HONG KONG BANJUM / HONG KONG BANJUM | Paik's Noodle - Hong Kong Banjum | Hongkong Banjum0410_6th | Paik's Noodle | Mountain Noodles,3470 6TH ST UNIT 11,OV,FA0324891,False,True,34.063058986,-118.29747498
HOUSE OF GALBI / HOUSE OF GALBI,HOUSE OF GALBI / HOUSE OF GALBI | House of Galbi,15927 VENTURA BLVD,KV,FA0242422,True,True,34.15591738,-118.4802955
HWAYEON BBQ / HWAYEON BBQ,HWAYEON BBQ / HWAYEON BBQ | Eight Korean Bbq | Eight Korean BBQ,863 S WESTERN AVE,OV,FA0398492,True,True,34.05677777,-118.3091042
Ham Ji Park,Ham Ji Park,3407 West 6th Street,OV,,True,True,34.0637147,-118.295936
Hangari Kalguksu,Hangari Kalguksu,3470 West 6th Street,OV,,False,True,34.0628745,-118.2976027
IL Poom,IL Poom | IL POOM,21050 Golden Springs Drive,OV,,False,False,33.9984203,-117.8452674
J BBQ / JBBQ,J BBQ / JBBQ | J BBQ,901 S VERMONT AVE,OV,FA0362559,True,True,34.05576224,-118.2916966
JANG AN RESTAURANT / JANG AN RESTAURANT,JANG AN RESTAURANT / JANG AN RESTAURANT | Jang An Restaurant,2773 W OLYMPIC BLVD,KO,FA0245226,False,True,34.05269771,-118.2940397
JANGCHUNG PYUNGANDO JOKBAL / JANGCHUNG PYUNGANDO JOKBAL,JANGCHUNG PYUNGANDO JOKBAL / JANGCHUNG PYUNGANDO JOKBAL | LA 장충 평안도 족발집 (올림픽점) LA Jangchung Jokbal,2716 W OLYMPIC BLVD # 104,KV,FA0177839,False,True,34.05262312,-118.2921317
JEJU ISLAND / JEJU ISLAND,JEJU ISLAND / JEJU ISLAND | Jeju,4100 W PICO BLVD STE #10B,KO,FA0018742,False,True,34.04763347,-118.3248319
JEO JAC KEO RI KOREAN BBQ / JEO JAC KEO RI KOREAN BBQ,JEO JAC KEO RI KOREAN BBQ / JEO JAC KEO RI KOREAN BBQ | Jeo jac Keo Ri Korean BBQ,12201 CARSON ST,KV,FA0329226,True,False,33.832227,-118.071666
JEONJU HYUNDAIOK / JEONJU HYUNDAIOK,JEONJU HYUNDAIOK / JEONJU HYUNDAIOK | Jeonju Hyundaiok,201 N WESTERN AVE,KO,FA0307928,False,True,34.07486699,-118.309626
JEUN TONG TOFU HOUSE / JEUN TONG TOFU HOUSE,JEUN TONG TOFU HOUSE / JEUN TONG TOFU HOUSE | Jeun Tong Tofu House,2560 E AMAR RD #B1,KV,FA0311325,False,False,34.027242,-117.89593
JIN COOK / JIN COOK,JIN COOK / JIN COOK | Jincook,310 N BRAND BLVD,OV,FA0225972,False,False,34.15036661,-118.2549313
JIN COOK / JIN COOK,JIN COOK / JIN COOK | Jincook,19346 RINALDI ST,OV,FA0324898,False,True,34.273487001,-118.555576996
JINJU GALBI / JINJU GALBI,JINJU GALBI / JINJU GALBI | TanoBar | Jin Ju KBBQ,203 N WESTERN AVE,KV,FA0305771,True,True,34.07486699,-118.309626
JINSOL GUKBAP / JINSOL GUKBAP,JINSOL GUKBAP / JINSOL GUKBAP | Jinsol Gukbap 3rd,4031 W 3RD ST,KV,FA0316583,False,True,34.069191019,-118.301354041
JINSOL GUKBAP / JINSOL GUKBAP,JINSOL GUKBAP / JINSOL GUKBAP | Jinsol Gukbap Rowland Heights 진솔국밥,1015 NOGALES ST 131,KV,FA0353514,False,False,33.996757,-117.890606
JONGRO SANGHOE RESTAURANT / JONGRO SANGHOE RESTAURANT,JONGRO SANGHOE RESTAURANT / JONGRO SANGHOE RESTAURANT | Woo Hyang Woo,3429 W 6TH ST,OV,FA0287790,True,True,34.06372799,-118.296288
JUG JUG / JUG JUG,JUG JUG / JUG JUG | Jug Jug Sports Bar & Grill,11908 BALBOA BLVD,KO,FA0032261,False,True,34.28649022,-118.5015097
K FOOD EXPRESS / K FOOD EXPRESS,K FOOD EXPRESS / K FOOD EXPRESS | K Food Express,13349 ARTESIA BLVD,KO,FA0308427,False,False,33.8744,-118.047287
KANG HO DONG BAEKJEONG / KANG HO DONG BAEKJEONG,KANG HO DONG BAEKJEONG / KANG HO DONG BAEKJEONG | Kang Ho Dong Baekjeong,5700 ROSEMEAD BLVD # 100,KO,FA0240573,True,False,34.10381179,-118.0734459
KBOP KOREAN KITCHEN / KBOP KOREAN KITCHEN,KBOP KOREAN KITCHEN / KBOP KOREAN KITCHEN | KBOP Korean Kitchen - Monrovia,446 W HUNTINGTON DR,KV,FA0308775,False,False,34.1402083,-118.0091739
KD K-BBQ / KD K-BBQ,KD K-BBQ / KD K-BBQ | Yangmani | Kkondae K-Bbq 꼰대돼지,2561 W OLYMPIC BLVD,KV,FA0353992,True,True,34.052598,-118.286741
KIMCHI PLUS / KIMCHI PLUS,KIMCHI PLUS / KIMCHI PLUS | 옛골,1144 S WESTERN AVE #102,KV,FA0174240,False,True,34.04938993,-118.3090261
KOBAWOO HOUSE / KOBAWOO HOUSE,KOBAWOO HOUSE / KOBAWOO HOUSE | Kobawoo House,698 S VERMONT AVE STE 109,KV,FA0032544,False,True,34.06011417,-118.2914354
KOBUNGA KOREAN GRILL / KOBUNGA KOREAN GRILL,KOBUNGA KOREAN GRILL / KOBUNGA KOREAN GRILL | Kobunga,929 W JEFFERSON BLVD,KV,FA0258130,True,True,34.15401802,-118.438742
KODO / KODO,KODO / KODO | Yangban Society | Yangban,710 S SANTA FE AVE,OV,FA0355090,False,True,34.03411788,-118.2300104
KOPO KRUNCH- KIOSK / KOPO KRUNCH- KIOSK,KOPO KRUNCH- KIOSK / KOPO KRUNCH- KIOSK | Kopo Krunch,9301 TAMPA AVE 6511,KO,FA0332749,False,True,34.23878,-118.555937
KOREAN BBQ RESTAURANT AND MARKET / KOREAN BBQ RESTAURANT AND MARKET,KOREAN BBQ RESTAURANT AND MARKET / KOREAN BBQ RESTAURANT AND MARKET | Korean Restaurant and Market,44525 10TH ST W,KV,FA0033601,True,False,34.6922144,-118.1481991
KOREAN GARDENS RESTAURANT / KOREAN GARDENS RESTAURANT,KOREAN GARDENS RESTAURANT / KOREAN GARDENS RESTAURANT | Yongsusan Restaurant,950 S VERMONT AVE,KV,FA0002200,False,True,34.05403471,-118.2914512
KOREAN KITCHEN HIBACHI BBQ / KOREAN KITCHEN HIBACHI BBQ,KOREAN KITCHEN HIBACHI BBQ / KOREAN KITCHEN HIBACHI BBQ | Korean Kitchen Hibachi BBQ,135 JAPANESE VILLAGE PLAZA MALL,KO,FA0294862,True,True,34.04903401,-118.240365
Korean BBQ House,Korean BBQ House | Korea BBQ House,123 Astronaut Ellison S Onizuka Street,OV,,True,True,34.0498115,-118.24218
LA SOO WON GALBI / LA SOO WON GALBI,LA SOO WON GALBI / LA SOO WON GALBI | Soowon Galbi,856 S VERMONT AVE STE C,KV,FA0021158,True,True,34.05668729,-118.2914583
LA TOFU HOUSE VERMONT INC / LA TOFU HOUSE VERMONT INC,LA TOFU HOUSE VERMONT INC / LA TOFU HOUSE VERMONT INC | LA Tofu House,401 S VERMONT AVE STE 3,KV,FA0354290,False,True,34.066964,-118.292164
LET'S GOGI / LET'S GOGI,LET'S GOGI / LET'S GOGI | Chicken Pelicana,8248 FIRESTONE BLVD,KO,FA0361764,True,False,33.94032554,-118.1337282
LET'S GOGI / LET'S GOGI,LET'S GOGI / LET'S GOGI | RH BBQ Number 2 | Let's Gogi Rowland Heights,18751 COLIMA RD,KV,FA0329281,True,False,33.988099,-117.894915
Louders,Louders,3470 West 6th Street,OV,,False,True,34.0633347,-118.297503
M SPOON / M SPOON,M SPOON / M SPOON | M Spoon,2789 W OLYMPIC BLVD 104,KO,FA0356026,False,True,34.0526712,-118.2944361
MANNA KOREAN BBQ / MANNA KOREAN BBQ,MANNA KOREAN BBQ / MANNA KOREAN BBQ | Manna Korean BBQ,333 S ALAMEDA ST STE 305,KO,FA0023541,True,True,34.04448379,-118.2382394
MAPO GALBI / MAPO GALBI,MAPO GALBI / MAPO GALBI | Mapo Dak Galbi,1008 S ST ANDREWS PL,KV,FA0222748,True,True,34.05227113,-118.3111159
MDK NOODLES / MDK NOODLES,MDK NOODLES / MDK NOODLES | mdk noodles,3630 WILSHIRE BLVD,KO,FA0280165,False,True,34.061553,-118.3043835
MGD KOREAN BBQ / MGD KOREAN BBQ,MGD KOREAN BBQ / MGD KOREAN BBQ | MGD Korean BBQ,9350 CORBIN AVE,KV,FA0318157,True,True,34.240553,-118.561795
MISO TOFU BBQ / MISO TOFU BBQ,MISO TOFU BBQ / MISO TOFU BBQ | Miso,3839 FOOTHILL BLVD,KV,FA0296917,True,False,34.238763,-118.26305
MULBERRY LA LLC / MULBERRY LA,MULBERRY LA LLC / MULBERRY LA | The Mulberry | The Mulberry LA,1800 SAWTELLE BLVD,OV,FA0356927,False,True,34.043891,-118.445965
MYEONG GA TOFU HOUSE / MG TOFU HOUSE / MYEONG GA TOFU HOUSE / MG TOFU HOUSE,MYEONG GA TOFU HOUSE / MG TOFU HOUSE / MYEONG GA TOFU HOUSE / MG TOFU HOUSE | MG Tofu House (명가순두부),333 S ALAMEDA ST #308 -312,KV,FA0289111,False,True,34.0448588,-118.2392209
MYUNG DONG NOODLE HOUSE / MYUNG DONG NOODLE HOUSE,MYUNG DONG NOODLE HOUSE / MYUNG DONG NOODLE HOUSE | Myung Dong Noodle House,698 IROLO ST STE 105,KV,FA0257951,False,True,34.060032,-118.3008598
MYUNG DONG TOFU RESTAURANT / MYUNG DONG TOFU RESTAURANT,MYUNG DONG TOFU RESTAURANT / MYUNG DONG TOFU RESTAURANT | Myung Dong Tofu Restaurant,20627 GOLDEN SPRINGS DR STE 1-M,KV,FA0042066,False,False,33.99763998,-117.8551635
MYUNG GA HAEJANGGUK / MYUNG GA HAEJANGGUK,MYUNG GA HAEJANGGUK / MYUNG GA HAEJANGGUK | Myung Ga,1425 W ARTESIA BLVD 4 & 5,KO,FA0308206,False,False,33.873618,-118.300674
NAMOO K BBQ / NAMOO K BBQ,NAMOO K BBQ / NAMOO K BBQ | NAMOO Korean BBQ,13455 MAXELLA AVE 270,KV,FA0330661,True,True,33.986784,-118.442073
OLLE KOREAN CUISINE / OLLE KOREAN CUISINE,OLLE KOREAN CUISINE / OLLE KOREAN CUISINE | Olle Korean Cuisine,745 S OXFORD BCH F-1,KV,FA0356982,False,True,34.058183,-118.308217
OMMA TOFU HOUSE / OMMA TOFU HOUSE,OMMA TOFU HOUSE / OMMA TOFU HOUSE | Omma Tofu House,1220 S GOLDEN WEST AVE # F,KV,FA0305807,False,False,34.12490354,-118.0600315
ON + ON Fresh Korean Kitchen,ON + ON Fresh Korean Kitchen | On+On - Fresh Korean Kitchen,1441 West Knox Street,OV,,False,True,33.8544525,-118.2998691
ONG GA NAE KOREAN BBQ / ONG GA NAE KOREAN BBQ,ONG GA NAE KOREAN BBQ / ONG GA NAE KOREAN BBQ | Ong Ga Nae BBQ,19745 COLIMA RD 4,KV,FA0324310,True,False,33.987657,-117.870827
ORCHID KITCHEN / ORCHID KITCHEN,ORCHID KITCHEN / ORCHID KITCHEN | Goobne Chicken | Goobne,300 S MARIPOSA AVE,OV,FA0363415,False,True,34.0688224,-118.2991915
OTTO KITCHEN / OTTO KITCHEN,OTTO KITCHEN / OTTO KITCHEN | Otto Kitchen | OTTO Kitchen,13430 ARTESIA BLVD,OV,FA0249774,False,False,33.87312752,-118.0456017
On + On,On + On | On+on - Fresh Korean Kitchen,,OV,,False,False,33.8043285,-118.330218
PALSAIK KOREAN BBQ / PALSAIK KOREAN BBQ,PALSAIK KOREAN BBQ / PALSAIK KOREAN BBQ | Palsaik Korean BBQ,22757 HAWTHORNE BLVD,KV,FA0176654,True,False,33.82084932,-118.3521997
PARKS BBQ / PARKS BBQ,PARKS BBQ / PARKS BBQ | Park's BBQ,955 S VERMONT AVE G,OV,FA0043931,True,True,34.05379101,-118.2918901
PELICANA ARTESIA / PELICANA ARTESIA,PELICANA ARTESIA / PELICANA ARTESIA | Pelicana Chicken Artesia,11710 SOUTH ST # 104,KV,FA0303817,False,False,33.857977,-118.084128
PINE TREE RESTAURANT / PINE TREE,PINE TREE RESTAURANT / PINE TREE | Galbi King,11267 NATIONAL BLVD,OV,FA0333362,True,True,34.026713,-118.431017
POTATO POWDER LOVE NOODLE LA / POTATO POWDER LOVE NOODLE LA,POTATO POWDER LOVE NOODLE LA / POTATO POWDER LOVE NOODLE LA | 전주 한일관,3450 W 6TH ST 108,KV,FA0357117,False,True,34.063185,-118.297151
RED HOUSE KBBQ / RED HOUSE KBBQ,RED HOUSE KBBQ / RED HOUSE KBBQ | Red House KBBQ,15925 PIONEER BLVD,KV,FA0319507,True,False,33.887040989,-118.082969002
ROAD TO SEOUL BBQ VERMONT / ROAD TO SEOUL BBQ VERMONT,ROAD TO SEOUL BBQ VERMONT / ROAD TO SEOUL BBQ VERMONT | Stone Grill BBQ | Road to Seoul Korean BBQ,703 S VERMONT AVE #E,KV,FA0311888,True,True,34.05948,-118.292146
Red Palace,Red Palace | Red Palace Korean BBQ,"19105,19107 Bloomfield Avenue",OV,,True,False,33.8576511,-118.0648884
SEOGWAN MYEONOK BY YELLOW COW KBBQ / SEOGWAN MYEONOK BY YELLOW COW KBBQ,SEOGWAN MYEONOK BY YELLOW COW KBBQ / SEOGWAN MYEONOK BY YELLOW COW KBBQ | Magal Bbq,3460 W 8TH ST,KV,FA0364127,True,True,34.05764973,-118.3060547
SEONG BUK DONG / SEONG BUK DONG,SEONG BUK DONG / SEONG BUK DONG | Seongbukdong | Seong Buk Dong,3303 W 6TH ST,OV,FA0048113,False,True,34.0637353,-118.2945388
SEOUL ALLEY / SEOUL ALLEY,SEOUL ALLEY / SEOUL ALLEY | Seoul Alley,414 S MYRTLE AVE,KV,FA0295318,False,False,34.14752099,-118.000632
SEOUL BAP / SEOUL BAP,SEOUL BAP / SEOUL BAP | Seoul Bap,20220 AVALON BLVD B,KV,FA0327509,False,False,33.848595,-118.264148
SEOUL BBQ / SEOUL BBQ,SEOUL BBQ / SEOUL BBQ | Seoul BBQ,1119 BREA CANYON RD,KV,FA0285366,True,False,33.99831415,-117.8432315
SEOUL GAMJACHON / SEOUL GAMJACHON,SEOUL GAMJACHON / SEOUL GAMJACHON | Gam Ja Chon,18891 COLIMA RD,KV,FA0295521,False,False,33.98773923,-117.8917895
SEOUL GARDEN RESTAURANT / SEOUL GARDEN RESTAURANT,SEOUL GARDEN RESTAURANT / SEOUL GARDEN RESTAURANT | Seoul Garden Restaurant,1833 W OLYMPIC BLVD,KV,FA0242051,False,True,34.05059625,-118.2772782
SEOUL MARKET EATERY / SEOUL MARKET EATERY,SEOUL MARKET EATERY / SEOUL MARKET EATERY | Seoul Market Eatery,3110 W OLYMPIC BLVD,KV,FA0352123,False,True,34.052425,-118.30344
SEOUL SOON DAE HOUSE #2 / SEOUL SOON DAE HOUSE #2,SEOUL SOON DAE HOUSE #2 / SEOUL SOON DAE HOUSE #2 | Seoul Soondae House@KTP,928 S WESTERN AVE STE 133,KV,FA0032439,False,True,34.05484717,-118.30886
SEOUL SOONDAE / SEOUL SOONDAE,SEOUL SOONDAE / SEOUL SOONDAE | Seoul Soondae Restaurant,11750 1/2 ARTESIA BLVD,KV,FA0138835,False,False,33.87288811,-118.0829775
SEOUL SOUL / SEOUL SOUL,SEOUL SOUL / SEOUL SOUL | Seoul Soul BBQ,1040 S WESTERN AVE,KV,FA0321544,True,True,34.051401,-118.308883
SEOUL STREET FOOD / SEOUL STREET FOOD,SEOUL STREET FOOD / SEOUL STREET FOOD | 정육점,621 S WESTERN AVE 302,KV,FA0353504,False,True,34.062759,-118.30955
SEOUL TOFU HOUSE / SEOUL TOFU HOUSE,SEOUL TOFU HOUSE / SEOUL TOFU HOUSE | Seoul Chamsoot BBQ,2139 FOOTHILL BLVD,KV,FA0047416,True,False,34.21624494,-118.2243231
SEOUL TOFU HOUSE / SEOUL TOFU HOUSE,SEOUL TOFU HOUSE / SEOUL TOFU HOUSE | Seoul Tofu House,10201 RESEDA BLVD UNIT #104,KV,FA0048116,False,True,34.25613292,-118.5361214
SEOULMATES / SEOULMATES,SEOULMATES / SEOULMATES | Moon Bowls | Seoulmates,8320 W 3RD ST,KV,FA0319077,False,True,34.07256901,-118.370757037
SHIKU / SHIKU,SHIKU / SHIKU | Shiku,317 S BROADWAY #E-4,OV,FA0321064,False,False,33.837210994,-118.387174
SHIN SA YOUNG DONG RESTAURANT / SHIN SA YOUNG DONG RESTAURANT,SHIN SA YOUNG DONG RESTAURANT / SHIN SA YOUNG DONG RESTAURANT | Young Dong Restaurant | Korean | 영동설농탕,3828 W WILSHIRE BLVD,KV,FA0273707,False,True,34.06166951,-118.310148
SOO RA SANG KOREAN BBQ / SOO RA SANG KOREAN BBQ,SOO RA SANG KOREAN BBQ / SOO RA SANG KOREAN BBQ | Soo Ra Sang Korean BBQ,15819 GALE AVE,KV,FA0048218,True,False,34.01079464,-117.9623204
SOONDOL TOFU HOUSE / SOONDOL TOFU HOUSE,SOONDOL TOFU HOUSE / SOONDOL TOFU HOUSE | Soondol Tofu House,3300 W 6TH ST STE 1,KV,FA0356008,False,True,34.06356009,-118.2944984
SOOTBULLJIP / SOOTBULLJIP INC,SOOTBULLJIP / SOOTBULLJIP INC | Soot Bull Jeep | Soot Bull Jip,3136 W 8TH ST,OV,FA0357489,True,True,34.05769746,-118.2957936
SORIMMARA / SORIMMARA,SORIMMARA / SORIMMARA | Sorimmara,3470 W 6TH ST #3,KO,FA0333295,False,True,34.063022,-118.297506
STE 101,STE 101 | Ste101,3450 West 6th Street,OV,,True,True,34.0630978,-118.296834
SUN HA JANG LA / SUN HA JANG LA,SUN HA JANG LA / SUN HA JANG LA | Sun Ha Jang,4032 W OLYMPIC BLVD,KV,FA0354566,True,True,34.05411466,-118.3215401
SURAWON KOREAN BBQ VILLAGE / SURAWON KOREAN BBQ VILLAGE,SURAWON KOREAN BBQ VILLAGE / SURAWON KOREAN BBQ VILLAGE | Surawon BBQ,16448 NORWALK BLVD,KV,FA0035532,True,False,33.88106207,-118.0721029
Sun Nong Dan,Sun Nong Dan,3470 West 6th Street,OV,,False,True,34.0629804,-118.2974791
TENRAKU / TENRAKU,TENRAKU / TENRAKU | Ten-Raku | Ten-BBQ,4177 W 3RD ST,OV,FA0321541,True,True,34.069194,-118.305024
THANKS CHICKEN LOMITA / THANKS CHICKEN LOMITA,THANKS CHICKEN LOMITA / THANKS CHICKEN LOMITA | Thanks Chicken,1933 PACIFIC COAST HWY,KO,FA0329276,False,False,33.789769,-118.314335
THE DAE-MUN / THE DAE-MUN,THE DAE-MUN / THE DAE-MUN | The Dae-Mun,410 W MAIN ST 110,KO,FA0366115,False,False,34.09277929,-118.1318356
TK92 BBQ / TK92 KOREAN BBQ,TK92 BBQ / TK92 KOREAN BBQ | TK92 Korean BBQ,250 W VALLEY BLVD STE P,KV,FA0352969,True,False,34.078969,-118.103358
TOFU-YA / TOFU-YA,TOFU-YA / TOFU-YA | Tofuya,2021 SAWTELLE BLVD,KO,FA0242882,False,True,34.04031042,-118.4431418
VONS CHICKEN TORRANCE / VONS CHICKEN TORRANCE,VONS CHICKEN TORRANCE / VONS CHICKEN TORRANCE | Vons Chicken,24631 CRENSHAW BLVD #F,KO,FA0312328,False,False,33.80214,-118.32881
WI KOREAN BBQ / WI KOREAN BBQ,WI KOREAN BBQ / WI KOREAN BBQ | Wi Korean BBQ,1101 S VERMONT AVE UNIT 103,KV,FA0256903,True,True,34.050483,-118.2916357
WOW COW KOREAN BARBECUE / WOW COW KOREAN BARBECUE,WOW COW KOREAN BARBECUE / WOW COW KOREAN BARBECUE | Wow Cow Korean BBQ,10632 LOWER AZUSA RD,KV,FA0329652,True,False,34.091751,-118.037962
WOW SPAGHETTI VALENCIA / WOW SPAGHETTI VALENCIA,WOW SPAGHETTI VALENCIA / WOW SPAGHETTI VALENCIA | Paik’s Noodle | Paik's Noodle,28124 NEWHALL RANCH RD,OV,FA0238811,False,False,34.44212066,-118.5731889
YEOGIYO / YEOGIYO,YEOGIYO / YEOGIYO | Yeogiyo,3450 W 6TH ST STE 105,KO,FA0329902,False,True,34.063185,-118.297151
YOUNG DONG TOFU / YOUNG DONG TOFU,YOUNG DONG TOFU / YOUNG DONG TOFU | Young Dong Tofu,2839 S DIAMOND BAR BLVD STE A,KV,FA0310605,False,False,33.974606,-117.837803
YOUNG DONG TOFU / YOUNG DONG TOFU,YOUNG DONG TOFU / YOUNG DONG TOFU | Young Dong Tofu,1311 S BALDWIN AVE # B,KV,FA0074338,False,False,34.12459095,-118.0550604
YU CHUN / YU CHUN,YU CHUN / YU CHUN | Yu Chun,3185 W OLYMPIC BLVD,KO,FA0179020,False,True,34.05276249,-118.3059906
YUNAMAPO INC / YUNAMAPO INC,YUNAMAPO INC / YUNAMAPO INC | Mapo Kkak Door Gee | Mapo Kkak Doo Gee,3611 W 6TH ST,OV,FA0262248,False,True,34.06366066,-118.3006693
YUP DDUK LA / YUP DDUK LA,YUP DDUK LA / YUP DDUK LA | Yupdduk LA | Yup Dduk La,3603 W 6TH ST,OV,FA0178345,False,True,34.02873501,-118.1938182
YUPDDUK / YUPDDUK,YUPDDUK / YUPDDUK | Yupdduk Diamond Bar,1131 1/2 BREA CANYON RD,KV,FA0283372,False,False,33.99820573,-117.8431869
Yanusa,Yanusa,2740 West Olympic Boulevard,OV,,False,True,34.051854,-118.2930773
Yuk Dae Jang,Yuk Dae Jang,,OV,,False,True,34.0640314,-118.287979
,,,O,,False,True,34.0475535,-118.320516
,,,O,,False,True,33.9871056,-118.4411386
,,,O,,False,False,33.8583017,-118.0707573
,,,O,,False,False,33.8964978,-117.9862599
,,,O,,False,True,34.0581578,-118.2939354
#2 MOON BBQ / #2 MOON BBQ,#2 MOON BBQ / #2 MOON BBQ | Moon BBQ Number 2,478 N WESTERN AVE,V,FA0267025,True,True,34.07953931,-118.3090961
213 PUB / 213 PUB,213 PUB / 213 PUB | Bongsungga Hakdang,3224 W OLYMPIC BLVD #103,V,FA0319833,False,True,34.052346998,-118.307029008
350 DEGREE K-BBQ & BAR / 350 DEGREE K-BBQ & BAR,350 DEGREE K-BBQ & BAR / 350 DEGREE K-BBQ & BAR,11050 MAGNOLIA BLVD,K,FA0365255,True,True,34.16488995,-118.3722826
5 MINUTE BOWL / 5 MINUTE BOWL,5 MINUTE BOWL / 5 MINUTE BOWL | 5 Minute Bowl,440 S VERMONT AVE STE 101,V,FA0266117,False,True,34.065783,-118.2916283
8 Korean Bbq Buena Park,8 Korean Bbq Buena Park,9360 SE Eola Hills Rd,V,,True,True,34.06842063,-118.30938725
88 HOT DOG POCHA / 88 POCHA KOREAN CUISINE,88 HOT DOG POCHA / 88 POCHA KOREAN CUISINE,1610 W REDONDO BEACH BLVD STE 3,K,FA0358454,False,False,33.88980019,-118.3051031
8GAH SOONDAE / 8GAH SOONDAE,8GAH SOONDAE / 8GAH SOONDAE | 8th Korean Sausage Restaurant | Eighth Street Soondae,2703 W 8TH ST STE D,V,FA0004228,False,True,34.05787284,-118.2844321
A Taste of Koreatown,A Taste of Koreatown,3670 Wilshire Blvd,V,,False,True,34.06152,-118.305715
ALL THAT SHABU / ALL THAT SHABU,ALL THAT SHABU / ALL THAT SHABU | All That Shabu,100 E MAIN ST # 100,V,FA0297788,False,False,34.0953,-118.126036
APT LI-XIANG / APT LI-XIANG,APT LI-XIANG / APT LI-XIANG | Apt. Li-Xiang,411 E HUNTINGTON DR # 101D,V,FA0258859,False,False,34.140238265,-118.02195201
AWOOLIM / AWOOLIM,AWOOLIM / AWOOLIM | Awoolim,928 S WESTERN AVE STE 125,V,FA0151573,False,True,34.05484717,-118.30886
AYCE GOGI / AYCE GOGI,AYCE GOGI / AYCE GOGI,7128 VAN NUYS BLVD,K,FA0177041,True,True,34.20001766,-118.4485584
Aladdin Books Olympic,Aladdin Books Olympic,2777 W Olympic Blvd,V,,False,True,34.0528,-118.29409
Arado,Arado,,O,,False,True,34.0620463,-118.3143382
B & C FOOD INC / B & C FOOD INC,B & C FOOD INC / B & C FOOD INC | Paik's Bonga,22640 GOLDEN SPRINGS DR,O,FA0356444,True,False,34.007212,-117.820167
BAB & BANCHAN / BAB & BANCHAN,BAB & BANCHAN / BAB & BANCHAN | Heung Nam Myun Ok | Bab N Banchan / 밥N반찬 (구 흥남면옥),2748 SEPULVEDA BLVD,V,FA0330752,True,False,33.822507,-118.3336738
BAROO / BAROO,BAROO / BAROO | Baroo,905 E 2ND ST 109,V,FA0324480,False,True,34.047676015,-118.234808016
BB-Q CHICKEN / BB-Q CHICKEN,BB-Q CHICKEN / BB-Q CHICKEN | bb.q Chicken Palmdale,2315 E PALMDALE BLVD A,V,FA0353217,False,False,34.580511,-118.086031
BB.Q CHICKEN CANYON COUNTRY / BB.Q CHICKEN CANYON COUNTRY,BB.Q CHICKEN CANYON COUNTRY / BB.Q CHICKEN CANYON COUNTRY,27586 SIERRA HIGHWAY DR,K,FA0354292,False,False,34.416124,-118.454646
BBQ CHICKEN / BBQ CHICKEN,BBQ CHICKEN / BBQ CHICKEN,2222 FOOTHILL BLVD D,K,FA0312602,False,False,34.215881,-118.225984
BBQ CHICKEN / BBQ CHICKEN,BBQ CHICKEN / BBQ CHICKEN,23121 LYONS AVE,K,FA0312251,False,False,34.38005888,-118.5377436
BBQ CHICKEN / BBQ CHICKEN,BBQ CHICKEN / BBQ CHICKEN,6118 W SUNSET BLVD,K,FA0325297,False,True,34.097566988,-118.323024026
BBQ CHICKEN / BBQ CHICKEN,BBQ CHICKEN / BBQ CHICKEN,3205 E CARSON ST,K,FA0312315,False,False,33.83268598,-118.155594
BBQ CHICKEN ALHAMBRA / BBQ CHICKEN ALHAMBRA,BBQ CHICKEN ALHAMBRA / BBQ CHICKEN ALHAMBRA,560 W MAIN ST STE A,K,FA0294712,False,False,34.092119,-118.132505
BBQ CHICKEN ARCADIA / BBQ CHICKEN ARCADIA,BBQ CHICKEN ARCADIA / BBQ CHICKEN ARCADIA,1101 W HUNTINGTON DR # K-107,K,FA0308758,False,False,34.13161202,-118.06634
BBQ CHICKEN BURBANK / BBQ CHICKEN BURBANK,BBQ CHICKEN BURBANK / BBQ CHICKEN BURBANK,124 N SAN FERNANDO BLVD,K,FA0319786,False,False,34.181268003,-118.308876966
BBQ CHICKEN HACIENDA HEIGHTS / BBQ CHICKEN HACIENDA HEIGHTS,BBQ CHICKEN HACIENDA HEIGHTS / BBQ CHICKEN HACIENDA HEIGHTS,17110 COLIMA RD STE C,K,FA0308017,False,False,33.990301,-117.934503
BBQ CHICKEN LA / BBQ CHICKEN LA,BBQ CHICKEN LA / BBQ CHICKEN LA,3450 W 6TH ST # 102,K,FA0224078,False,True,34.06357331,-118.2970398
BBQ CHICKEN LANCASTER / BBQ CHICKEN LANCASTER,BBQ CHICKEN LANCASTER / BBQ CHICKEN LANCASTER,1731 E AVENUE J,K,FA0398748,False,False,34.68968242,-118.0977657
BBQ CHICKEN LOMITA / BBQ CHICKEN LOMITA,BBQ CHICKEN LOMITA / BBQ CHICKEN LOMITA,2383 LOMITA BLVD UNIT 101,K,FA0292689,False,False,33.805159,-118.324767
BBQ CHICKEN ROWLAND HEIGHTS / BBQ CHICKEN ROWLAND HEIGHTS,BBQ CHICKEN ROWLAND HEIGHTS / BBQ CHICKEN ROWLAND HEIGHTS,19735 COLIMA RD # 1,K,FA0305499,False,False,33.98720301,-117.871785
BBQ CHICKEN TARZANA / BBQ CHICKEN TARZANA,BBQ CHICKEN TARZANA / BBQ CHICKEN TARZANA,5577 RESEDA BLVD,K,FA0324389,False,True,34.172111989,-118.536402974
BBQ CHICKEN TORRANCE / BBQ CHICKEN TORRANCE (H-MART FOOD COURT),BBQ CHICKEN TORRANCE / BBQ CHICKEN TORRANCE (H-MART FOOD COURT),4340 PACIFIC COAST HWY,K,FA0312288,False,False,33.80783402,-118.360535
BBQ CHICKEN WALNUT / BBQ CHICKEN WALNUT,BBQ CHICKEN WALNUT / BBQ CHICKEN WALNUT,505 N GRAND AVE,K,FA0402125,False,False,34.02773973,-117.8361496
BBQ CHICKEN WALNUT / BBQ CHICKEN WALNUT,BBQ CHICKEN WALNUT / BBQ CHICKEN WALNUT,505 N GRAND AVE # C,K,FA0303886,False,False,34.027413,-117.836573
BBQ CHICKEN WESTERN / BBQ CHICKEN WESTERN,BBQ CHICKEN WESTERN / BBQ CHICKEN WESTERN,1552 N CAHUENGA BLVD,K,FA0330336,False,True,34.0967969,-118.329453
BBQ CHICKEN WESTERN / BBQ CHICKEN WESTERN,BBQ CHICKEN WESTERN / BBQ CHICKEN WESTERN,125 N WESTERN AVE 105,K,FA0330207,False,True,34.073737,-118.309513
BBQ Garden,BBQ Garden,1707 Pico Blvd,V,,True,False,34.0180864183018,-118.47277504973722
BBQ HOUSE / BBQ HOUSE,BBQ HOUSE / BBQ HOUSE | BBQ All You Can Eat,3063 W 8TH ST,V,FA0352287,True,True,34.058044,-118.293633
BBQ NIGHT / BBQ NIGHT,BBQ NIGHT / BBQ NIGHT | BBQ Night,12545 CARSON ST,V,FA0137713,True,False,33.83190886,-118.0643209
BEULAH KITCHEN / BEULAH KITCHEN,BEULAH KITCHEN / BEULAH KITCHEN | Kim's Kitchen | Beulah Kitchen,1229 E COLORADO ST,V,FA0290187,False,False,34.143028,-118.238388
BHC CHICKEN / BHC CHICKEN,BHC CHICKEN / BHC CHICKEN | BBQ Chicken Los Angeles,3465 W 6TH ST 80,V,FA0330989,True,True,34.063811,-118.29736
BHC TOFU HOUSE / BHC TOFU HOUSE,BHC TOFU HOUSE / BHC TOFU HOUSE,371 S DOHENY DR,K,FA0363566,False,False,34.05967969,-118.3898132
BITES AND BASHES / BITES AND BASHES,BITES AND BASHES / BITES AND BASHES | Bites & Bashes Cafe,25600 NARBONNE AVE,O,FA0245133,False,False,33.79110999,-118.319946
BODHI LEAF TRADING COMPANY / BODHI LEAF TRADING COMPANY,BODHI LEAF TRADING COMPANY / BODHI LEAF TRADING COMPANY | ZingGa Grill,26910 SIERRA HWY # D2,V,FA0267571,True,False,34.4043,-118.46428
BOOLIE YA / BOOLIE YA,BOOLIE YA / BOOLIE YA | Boolieya,3959 WILSHIRE BLVD # B211,V,FA0278639,False,True,34.0617,-118.31329
BOOM BOOM CHICKEN / BOOM BOOM CHICKEN,BOOM BOOM CHICKEN / BOOM BOOM CHICKEN | Boom Boom Chicken,827 W PALMDALE BLVD,V,FA0164830,False,False,34.5871664,-118.1465634
BUIL SAMGYE TANG INC / BUIL SAMGYE TANG INC,BUIL SAMGYE TANG INC / BUIL SAMGYE TANG INC | Buil Samgye Tang,859 S WESTERN AVE,V,FA0272365,False,True,34.05671299,-118.3091433
BULGOGI / RESTAURANT,BULGOGI / RESTAURANT,3500 W 6TH ST 228,K,FA0400912,True,True,34.06355326,-118.2985834
BUNKER 21 / BUNKER 21,BUNKER 21 / BUNKER 21 | Bunker21,17631 PIONEER BLVD,V,FA0325570,False,False,33.870901006,-118.082803962
BURNING SHELL / BURNING SHELL,BURNING SHELL / BURNING SHELL | Jae Bu Do,3916 WILSHIRE BLVD,V,FA0328342,False,True,34.061458,-118.311842
Belly Bombz Kitchen,Belly Bombz Kitchen,11824 Artesia Blvd,V,,False,False,33.87265924010517,-118.08131827420162
Bellyful K-Food Soju and Beer,Bellyful K-Food Soju and Beer,9346 Corbin Ave Kitchen 1,V,,False,True,34.24053109,-118.56195079
Bibigo,Bibigo,3525 W Carson St,V,,False,False,33.8326277585845,-118.34874983726006
Bibigo,Bibigo,6000 Sepulveda Blvd,V,,False,False,33.98570028750456,-118.39363311325954
Bibigo,Bibigo,10252 Santa Monica Blvd,V,,False,True,34.05785062129704,-118.41922886057995
Bibigo,Bibigo,14006 Riverside Dr,V,,False,True,34.15699226527683,-118.43529061349554
Bibigo Fresh Korean Kitchen,Bibigo Fresh Korean Kitchen,150 Citadel Dr,V,,False,False,34.00546,-118.152862
Big Rice Korean Cuisine,Big Rice Korean Cuisine,5703 Rosemead Blvd,V,,False,False,34.103828462011975,-118.07391875757209
Bitbokki,Bitbokki,301 S Western Ave Suite 102,V,,False,True,34.06857286,-118.3096176
Blossom Bites & Eatery,Blossom Bites & Eatery,9626 Venice Boulevard,O,,False,True,34.0244732,-118.3963241
Bomb Chicken,Bomb Chicken,2300 S Garfield Ave,V,,False,False,34.03648111,-118.13023422
Bonjuk,Bonjuk,3500 W 6th St,V,,False,True,34.06313273,-118.29858105
Bonjuk,Bonjuk,3551 Wilshire Blvd,V,,False,True,34.06173367105207,-118.3019802601902
Bonjuk,Bonjuk,450 S Western Ave,V,,False,True,34.065637,-118.308674
Bonjuk and Bibimbap,Bonjuk and Bibimbap,1744 Nogales St,V,,False,False,33.98593187,-117.88836619
BuChun GamJaTang 부천 뼈다귀 감자탕,BuChun GamJaTang 부천 뼈다귀 감자탕,3055 W 7th St,V,,False,True,34.0601429140444,-118.29069133967212
Bulrocho,Bulrocho,955 S Vermont Ave,V,,False,True,34.05391815,-118.29198937
BÖP+HAGO,BÖP+HAGO,,O,,False,True,34.2364863,-118.5375761
CAFE FEVER / CAFE FEVER,CAFE FEVER / CAFE FEVER | Quest Cafe,11976 ARTESIA BLVD,V,FA0364118,False,False,33.87297598,-118.0774433
CAFE KOROBKGUR / CAFE KOROBKGUR,CAFE KOROBKGUR / CAFE KOROBKGUR | Borit Gogae,3464 W 8TH ST,V,FA0011939,False,True,34.24125659,-118.2675553
CALIFORNIA MARKET GIM BAP & UDON / CALIFORNIA MARKET GIM BAP & UDON,CALIFORNIA MARKET GIM BAP & UDON / CALIFORNIA MARKET GIM BAP & UDON | California Market Gimbap,450 S WESTERN AVE UNIT 105,V,FA0278341,False,True,34.065621,-118.3090845
CENTURY HOME BAP / CENTURY HOME BAP,CENTURY HOME BAP / CENTURY HOME BAP | Century Home Bap,4120 W OLYMPIC BLVD,V,FA0256474,False,True,34.05444159,-118.3224824
CHAINSAW / CHAINSAW,CHAINSAW / CHAINSAW | Angry Dak,5022 MELROSE AVE,V,FA0363547,False,True,34.08348935,-118.3099268
CHAMSUTGOL BBQ / CHAMSUTGOL BBQ,CHAMSUTGOL BBQ / CHAMSUTGOL BBQ | Chamsutgol BBQ,18722 E COLIMA RD,V,FA0288682,True,False,33.98692201,-117.895309
CHD,CHD,3377 Wilshire Blvd,V,,False,True,34.06193,-118.29742
CHEF KANG HANEUEM / CHEF KANG HANEUEM,CHEF KANG HANEUEM / CHEF KANG HANEUEM | HanEuem,539 S WESTERN AVE,V,FA0331946,False,True,34.064177,-118.309407
CHEF KANGS DASOM / CHEF KANGS DASOM,CHEF KANGS DASOM / CHEF KANGS DASOM | Dasom La | 꼴값김밥,3959 WILSHIRE BLVD STE A5,V,FA0329092,False,True,34.062128,-118.313381
CHICK + RICE / BBQ + RICE,CHICK + RICE / BBQ + RICE | BBQ + Rice,4481 SANTA MONICA BLVD,V,FA0305254,True,True,34.20150057,-118.5820986
CHICKEN TROOPERS / CHICKEN TROOPERS,CHICKEN TROOPERS / CHICKEN TROOPERS | Chicken Troopers,13302 ROSECRANS AVE,V,FA0299000,False,False,33.90213399,-118.04823
CHIMAC STAR / CHIMAC STAR,CHIMAC STAR / CHIMAC STAR | Chimac Star,3054 W 8TH ST UNIT 101-3,V,FA0248968,False,True,34.0577115,-118.2932415
CHO MAK / CHO MAK,CHO MAK / CHO MAK | Cho Mak,357 S WESTERN BLVD STE 101,V,FA0352284,False,True,34.067443,-118.309518
CHOENG WUN BUFFET RESTAURANT / CHOENG WUN BUFFET RESTAURANT,CHOENG WUN BUFFET RESTAURANT / CHOENG WUN BUFFET RESTAURANT | Choeng Wun Korean BBQ Buffet Restaurant,942 N WESTERN AVE,V,FA0014900,True,True,34.08755298,-118.3089645
CHON-DAK / CHON-DAK,CHON-DAK / CHON-DAK | Chon Dak,15915 S WESTERN AVE STE A & B,V,FA0267092,False,False,33.885809,-118.309596
CHUBBY CATTLE ROSEMEAD / CHUBBY CATTLE ROSEMEAD,"CHUBBY CATTLE ROSEMEAD / CHUBBY CATTLE ROSEMEAD | Chubby Cattle Rosemead, CA",8508 VALLEY BLVD STE C102,V,FA0326643,False,False,34.079213,-118.083798
CLUCK&CRISP / CLUCK&CRISP,CLUCK&CRISP / CLUCK&CRISP | Tomato Express Korean Grill,1220 S GREENWOOD AVE,V,FA0364304,False,False,33.99067645,-118.121908
CMC Gardena,CMC Gardena,15420 S Western Ave,V,,False,False,33.89121127,-118.30893614
COMBO HOUSE / COMBO HOUSE,COMBO HOUSE / COMBO HOUSE | Combo House,21080 GOLDEN SPRINGS DR,V,FA0202722,False,False,33.83199978,-118.2813258
CORNER GRILL / CORNER GRILL,CORNER GRILL / CORNER GRILL | Corner Grill,6585 FOOTHILL BLVD,V,FA0248237,False,True,34.24633106,-118.275689
CORRIDOR FLOW / CORRIDOR FLOW,CORRIDOR FLOW / CORRIDOR FLOW | Monster Kimbap,24614 NARBONNE AVE,O,FA0276174,False,False,33.80204967,-118.3198938
COTTONHI / COTTONHI,COTTONHI / COTTONHI | 88 Hotdog and Juicy Korean Street Food,3825 W 6TH ST,V,FA0177524,False,False,34.02846858,-118.1885563
COUNTRY KKOKKO / COUNTRY KKOKKO,COUNTRY KKOKKO / COUNTRY KKOKKO | Kko Kko Yang-Gopchang,1716 W REDONDO BEACH BLVD,V,FA0016822,False,False,33.88843154,-118.3078186
CRAB HOUSE / CRAB HOUSE,CRAB HOUSE / CRAB HOUSE | Crab House | 홍어와꽃게,923 S VERMONT AVE,V,FA0073375,False,True,34.05504067,-118.2918171
CRUNCHEESE / CRUNCHEESE,CRUNCHEESE / CRUNCHEESE | Cruncheese,400 S BALDWIN AVE # 9048,V,FA0303622,False,False,34.134938,-118.051
CULVER AND MAIN / CULVER AND MAIN,CULVER AND MAIN / CULVER AND MAIN | Hanjip Korean Bbq,3829 MAIN ST,V,FA0356014,True,False,34.02489469,-118.3946416
CUP BOB,CUP BOB,4003 Wilshire Blvd,V,,False,True,34.062127,-118.314569
California Gimbap & Udon,California Gimbap & Udon,833 S Western Ave #39,V,,False,True,34.05733509,-118.30960084
Cha Cha Chili,Cha Cha Chili,640-B Valley Blvd,V,,False,False,34.077933104164245,-118.13044909988875
Cheers Cafe,Cheers Cafe,1414 S Azusa Ave B1,V,,False,False,34.04894166,-117.90732018
Chego!,Chego!,3300 Overland Ave,V,,False,True,34.02773488856444,-118.41338652179363
Cheong Jin Ok,Cheong Jin Ok,2999 W 6th St,V,,False,True,34.06403762,-118.28677339
Chicken Hut,Chicken Hut,3600 Wilshire Blvd,V,,False,True,34.061261,-118.3036451
Cho Dang Tofu,Cho Dang Tofu,22549 Hawthorne Blvd,V,,False,False,33.82374780561569,-118.3519389225726
Cho Dang Tofu,Cho Dang Tofu,2814 Sepulveda Blvd,V,,False,False,33.822426,-118.335635
DA SARANG / DA SARANG,DA SARANG / DA SARANG | Masan Restaurant,2843 OLYMPIC BLVD,V,FA0324762,False,True,34.052924,-118.29598
DA SOM / DA SOM,DA SOM / DA SOM | The Barn Cafe and Restaurant,228 S OXFORD AVE,V,FA0277297,False,False,34.18370955,-118.2975077
DAE BOK JUNG / DAE BOK JUNG,DAE BOK JUNG / DAE BOK JUNG | DaeBokJung,2010 JAMES M WOOD BLVD,V,FA0250873,False,True,34.05298121,-118.2779535
DAE SUNG RO / DAE SUNG RO,DAE SUNG RO / DAE SUNG RO | Hak San - La,3101 W 8TH ST,V,FA0317522,False,True,34.057944014,-118.294416004
DAIKOKUYA MONTEREY PARK / DAIKOKUYA MONTEREY PARK,DAIKOKUYA MONTEREY PARK / DAIKOKUYA MONTEREY PARK | Honey Pig 2.0,111 N ATLANTIC BLVD STE 241,V,FA0060590,False,False,34.06292795,-118.1349545
DDAENG DDAENG YI / DDAENG DDAGNG YI,DDAENG DDAENG YI / DDAENG DDAGNG YI | 뒷골목 노래방,3285 WILSHIRE BLVD,V,FA0060683,False,True,34.06195706,-118.2936812
DHA RAE OAK RESTAURANT / DHA RAE OAK RESTAURANT,DHA RAE OAK RESTAURANT / DHA RAE OAK RESTAURANT | Dha Rae Ok,1106 S WESTERN AVE,V,FA0017778,False,True,34.05055424,-118.308879
DOME POCHANA / DOME POCHANA,DOME POCHANA / DOME POCHANA,13191 GLADSTONE AVE,K,FA0060966,False,True,34.31045487,-118.4280173
DON'S EATERY / DON'S EATERY,DON'S EATERY / DON'S EATERY | Don's Eatery,12972 LAKELAND RD,V,FA0278651,False,False,33.931395,-118.0555785
DOUBLE - O / DOUBLE - O,DOUBLE - O / DOUBLE - O | Double O Restaurant & Bar,20627 GOLDEN SPRINGS DR 1-K,V,FA0261551,False,False,33.997345,-117.855194
DOWNTOWN PEKING TAVERN / DOWNTOWN PEKING TAVERN,DOWNTOWN PEKING TAVERN / DOWNTOWN PEKING TAVERN | Seoul Sausage Company,236 S LOS ANGELES ST G,V,FA0323610,False,True,34.048987,-118.24376
"DURI SNACK, INC / DURI SNACK, INC","DURI SNACK, INC / DURI SNACK, INC | Duri Snack",17643 SHERMAN WAY 101,V,FA0331164,False,True,34.201549,-118.518148
Da Maat,Da Maat,2814 Sepulveda Blvd  Ste G,V,,False,False,33.822426,-118.335635
Ddong Ggo,Ddong Ggo,528 S Western Ave,V,,False,True,34.064442402692706,-118.30865448000269
Don Dae Gam,Don Dae Gam,1145 S Western Ave,V,,False,True,34.049731468188526,-118.30924047267868
Dong Dae Moon Dakhanmari,Dong Dae Moon Dakhanmari,3465 W 6th St #50,V,,False,True,34.0637767351983,-118.29712710890992
Dr. Chicken,Dr. Chicken,16511 Pioneer Blvd,V,,False,False,33.88070616546754,-118.08287981833926
DwitGolMok,DwitGolMok,3275 Wilshire Blvd,V,,False,True,34.061952,-118.293904
E-Garden Restaurant,E-Garden Restaurant,681 S Western Ave,V,,False,True,34.06033800345412,-118.30958354857965
EAST GARDEN / EAST GARDEN,EAST GARDEN / EAST GARDEN | East Garden,750 N HILL ST STE F,V,FA0252680,False,True,34.06191874,-118.2399441
Enjoy Bowl Northridge,Enjoy Bowl Northridge,16952 Parthenia St,V,,False,True,34.22784369,-118.50163646
Everyday chickenday - La Crescenta,Everyday chickenday - La Crescenta,2401 Foothill Blvd,V,,False,False,34.219014,-118.230583
FEI XIANG GONG / FEI XIANG GONG,FEI XIANG GONG / FEI XIANG GONG | Fei Xiang Gong,356 S WESTERN AVE #203 -204,V,FA0275009,False,True,34.067367,-118.3090763
FENG MAO / FENG MAO,FENG MAO / FENG MAO | Feng Mao,3901 W OLYMPIC BLVD,O,FA0062025,False,True,34.05366175,-118.3197593
FIRE WOK / FIRE WOK,FIRE WOK / FIRE WOK | Begopa,1414 S AZUSA AVE,V,FA0307229,False,False,34.04846898,-117.906507
FOUNTAIN LA / FOUNTAIN LA,FOUNTAIN LA / FOUNTAIN LA | O Dae San Korean BBQ | Sanya Korean BBQ,2889 W OLYMPIC BLVD,V,FA0304838,True,True,34.05289098,-118.297199
FURUSATO BBQ RESTAURANT / FURUSATO BBQ RESTAURANT,FURUSATO BBQ RESTAURANT / FURUSATO BBQ RESTAURANT | Furusato BBQ,16410 S WESTERN AVE,V,FA0062440,True,False,33.88165104,-118.3087984
Food Court of City Center on 6th,Food Court of City Center on 6th,"within H-mart, 3500 W 6th St #100",V,,False,True,34.06322304,-118.29830881
Food Picnic Day,Food Picnic Day,3250 W Olympic Blvd,V,,False,True,34.052225320996236,-118.30850977671099
Foodshop,Foodshop,Vernon Ave.,V,,False,True,33.995376,-118.47337
G Station,G Station,2500 W 8th St,V,,False,True,34.056571582586905,-118.2824175660023
GAJU GIMBAP / GAJU GIMBAP,GAJU GIMBAP / GAJU GIMBAP,833 S WESTERN AVE UNIT 39,K,FA0241477,False,True,34.05735985,-118.3091229
GAM TU BOP / GAM TU BOP,GAM TU BOP / GAM TU BOP | Gam Tu Bop,132 N BRAND BLVD,V,FA0222519,False,False,34.14747774,-118.2549269
GAMARO / RESTAURANT,GAMARO / RESTAURANT | Mountain Restaurant,3470 W 6TH ST # 7,V,FA0402029,False,True,34.06355321,-118.2974862
GAYA TOFU & GRILL / GAYA TOFU & GRILL,GAYA TOFU & GRILL / GAYA TOFU & GRILL | ,4817 TORRANCE BLVD,O,FA0305493,False,False,33.83805799,-118.364817
GEBANG SIKDANG / HIBI BY KABUKI,GEBANG SIKDANG / HIBI BY KABUKI | Gebang Sikdang,3121 W OLYMPIC BLVD,V,FA0318476,False,True,34.052943999,-118.303940025
GENWA BEVERLY HILLS / GENWA BEVERLY HILLS,GENWA BEVERLY HILLS / GENWA BEVERLY HILLS | Genwa Korea BBQ,170 N LA CIENEGA BLVD,V,FA0297284,True,False,33.94993368,-118.3438809
GLEN ARDEN CLUB / GLEN ARDEN CLUB,GLEN ARDEN CLUB / GLEN ARDEN CLUB | Anoush BBQ,357 ARDEN AVE,V,FA0257319,True,False,34.15849751,-118.2604044
"GO FOODS WESTLA, INC / W L.A. BBQ CHICKEN","GO FOODS WESTLA, INC / W L.A. BBQ CHICKEN",2131 SAWTELLE BLVD,K,FA0299378,False,True,34.05921771,-118.3751344
GO HYANG JIB / GO HYANG JIB,GO HYANG JIB / GO HYANG JIB | Go Hyang Jib Korean,16441 PIONEER BLVD # F,V,FA0025145,False,False,33.88140241,-118.0827721
GOLTANG CHICKEN / GOLTANG CHICKEN,GOLTANG CHICKEN / GOLTANG CHICKEN | Gol Tong Chicken,361 S WESTERN AVE,V,FA0276081,False,True,34.067412,-118.3091442
GON JI AM LOS ANGELES CORPORATION / GON JI AM LOS ANGELES CORPORATION,GON JI AM LOS ANGELES CORPORATION / GON JI AM LOS ANGELES CORPORATION | Gon Ji Am Restaurant,4653 1/2 BEVERLY BLVD,V,FA0330884,False,True,34.076656,-118.311072
GOOK HWA HOUSE / GOOK HWA HOUSE,GOOK HWA HOUSE / GOOK HWA HOUSE | Gook Hwa House,2825 S DIAMOND BAR BLVD # 143,V,FA0062891,False,False,33.97363956,-117.8382135
GOOPOJIB / GOOPOJIB,GOOPOJIB / GOOPOJIB | Goopojib,3071 W 8TH ST,V,FA0156835,False,True,34.05789,-118.29382
GRANDMA KIMS FAMILY REST / GRANDMA KIMS FAMILY REST,GRANDMA KIMS FAMILY REST / GRANDMA KIMS FAMILY REST | Grandma Kim's Family Diner,8384 TOPANGA CANYON BLVD,V,FA0062946,True,True,34.22226091,-118.6057688
GUE JIP RESTAURANT THE PLACE / GUE JIP RESTAURANT THE PLACE,GUE JIP RESTAURANT THE PLACE / GUE JIP RESTAURANT THE PLACE | The Place Gu Jip Restaurant,15435 S WESTERN AVE # 106,V,FA0402237,False,False,33.890895,-118.3091834
GUI GUI 9292 BBQ / GUI GUI 9292 BBQ,GUI GUI 9292 BBQ / GUI GUI 9292 BBQ | BUGA Korean BBQ | Gui Gui 9292 KBBQ,18981 COLIMA RD,V,FA0352297,True,False,33.988685,-117.890999
GUNGJUNG SULRUNGTANG / GUNGJUNG SULRUNGTANG,GUNGJUNG SULRUNGTANG / GUNGJUNG SULRUNGTANG | Gung Jung Restaurant,19814 COLIMA RD,V,FA0315180,False,False,33.986748003,-117.86926601
Gaju Gimbap,Gaju Gimbap,450 S Western Ave,V,,False,True,34.06573439,-118.3084622
Gamagol Korean Restaurant,Gamagol Korean Restaurant,11900 South St,V,,False,False,33.858163790783934,-118.0793171274531
Gamja Wavi,Gamja Wavi,928 S Western Ave,V,,False,True,34.05516419,-118.30838093
Gamjatop,Gamjatop,416 E Las Tunas Dr,V,,False,False,34.10297573505854,-118.09480210134643
Go to Go Chicken,Go to Go Chicken,"Pepper Tree Square Shopping Center, 344 S Indian Hill Blvd",V,,False,False,34.08974583,-117.718207
Goat Restaurant aka Hanmijung,Goat Restaurant aka Hanmijung,4100 W Pico Blvd #12,V,,False,True,34.04748604,-118.32470185
Goobne Chicken,Goobne Chicken,,O,,False,False,33.8727699,-118.0728553
Goong Korean BBQ I,Goong Korean BBQ I,3600 Wilshire Blvd,V,,True,True,34.06101543,-118.30365101
Green House,Green House,1412 W Redondo Beach Blvd,V,,False,False,33.89103558652258,-118.30093258792489
Gwang Yang BBQ,Gwang Yang BBQ,3435 Wilshire Blvd Ste 123,V,,True,True,34.06198,-118.29850992
Gyenari,Gyenari,9450 Washington Blvd,V,,False,False,34.02295479844341,-118.39456527588014
H MART / H MART - DELI,H MART / H MART - DELI | K Food Story,20137 PIONEER BLVD,V,FA0239713,False,False,33.84753458,-118.0821042
HAE HWA RO / HAE HWA RO,HAE HWA RO / HAE HWA RO | Koguryo Pork BBQ & Shabu Shabu,545 S WESTERN AVE D,V,FA0401368,True,True,34.06396676,-118.3091291
HAEMARU / HAEMARU,HAEMARU / HAEMARU | Haemaru Sullungtang,3498 W 8TH ST,V,FA0312562,False,True,34.05775,-118.30639
HALGATTEOK / HALGATTEOK,HALGATTEOK / HALGATTEOK | Halgatteok Northridge,9020 RESEDA BLVD #102,V,FA0333206,False,True,34.234826,-118.535665
HAM HUNG RESTAURANT / HAM HUNG RESTAURANT,HAM HUNG RESTAURANT / HAM HUNG RESTAURANT | Ham Hung Restaurant,3109 W OLYMPIC BLVD STE #A,V,FA0016247,False,True,34.05264759,-118.3035097
HAMJI PARK / HAMJIPARK RESTAURANT,HAMJI PARK / HAMJIPARK RESTAURANT | Ham Ji Park,4135 W PICO BLVD,V,FA0399618,False,True,34.04776417,-118.3257531
HAN BAT SHUL LUNG TANG / HAN BAT SHUL LUNG TANG,HAN BAT SHUL LUNG TANG / HAN BAT SHUL LUNG TANG | Han Bat Shul Lung Tang,4163 W 5TH ST,V,FA0016264,False,True,34.06549384,-118.3094249
HAN MI JUNG / HAN MI JUNG,HAN MI JUNG / HAN MI JUNG | Han Mi Jung,4100 W PICO BLVD STE #12,V,FA0016265,False,True,34.04763347,-118.3248319
HANCHIC / HANCHIC,HANCHIC / HANCHIC | Chimmelier | Hanchic,2500 W 8TH ST #103,V,FA0318423,False,True,34.056569005,-118.282537003
HANGANG KOREAN RESTAURANT / HANGANG KOREAN RESTAURANT,HANGANG KOREAN RESTAURANT / HANGANG KOREAN RESTAURANT,5612 ROSEMEAD BLVD,K,FA0364215,False,False,34.10145534,-118.0734013
HANMI KOREAN RESTAURANT / HANMI KOREAN RESTAURANT,HANMI KOREAN RESTAURANT / HANMI KOREAN RESTAURANT,18009 NORWALK BLVD #B,K,FA0329037,False,False,33.866599,-118.072873
HANSOL NOODLE TORRANCE / HANSOL NOODLE TORRANCE,HANSOL NOODLE TORRANCE / HANSOL NOODLE TORRANCE | Hansol Noodle Torrance,4340 PACIFIC COAST HWY,V,FA0326320,False,False,33.807844,-118.360544
HANU KOREAN BBQ / HANU KOREAN BBQ,HANU KOREAN BBQ / HANU KOREAN BBQ,2999 W LOS ANGELES ST # 105,K,FA0354590,True,True,34.027783,-118.341744
HERE & THERE / HERE & THERE,HERE & THERE / HERE & THERE | Somethin',12740 LA MIRADA BLVD,V,FA0365500,False,False,33.91617234,-118.0117564
HODORI365 & BOBAGO365 / HODORI365 & BOBAGO365,HODORI365 & BOBAGO365 / HODORI365 & BOBAGO365,8742 CORBIN AVE,K,FA0365073,False,True,34.22945951,-118.5622642
HOJOKBAN / HOJOKBAN,HOJOKBAN / HOJOKBAN | Hojokban La,734 E 3RD ST,V,FA0364062,False,True,34.04567986,-118.2367122
HOLDAAK / HOLDDAK,HOLDAAK / HOLDDAK | Holdaak Fried Chicken,5054 YORK BLVD,V,FA0289172,False,True,34.1141508,-118.1807106
HONEY DRESS CHICKEN #2 / HONEY DRESS CHICKEN #2,HONEY DRESS CHICKEN #2 / HONEY DRESS CHICKEN #2 | Honey Dress Fried Chicken,15492 S WESTERN AVE 114,V,FA0328317,False,False,33.889581,-118.308814
HONG KONG BANJUM / HONG KONG BANJUM,HONG KONG BANJUM / HONG KONG BANJUM | Hong Kong Jham Phong,735 E 12TH ST STE 405,V,FA0264724,False,True,34.0335927,-118.2520441
HONGKONG BANJUM / HONGKONG BANJUM,HONGKONG BANJUM / HONGKONG BANJUM | Hong Kong Banjum By Paik's Noodle,10650 ZELZAH AVE,V,FA0256214,False,True,34.263855,-118.5233697
HOUSE OF JOY / HOUSE OF JOY,HOUSE OF JOY / HOUSE OF JOY | House of Joy,3220 FOOTHILL BLVD,V,FA0303094,False,False,34.22979901,-118.249585
HUNGRY BULLDOG HOUSE / HUNGRY BULLDOG HOUSE,HUNGRY BULLDOG HOUSE / HUNGRY BULLDOG HOUSE | Hungry Bulldog House,20627 GOLDEN SPRINGS DR UNIT 1-H,V,FA0281937,False,False,33.997338,-117.855153
HWAL UH KWANG JANG / HWAL UH KWANG JANG,HWAL UH KWANG JANG / HWAL UH KWANG JANG | Hwal A Kwang Jang,730 S WESTERN AVE STE #101,V,FA0029702,False,True,34.0587107,-118.3090564
HWANG HAE DO / HWANG HAE DO,HWANG HAE DO / HWANG HAE DO | Hwang Hae Doh,11746 E ARTESIA BLVD,V,FA0029703,False,False,33.87288767,-118.0830347
HWANG HAE DOE RESTAURANT / HWANG HAE DOE RESTAURANT,HWANG HAE DOE RESTAURANT / HWANG HAE DOE RESTAURANT | Hwang Hae Doe,429 N WESTERN AVE STE 7,V,FA0017809,False,True,34.07894238,-118.3093292
HWANG'S RESTAURANT / HWANG'S RESTAURANT,HWANG'S RESTAURANT / HWANG'S RESTAURANT | Hwang's Restaurant,15134 S WESTERN AVE,V,FA0327297,True,False,33.893582,-118.308534
Halgatteok Galleria,Halgatteok Galleria,3250 W Olympic Blvd #314,V,,False,True,34.05219618,-118.30812157
Hanna-Barbera,Hanna-Barbera,15303 Ventura Blvd,V,,True,True,34.15388,-118.46632
Hanshin Pocha,Hanshin Pocha,18902 Gale Ave Suite B,V,,False,False,33.99489126,-117.88965534
Hansol Noodle,Hansol Noodle,621 S Western Ave Ste 100,V,,False,True,34.06270839436962,-118.30948712762189
Hansol doshirak,Hansol doshirak,2520 W 8th St,V,,False,True,34.05683717139908,-118.28313232533367
Hanu Korean BBQ,Hanu Korean BBQ,2999 W 6th St #104,V,,True,True,34.06402711,-118.286794
Holdaak,Holdaak,9020 Reseda Boulevard,O,,False,True,34.2348223,-118.535657
Honey Pig,Honey Pig,3400 W 8th St,V,,False,True,34.05745,-118.303283
Hongkongbanjum,Hongkongbanjum,4340 Pacific Coast Hwy,V,,False,False,33.80774433,-118.36028259
Hongsamgalbi Korean BBQ,Hongsamgalbi Korean BBQ,927 E Las Tunas Dr Ste K,V,,True,False,34.10437112344606,-118.08731707253314
Hook Chicken,Hook Chicken,,V,,False,False,33.878965,-118.3528449
House of Shin Ramyun,House of Shin Ramyun,901 S Western Ave,V,,False,True,34.05549,-118.309539
Hsiang Yuen Restaurant,Hsiang Yuen Restaurant,12248 South St,V,,False,False,33.85830565,-118.07071481
Hwayeong Korean BBQ Restaurant,Hwayeong Korean BBQ Restaurant,863 S Western Ave,V,,True,True,34.056023,-118.309899
Hyun Poong Gom Tang,Hyun Poong Gom Tang,244 S Oxford Ave,V,,False,True,34.06997804460713,-118.30744922161104
I LOVE BBQ / I LOVE BBQ,I LOVE BBQ / I LOVE BBQ | Love BBQ | Love B.B.Q,40140 W 10TH ST W,V,FA0017834,True,False,34.6117699,-118.1475639
In Seoul,In Seoul,8230 Beverly Blvd #3,V,,False,True,34.0758171081543,-118.369140625
JAEBUDO / JAEBUDO,JAEBUDO / JAEBUDO | Jae Bu Do,474 N WESTERN AVE,V,FA0302529,False,True,34.07963001,-118.30876
JANG DOK DAE / JANG DOK DAE,JANG DOK DAE / JANG DOK DAE | Jang Dok Dae,16440 NORWALK BLVD,V,FA0203207,False,False,33.88139879,-118.0727124
JANG GA NAE RESTAURANT / JANG GA NAE RESTAURANT,JANG GA NAE RESTAURANT / JANG GA NAE RESTAURANT | Jang Ga Nae Restaurant,1722 DESIRE AVE UNIT 108,V,FA0363571,False,False,33.98723349,-117.8962903
JESSE BOY / JESSE BOY,JESSE BOY / JESSE BOY | Jesse Boy Korean Fried Chicken (Hollywood),6254 SANTA MONICA BLVD,V,FA0262452,False,True,34.09067096,-118.3256234
JIN JJA ROO / JIN JJA ROO,JIN JJA ROO / JIN JJA ROO | Jin Jja Roo,15435 S WESTERN AVE STE 115,V,FA0248558,False,False,33.89085053,-118.3091823
JIN RESTAURANT / JIN RESTAURANT,JIN RESTAURANT / JIN RESTAURANT | Jin Su Sung Chan(진수성찬),3250 W OLYMPIC BLVD STE 310,V,FA0031779,False,True,34.05243962,-118.3076616
JINCOOK / JINCOOK,JINCOOK / JINCOOK | Jin Cooks,26921 SIERRA HWY,V,FA0306943,False,False,34.40598599,-118.466135
JINJU HOUSE / JINJU HOUSE,JINJU HOUSE / JINJU HOUSE | Moobongri Soondae Cerritos 무봉리 순대 세리토스,12246 SOUTH ST,V,FA0398445,False,False,33.85846039,-118.07072
JJAN / JJAN,JJAN / JJAN | 쨘 JJAN Korean Gastropub,3328 W 8TH ST,V,FA0225498,False,True,34.05770576,-118.3006807
JOMARU CERRITOS / JOMARU CERRITOS,JOMARU CERRITOS / JOMARU CERRITOS | Jomaru Korean Hot Pot Cerritos (ì¡°ë§ˆë£¨ ê°ìžíƒ•),11900 SOUTH ST STE. 110,V,FA0353912,False,False,33.857274,-118.079063
JOOK HYANG 2 / JOOK HYANG 2,JOOK HYANG 2 / JOOK HYANG 2 | Jook Hyang,2666 W OLYMPIC BLVD,V,FA0303105,False,True,34.052128021,-118.290243996
JUN JU SHULUNGTANG / JUN JU SHULUNGTANG,JUN JU SHULUNGTANG / JUN JU SHULUNGTANG | Jun Ju Sul Lung Tang,1845 W REDONDO BEACH BLVD,V,FA0064584,False,False,33.88826166,-118.3104229
JUN TONG SUL RUNG TANG / JUN TONG SUL RUNG TANG,JUN TONG SUL RUNG TANG / JUN TONG SUL RUNG TANG | JunTong SulLungTang,869 S WESTERN AVE STE #5,V,FA0019374,False,True,34.05620014,-118.3091124
JY BULL BBQ INC / JY BULL BBQ INC,JY BULL BBQ INC / JY BULL BBQ INC | Bull Bbq,18040 S WESTERN AVE,V,FA0300574,True,False,33.866881,-118.308818
Jeon Ju,Jeon Ju,2716 W Olympic Blvd,V,,False,True,34.05254397635074,-118.29238400754012
Jeon Ju Restaurant,Jeon Ju Restaurant,,V,,False,False,33.88873102,-118.31028631
Jeonju Hyundaiok,Jeonju Hyundaiok,3020 Wilshire Blvd,V,,False,True,34.061612,-118.287685
JiYunChulHakWon지윤철학원/으뜸이름작명연구소,JiYunChulHakWon지윤철학원/으뜸이름작명연구소,1107 S Mariposa Ave,V,,False,True,34.0504465,-118.29809560000001
Jin Kook Restaurant,Jin Kook Restaurant,16300 Crenshaw Blvd  Ste 106,V,,False,False,33.882478,-118.325924
Jong won Paik’s noodle house,Jong won Paik’s noodle house,2716 W Olympic Blvd,V,,False,True,34.05221239,-118.29240568
K Chicken Haus,K Chicken Haus,3525 W 3rd St,V,,False,True,34.06928142211381,-118.29242008802287
K'Grill Korean Cuisine,K'Grill Korean Cuisine,404 S Figueroa St,V,,False,True,34.05218402,-118.25594519
K-Bob's Steakhouse,K-Bob's Steakhouse,44810 Vly Central Wy #2A,V,,True,False,34.69740593,-118.17128502
K-RAMYEON BAR & BAZAAR / K-RAMYEON BAR & BAZAAR,K-RAMYEON BAR & BAZAAR / K-RAMYEON BAR & BAZAAR | K-Ramyeon Bar & Bazaar,940 S WESTERN AVE UNIT K,V,FA0358066,False,True,34.05427823,-118.3090389
K-TEAM BBQ / K-TEAM BBQ,K-TEAM BBQ / K-TEAM BBQ | MooDaePo | KTEAM BBQ,936 S VERMONT AVE,V,FA0329398,True,True,34.054613,-118.291333
K-ZONE / K-ZONE,K-ZONE / K-ZONE | 2nd Floor Gastropub & Sportsbar,865 S VERMONT AVE,V,FA0352245,False,True,34.056251,-118.29191
KAIJU NOODLE HOUSE / KAIJU NOODLE HOUSE,KAIJU NOODLE HOUSE / KAIJU NOODLE HOUSE | Kaiju Noodle House,1167 ALOSTA AVE,V,FA0264321,False,False,34.12885807,-117.8819848
KAMINARI GYOZA / KAMINARI GYOZA,KAMINARI GYOZA / KAMINARI GYOZA | Korea B.B.Q House,323 E 1ST ST,V,FA0275656,False,True,34.04998283,-118.2403025
KANG HODONG BAEKJEONG / KANG HODONG BAEKJEONG,KANG HODONG BAEKJEONG / KANG HODONG BAEKJEONG,1725 W CARSON ST STE A,K,FA0226236,True,False,33.83151787,-118.3104201
KATIE'S KITCHEN / KATIE'S KITCHEN,KATIE'S KITCHEN / KATIE'S KITCHEN | Katie's Kitchen,3660 WILSHIRE BLVD STE 120,V,FA0325575,False,True,34.061237,-118.304978
KBOP KOREAN KITCHEN / KBOP KOREAN KITCHEN,KBOP KOREAN KITCHEN / KBOP KOREAN KITCHEN,1375 N GRAND AVE,K,FA0364306,False,False,34.04626734,-117.8494777
KIM'S BARBEQUE / KIM'S BARBEQUE,KIM'S BARBEQUE / KIM'S BARBEQUE | Kim’s Bbq,871 SILVER SPUR RD,V,FA0315101,True,False,33.770092429,-118.366859942
KINGYUBU / KINGYUBU,KINGYUBU / KINGYUBU | Kingyubu,3128 W 8TH ST,V,FA0328413,False,True,34.057451,-118.295235
KISC-Glendale,KISC-Glendale,4747 New York Ave,V,,False,False,34.236969,-118.253921
KITCHEN BANN / KITCHEN BANN,KITCHEN BANN / KITCHEN BANN | Kitchen Bann,113 E 9TH ST,V,FA0305349,False,True,34.04110174,-118.2544536
KITCHEN SOODA / KITCHEN SOODA,KITCHEN SOODA / KITCHEN SOODA | bb.q Chicken,618 S SERRANO AVE,V,FA0222380,False,True,34.06283781,-118.3065667
KNEIGHBOR / KNEIGHBOR,KNEIGHBOR / KNEIGHBOR | Kneighbor,3504 W 8TH ST B,V,FA0362115,False,True,34.05763873,-118.307241
KO RYO JUNG / KO RYO JUNG,KO RYO JUNG / KO RYO JUNG | Ko Ryo Jung Korean BBQ,1585 SEPULVEDA BLVD STE #N,V,FA0064908,True,True,33.81602677,-118.3058699
KOKIO CHICKEN / KOKIO CHICKEN,KOKIO CHICKEN / KOKIO CHICKEN | Tong Tong Tang,2841 S DIAMOND BAR BLVD STE C,O,FA0262884,False,False,33.9734502,-117.8383998
KOREAN BBQ HOUSE / KOREAN BBQ HOUSE,KOREAN BBQ HOUSE / KOREAN BBQ HOUSE,123 S ONIZUKA ST # 302,K,FA0241079,True,True,33.72053505,-118.3118649
KOREAN TOP FOODS INC-YELLOW HOUSE / KOREAN TOP FOODS INC,KOREAN TOP FOODS INC-YELLOW HOUSE / KOREAN TOP FOODS INC,8926 RESEDA BLVD,K,FA0354516,False,True,34.23277766,-118.5360589
KOTE DAEJI / KOTE DAEJI,KOTE DAEJI / KOTE DAEJI | Kote Dae Ji Korean BBQ 꽃돼지,14816 S BEACH BLVD,V,FA0027282,True,False,33.89705751,-117.9865776
KPOP KARAOKE / KPOP KARAOKE,KPOP KARAOKE / KPOP KARAOKE | Karaoke_ Pocha,3309 W 6TH ST,V,FA0279621,False,True,34.06363553,-118.294632
Ka-San Korean BBQ,Ka-San Korean BBQ,3115 Foothill Blvd,V,,True,False,34.228739177918065,-118.24661022627943
Kabayo,Kabayo,201 N Western Ave,V,,False,True,34.07481068173753,-118.30957572679667
Keum San Sam Gye Tang,Keum San Sam Gye Tang,1144 S Western Ave #105,V,,False,True,34.04948547396871,-118.30852845946661
Kimchi House,Kimchi House,,O,,False,True,34.0475218,-118.3249031
Ko Hyang Tofu House,Ko Hyang Tofu House,140 W Valley Blvd,V,,False,False,34.07822771,-118.10200376
Kobunga Korean Grill,Kobunga Korean Grill,929 West Jefferson Boulevard,O,,True,True,34.0250482,-118.2853951
Kogiya Korean BBQ,Kogiya Korean BBQ,9711 Reseda Blvd,V,,True,True,34.246585,-118.536433
Kokio Chicken,Kokio Chicken,13337 Artesia Blvd,V,,False,False,33.87435517977151,-118.04763402446272
Korea House BBQ/ Tofu,Korea House BBQ/ Tofu,10632 Lower Azusa Rd,V,,True,False,34.09187079503723,-118.03801217719928
"Korea Town, Downtown","Korea Town, Downtown",W Olympic Blvd,V,,False,True,34.05293,-118.30352
Korean BBQ,Korean BBQ,,V,,True,False,33.85981941,-118.07209724
Korean BBQ,Korean BBQ,474 N Western Ave,V,,True,True,34.0796409,-118.30879213
Korean BBQ Los Angeles California USA,Korean BBQ Los Angeles California USA,231 E 1st St,V,,True,True,34.050913,-118.241927
Korean Barbecue Buffet,Korean Barbecue Buffet,,V,,True,True,34.0876851415,-118.3087981985
Korean Ginseng Center,Korean Ginseng Center,21080 Golden Springs Dr,V,,False,False,33.9995264,-117.8445008
Kyodong Noodle,Kyodong Noodle,1101 W Huntington Dr,V,,False,False,34.13183543,-118.06595885
LA SUNG TANG BAN / LA SUNG TANG BAN,LA SUNG TANG BAN / LA SUNG TANG BAN | Yupdduk Olympic,3134 W OLYMPIC BLVD,V,FA0352056,False,True,34.052424,-118.304366
LA YIMONE / LA YIMONE,LA YIMONE / LA YIMONE | LA Yimone,304 N WESTERN AVE,V,FA0065011,False,True,34.0764959,-118.3089177
LASUNG TOFU / LASUNG TOFU,LASUNG TOFU / LASUNG TOFU | LASUNG TOFU & POT RICE 라성순두부,3060 W OLYMPIC BLVD STE 150,V,FA0354126,False,True,34.052138,-118.302647
LAVA ROCC / LAVA ROCC,LAVA ROCC / LAVA ROCC | Warrior Los Angeles,8909 SUNSET BLVD,V,FA0362846,False,False,34.0906983,-118.3861166
LAZY DAISY / LAZY DAISY,LAZY DAISY / LAZY DAISY | Meat Your Seoul,1101 GAYLEY AVE,V,FA0309569,False,True,34.059596,-118.446372
LEE'S TOFU / LEE'S TOFU,LEE'S TOFU / LEE'S TOFU | Lee's Tofu,1743 W REDONDO BEACH BLVD,V,FA0330347,False,False,33.888989,-118.308595
LEE'S TOFU HOUSE / LEE'S TOFU HOUSE,LEE'S TOFU HOUSE / LEE'S TOFU HOUSE,2119 S ATLANTIC BLVD,K,FA0305769,False,False,34.03895699,-118.145435
LEEGA / LEEGA,LEEGA / LEEGA | LEEGA Ktown,698 VERMONT AVE 107 & 106,V,FA0312156,False,True,34.060224,-118.291226
LEGEND HOT CHICKEN / LEGEND HOT CHICKEN,LEGEND HOT CHICKEN / LEGEND HOT CHICKEN | Legend Hot Chicken,6402 FLORENCE AVE,O,FA0329633,False,False,33.963988,-118.150236
LOVE LETTER PIZZA & CHICKEN / LOVE LETTER PIZZA & CHICKEN,LOVE LETTER PIZZA & CHICKEN / LOVE LETTER PIZZA & CHICKEN | Love Letter Pizza & Chicken,15435 S WESTERN AVE STE 112,V,FA0271376,False,False,33.89085,-118.30915
LULUNE / LULUNE,LULUNE / LULUNE | Lulune Korean Cuisine,3901 1/2 W OLYMPIC BLVD,V,FA0315111,False,True,34.053730012,-118.319624997
Lasung House,Lasung House,3134 W Olympic Blvd,V,,False,True,34.05246511,-118.30438109
Lee's Noodles,Lee's Noodles,401 S Vermont Ave,V,,False,True,34.06719596447062,-118.29209775592237
Lee's Tofu,Lee's Tofu,2008 S Atlantic Blvd,V,,False,False,34.04038,-118.141515
Lees Korean BBQ & Tofu House,Lees Korean BBQ & Tofu House,,O,,True,False,34.4212766,-118.5466604
Legend Hot Chicken,Legend Hot Chicken,2841 S Diamond Bar Blvd # C,V,,False,False,33.97452421,-117.83807596
LuckyBall Korean BBQ,LuckyBall Korean BBQ,,V,,True,True,34.000417453367,-118.29233093247001
M PIZZA / M PIZZA,M PIZZA / M PIZZA | Korea Town Pizza,3900 WILSHIRE BLVD,O,FA0269378,False,True,34.06166047,-118.311401923
MA DANG GOOK SOO / MA DANG GOOK SOO,MA DANG GOOK SOO / MA DANG GOOK SOO | Ma Dang Gook Soo,869 S WESTERN AVE STE #1,V,FA0066188,False,True,34.05620014,-118.3091124
MAJORDOMO / MAJORDOMO,MAJORDOMO / MAJORDOMO | Majordomo,1741 NAUD ST,V,FA0256150,False,True,34.06930724,-118.2253841
MANDARIN HOUSE-JIN HUNG GAK / MANDARIN HOUSE-JIN HUNG GAK,MANDARIN HOUSE-JIN HUNG GAK / MANDARIN HOUSE-JIN HUNG GAK | Jin Hung Gak,928 S WESTERN AVE STE 147,V,FA0066316,False,True,34.05484717,-118.30886
MASBANCHAN / MASBANCHAN,MASBANCHAN / MASBANCHAN | Ma's Banchan,1176 S DIAMOND BAR BLVD,V,FA0307166,False,False,34.00158693,-117.8106204
MASTER HA / MASTER HA,MASTER HA / MASTER HA | Ha Sun Saeng - Master Ha,1147 S WESTERN AVE,V,FA0243062,False,True,33.73335951,-118.3164683
MCDONALD'S #11118 / MCDONALD'S,MCDONALD'S #11118 / MCDONALD'S | Korean Treasure,5015 W SLAUSON AVE,V,FA0039682,False,False,33.98777805,-118.3650886
MEMORYLOOK / MEMORYLOOK,MEMORYLOOK / MEMORYLOOK | Cho Man Won,2881 W OLYMPIC BLVD,V,FA0320496,False,True,34.052890983,-118.297198964
MGD Korean BBQ Express,MGD Korean BBQ Express,686 N Spring St #104,V,,True,True,34.05964002,-118.23780535
MIARI NOODLE HOUSE / MIARI NOODLE HOUSE,MIARI NOODLE HOUSE / MIARI NOODLE HOUSE | Miari Noodle House,3224 W OLYMPIC BLVD # 102,V,FA0203339,False,True,34.22436461,-118.4554136
MIRAK RESTAURANT / MIRAK RESTAURANT,MIRAK RESTAURANT / MIRAK RESTAURANT | Mirak Restaurant,1134 S WESTERN AVE STE A2,V,FA0279526,False,True,34.049709,-118.3084875
MITZEE CAFE TO GO INC / MITZEE CAFE TO GO INC,MITZEE CAFE TO GO INC / MITZEE CAFE TO GO INC | Mitzee Cafe,721 S CENTRAL AVE STE #B,V,FA0307651,False,False,34.136864,-118.258372
MOCHINUT K-TOWN / MOCHINUT K-TOWN,MOCHINUT K-TOWN / MOCHINUT K-TOWN | ChungChun Rice Hotdog,3064 W 8TH ST,V,FA0332310,False,True,34.057466,-118.293795
MOGOO / TOM N TOMS BLACK,MOGOO / TOM N TOMS BLACK | Manna Korean BBQ,3980 WILSHIRE BLVD UNIT #100,V,FA0319424,True,True,34.061381013,-118.313943994
MOM'S RESTAURANT / MOM'S RESTAURANT,MOM'S RESTAURANT / MOM'S RESTAURANT | Mom's House,3126 W 8TH ST,V,FA0067112,False,True,34.05759872,-118.2948629
MOO DAE PO / MOO DAE PO,MOO DAE PO / MOO DAE PO | Moodaepo,3014 W 7TH ST,V,FA0313804,True,True,34.059534019,-118.289705961
MOOBONGRI SAN GABRIEL / MOOBONGRI SAN GABRIEL,"MOOBONGRI SAN GABRIEL / MOOBONGRI SAN GABRIEL | Moobongri Soondae (무봉리 순대), San Gabriel",416 E LAS TUNAS DR E,V,FA0330549,False,False,34.102999,-118.094798
MOOBONGRI SOONDAE GOOK / MOOBONGRI SOONDAE GOOK,MOOBONGRI SOONDAE GOOK / MOOBONGRI SOONDAE GOOK | Western Soondae,543 S WESTERN AVE,V,FA0244247,False,True,33.73905915,-118.3124345
MOON BBQ / MOON BBQ,MOON BBQ / MOON BBQ | Moon BBQ,16334 S WESTERN AVE,V,FA0310823,True,False,33.88218101,-118.3090809
MOUNTAIN / MOUNTAIN,MOUNTAIN / MOUNTAIN | Mountain San BBQ,928 S WESTERN AVE UNIT 351,V,FA0356058,True,True,34.05514735,-118.3090319
MUJINJANG / MUJINJANG,MUJINJANG / MUJINJANG | Mujinjang,15351 S WESTERN AVE,V,FA0041869,False,False,33.8920979,-118.3094733
MUN KOREAN STEAKHOUSE / MUN KOREAN STEAKHOUSE,MUN KOREAN STEAKHOUSE / MUN KOREAN STEAKHOUSE,3519 6TH ST,K,FA0294835,True,True,34.06379601,-118.298313
MUSSE / MUSSE,MUSSE / MUSSE | Musse,8456 RESEDA BLVD,V,FA0244309,False,True,34.22410262,-118.5360473
MY DONKATSU / MY DONKATSU,MY DONKATSU / MY DONKATSU,3003 W OLYMPIC BLVD STE 103,K,FA0333299,False,True,34.052945,-118.30061
MYUNG GA HAEJANGGUK / MYUNG GA HAEJANGGUK,MYUNG GA HAEJANGGUK / MYUNG GA HAEJANGGUK | Myung Ga Korean Cuisine,2309 FOOTHILL BLVD,V,FA0276836,False,False,34.21759476,-118.2282188
MYUNG IN DUMPLINGS / MYUNG IN DUMPLINGS,MYUNG IN DUMPLINGS / MYUNG IN DUMPLINGS | Myung In Dumplings,3109 W OLYMPIC BLVD STE B,V,FA0221973,False,True,34.22688036,-118.4554203
MYUNGIN DUMPLINGS / MYUNGIN DUMPLINGS,MYUNGIN DUMPLINGS / MYUNGIN DUMPLINGS | Myungin Dumplings,19520 NORDHOFF ST STE 4,V,FA0270243,False,False,34.19565467,-118.1502977
Manna,Manna,3377 W Olympic Blvd,V,,False,True,34.05295650373807,-118.3118825211537
Manna Korean BBQ,Manna Korean BBQ,"333 S Alameda St, #305, Los Angeles, CA 90013",V,,True,True,34.06539295029544,-118.2369430470149
Mannam Restaurant,Mannam Restaurant,3954 Beverly Blvd,V,,False,True,34.07602,-118.29502
Mapo Sullung Tang,Mapo Sullung Tang,709 S Vermont Ave,V,,False,True,34.059281,-118.2919008
Maru Korean BBQ,Maru Korean BBQ,2748 Sepulveda Blvd,V,,True,False,33.82256576,-118.33358702
Meedo Dduk Cafe,Meedo Dduk Cafe,401 S Vermont Ave #1,V,,False,True,34.06702456719783,-118.29216527444031
Mister Bossam,Mister Bossam,338 South Western Avenue,O,,False,True,34.0680708,-118.3089579
Mok Maru Jong Sul Jip Sports Bar,Mok Maru Jong Sul Jip Sports Bar,222 N Western Ave,V,,False,True,34.075477,-118.30895
Moobongri Soondae,Moobongri Soondae,2949 W Olympic Blvd,V,,False,True,34.052832,-118.298759
Moon Daepo BBQ #3 (all you can eat),Moon Daepo BBQ #3 (all you can eat),3747 Foothill Blvd Ste H,V,,True,False,34.23737862185605,-118.26056502645861
Moonbowls,Moonbowls,1842 W Washington Blvd,V,,False,True,34.03975,-118.298583
Moonbowls (healthy Korean Bowls- Hollywood),Moonbowls (healthy Korean Bowls- Hollywood),615 N Western Ave,V,,False,True,34.082223,-118.309476
Mun Patio,Mun Patio,3511 W 6th St,V,,True,True,34.06369,-118.29838741
Myung Dong Kyoja,Myung Dong Kyoja,3630 Wilshire Blvd,V,,False,True,34.061532,-118.304371
Myung In Dumplings,Myung In Dumplings,20627 Golden Springs Dr Ste 2A,V,,False,False,33.99741866102579,-117.85522733584577
Myung Sung,Myung Sung,12241 Artesia Blvd,V,,False,False,33.87347725632293,-118.07111984904863
NAK WON RICE BAKERY INC / NAK WON RICE BAKERY INC,NAK WON RICE BAKERY INC / NAK WON RICE BAKERY INC,205 N WESTERN AVE,K,FA0041135,False,True,34.07484287,-118.3093398
NAM WON GOL / NAM WON GOL,NAM WON GOL / NAM WON GOL | Nam Won Gol,3623 W PICO BLVD,V,FA0262017,False,True,34.04733875,-118.3205957
NAMU KITCHEN / MAMU KITCHEN,NAMU KITCHEN / MAMU KITCHEN | Myung Dong Tofu House,1025 S GLENDORA AVE,V,FA0067369,False,False,34.0575979,-117.9363373
"NEW GARDEN M, LLC / NEW GARDEN M, LLC","NEW GARDEN M, LLC / NEW GARDEN M, LLC | New Garden M",18740 E COLIMA RD,V,FA0330274,False,False,33.987407,-117.89492
NOYA KITCHEN / NOYA KITCHEN,NOYA KITCHEN / NOYA KITCHEN | Buil Samgye Tang,4204 3RD ST,V,FA0281962,False,True,34.06896454,-118.3057425
Nabi Korean Restaurant,Nabi Korean Restaurant,4632 Santa Monica Blvd #16,V,,False,True,34.09062510923953,-118.2904601097107
Namsan OK Traditional Korean Restaurant,Namsan OK Traditional Korean Restaurant,11454 South St,V,,False,False,33.85777,-118.08969
Nanuri Snack,Nanuri Snack,3051-A Foothill Boulevard,O,,False,False,34.2280924,-118.2458998
New House of Korea Korean BBQ,New House of Korea Korean BBQ,18981 Colima Rd,V,,True,False,33.98866660011974,-117.8909383728198
O Jang Dong Korean Restaurant,O Jang Dong Korean Restaurant,4031 W 3rd St,V,,False,True,34.069177607677325,-118.30133266257569
OH MAMA / OH MAMA,OH MAMA / OH MAMA | Oh Mama! Kitchen,14822 BEACH BLVD,V,FA0256943,False,False,33.89692664,-117.9866828
OLD TIME NOODLE HOUSE / OLD TIME NOODLE HOUSE,OLD TIME NOODLE HOUSE / OLD TIME NOODLE HOUSE | Old Time Noodle House,15325 S WESTERN AVE,V,FA0042461,False,False,33.89238985,-118.3094726
OLYMPIC RESTAURANT / OLYMPIC RESTAURANT,OLYMPIC RESTAURANT / OLYMPIC RESTAURANT | 올림픽 청구장 | Olympic Restaurant,2528 W OLYMPIC BLVD UNIT 104,V,FA0311244,False,True,34.052011,-118.284878
ON AND ON / ON AND ON,ON AND ON / ON AND ON | ON+ON - Fresh Korean Kitchen,1795 S ALAMEDA ST UNIT 102,V,FA0251575,False,False,33.87891506,-118.217923
ON AND ON RESTAURANT / ON AND ON RESTAURANT,ON AND ON RESTAURANT / ON AND ON RESTAURANT | On+On - Fresh Asian Kitchen,13019 ROSECRANS AVE 101,V,FA0318129,False,False,33.902817,-118.0546668
Ob Bear,Ob Bear,3002 W 7th St,V,,False,True,34.05964,-118.28932
Ojuk,Ojuk,1101 West Huntington Drive,O,,False,False,34.1318389,-118.0658514
Oleego,Oleego,639 N Broadway,V,,False,True,34.059586046718465,-118.23978214670441
On+on - Fresh Korean Kitchen,On+on - Fresh Korean Kitchen,6000 Sepulveda Blvd,V,,False,False,33.985845,-118.39398
Ong Ga Nae Korean BBQ,Ong Ga Nae Korean BBQ,936 S Vermont Ave,V,,True,True,34.0547478907181,-118.29143922657683
Oo-Kook Tofu & BBQ,Oo-Kook Tofu & BBQ,2201 W Commonwealth Ave,V,,True,False,34.088233645361996,-118.14691896229145
Orange,Orange,3500 W 6th St #301,V,,False,True,34.0632187420905,-118.29860223181882
Orange Tokki,Orange Tokki,,O,,False,False,33.8327242,-118.348441
PAAPAIII BBQ GLENDALE / PAAPAIII BBQ GLENDALE,PAAPAIII BBQ GLENDALE / PAAPAIII BBQ GLENDALE | Paapaiii Bbq - Glendale,946 BRAND BLVD,V,FA0328688,True,False,34.160141,-118.25475
PALDANG -CHI CHI / PALDANG -CHI CHI,PALDANG -CHI CHI / PALDANG -CHI CHI | Chi Chi Ktown,610 S BERENDO ST,V,FA0319166,False,True,34.063308,-118.293888
PANDA EXPRESS #587 / PANDA EXPRESS #587,PANDA EXPRESS #587 / PANDA EXPRESS #587 | TaKorean,3801 W TEMPLE AVE # #97,O,FA0027639,False,False,34.05030359,-117.8166018
PAO JAO / PAO JAO,PAO JAO / PAO JAO | Pao Jao Dumpling House,928 S WESTERN AVE # 137,V,FA0171547,False,True,34.05514067,-118.309046
PELICANA CHICKEN LA CORP / PELICANA CHICKEN LA CORP,PELICANA CHICKEN LA CORP / PELICANA CHICKEN LA CORP,621 WESTERN AVE 117,K,FA0315169,False,False,33.869991103,-118.002610019
PERILLA LA / PERILLA LA,PERILLA LA / PERILLA LA | Perilla LA,1027 W ALPINE ST BLDG #E,V,FA0320478,False,True,34.065574018,-118.246872005
PIGYA / PIGYA,PIGYA / PIGYA | Pigya,3400 W 8TH ST,V,FA0320419,True,True,34.057465994,-118.303310042
PINE TREE / PINE TREE,PINE TREE / PINE TREE | Pine Tree,12228 CENTRALIA ST,V,FA0248460,False,False,33.83871271,-118.071199
PINK PIG / PINK PIG,PINK PIG / PINK PIG | Bul Bul E Jokbal 불이불이 족발,379 N WESTERN AVE,V,FA0357149,False,True,34.077982,-118.309425
PIXIU MALA HONGTANG / IXIU MALA HONGTANG,PIXIU MALA HONGTANG / IXIU MALA HONGTANG | Pixiu Mala Hongtang - 피슈 마라홍탕 | 장충동 평안도 족발집,425 S WESTERN AVE STE E,V,FA0352878,False,True,34.066499,-118.309449
POCHA INC / POCHA INC,POCHA INC / POCHA INC,621 S WESTERN AVE STE 100-A,K,FA0276003,False,True,34.0628035,-118.3091326
PORKY'S CARNITAS / PORKY'S CARNITAS,PORKY'S CARNITAS / PORKY'S CARNITAS | Momo Korean BBQ,1720 S SOTO ST,V,FA0299717,True,True,34.01756801,-118.219726
PRATA HOUSE / PRATA HOUSE,PRATA HOUSE / PRATA HOUSE | Ajumma,360 S GLENDORA AVE STE 3,V,FA0267708,False,False,34.06792,-117.92414
PZK BBQ / PZK BBQ,PZK BBQ / PZK BBQ | Pzk Bbq,7311 BEVERLY BLVD,V,FA0322221,True,True,34.076472,-118.349103
"Paik’s Noodle Granada Hills, Ca","Paik’s Noodle Granada Hills, Ca",,V,,False,True,34.26380274137694,-118.52325477570581
Phò BYOB,Phò BYOB,,O,,False,True,34.0581644,-118.2938683
Prime K BBQ,Prime K BBQ,400 S Western Ave #104,V,,True,True,34.066953,-118.308609
Quarters,Quarters,3465 West 6th Street,O,,True,True,34.0639975,-118.2977285
READY SET GOGI / READY SET GOGI,READY SET GOGI / READY SET GOGI,20056 E ARROW HWY STE B,K,FA0402158,True,False,34.10657879,-117.8620767
REU CAFE / REU CAFE,REU CAFE / REU CAFE | Pojang Korean Food,12836 S INGLEWOOD AVE,V,FA0354224,False,False,33.915612,-118.361054
RH BBQ / RH BBQ,RH BBQ / RH BBQ | RH BBQ,18311 E COLIMA RD # A,V,FA0269894,True,False,33.98854459,-117.9055232
RICE CHICKEN / RICE CHICKEN,RICE CHICKEN / RICE CHICKEN | Rice Chicken,3065 W 8TH ST,V,FA0318466,False,True,34.058024019,-118.293640007
RICH CRAB / RICH CRAB,RICH CRAB / RICH CRAB | Jinsol Gukbap | Rich Crab,4253 W 3RD ST,V,FA0325458,False,True,34.069289004,-118.307121963
RUNNING CHICKS / RUNNING CHICKS,RUNNING CHICKS / RUNNING CHICKS | Running Chicks (Chicken Wings),141 N ATLANTIC BLVD # 105,V,FA0251035,False,False,34.06326676,-118.1343274
Red Castle Korean BBQ,Red Castle Korean BBQ,18751 Colima Rd,V,,True,False,33.98807,-117.894896
Redondo Beach Crab House,Redondo Beach Crab House,100 Fishermans Wharf # F,V,,False,False,33.83895535,-118.39092317
Restaurant Ki,Restaurant Ki,111 San Pedro St,V,,False,True,34.05009654,-118.2413814
Rice Cups,Rice Cups,,O,,False,False,33.9183185,-118.4149184
SAIGON EATERY / SAIGON EATERY,SAIGON EATERY / SAIGON EATERY | Sokuri Kitchen,20527 S WESTERN AVE,V,FA0292818,False,False,33.84413101,-118.310037
SAM SIK E / SAM SIK E,SAM SIK E / SAM SIK E | SamSik E,2424 S SAN PEDRO ST,V,FA0256998,False,True,34.02263452,-118.2606264
SAM WOO SEAFOOD BBQ REST / SAM WOO SEAFOOD BBQ REST,SAM WOO SEAFOOD BBQ REST / SAM WOO SEAFOOD BBQ REST | Sam Woo BBQ and Seafood,19008 S PIONEER BLVD,O,FA0046818,True,False,33.85816417,-118.081712
SAMGYEOPJIB / SAMGYEOPJIB,SAMGYEOPJIB / SAMGYEOPJIB,16430 NORWALK BLVD,K,FA0358388,True,False,33.88105677,-118.0726403
SEA MOUNTAIN BBQ / SEA MOUNTAIN BBQ,SEA MOUNTAIN BBQ / SEA MOUNTAIN BBQ | Sea Mountain BBQ,14952 CRENSHAW BLVD # 107,V,FA0180066,True,False,33.89566069,-118.3265068
SEOUL BELLY / SEOUL BELLY,SEOUL BELLY / SEOUL BELLY,11636 ARTESIA BLVD,K,FA0357943,False,False,33.87292198,-118.0858778
SEOUL SALON / SEOUL SALON,SEOUL SALON / SEOUL SALON,3600 WILSHIRE BLVD STE 100 B,K,FA0399085,False,True,34.06170147,-118.303647
SEOUL SALON / SEOUL SALON,SEOUL SALON / SEOUL SALON,3600 WILSHIRE BLVD STE 100B,K,FA0290142,False,True,34.061261,-118.30365
SEOULTIME 2023 / SEOULTIME 2023,SEOULTIME 2023 / SEOULTIME 2023,16156 SAN FERNANDO MISSION BLVD,K,FA0327146,False,True,34.271547,-118.484273
SHAGNHAI BAN JUM / SHAGNHAI BAN JUM,SHAGNHAI BAN JUM / SHAGNHAI BAN JUM | Shanghai Banjum,440 S VERMONT AVE STE 102,V,FA0047472,False,True,34.06591104,-118.2914272
SHIN,SHIN,1600 Wilcox Ave,V,,False,True,34.09998,-118.33083615
SHIN CHON SEOLNONGTANG / SHIN CHON SEOLNONGTANG,SHIN CHON SEOLNONGTANG / SHIN CHON SEOLNONGTANG | Shin Chon Seolleongtang(신촌설렁탕),3033 W 6TH ST # 103,V,FA0222935,False,True,34.16305259,-118.5213529
SIROODANG / SIROODANG,SIROODANG / SIROODANG | Siroodang,928 S WESTERN AVE STE 109,V,FA0264521,False,True,34.055136,-118.3090473
SMILE HOT DOGS / SMILE HOT DOGS,SMILE HOT DOGS / SMILE HOT DOGS | Smilehotdog,333 S ALAMEDA ST STE 104,V,FA0279183,False,True,34.04451463,-118.2381011
SOJU TAVERN / SOJU TAVERN,SOJU TAVERN / SOJU TAVERN | Soju Tavern,19718 COLIMA RD,V,FA0320267,False,False,33.985576003,-117.871630042
SOON HEE GA / SOON HEE GA,SOON HEE GA / SOON HEE GA | Soonheene,1033 S BALDWIN AVE,V,FA0299701,False,False,34.03493598,-117.755792
SPICY FISH / SPICY FISH,SPICY FISH / SPICY FISH | Spicy fish,1084 W MISSION BLVD # 10,V,FA0251393,False,False,34.05475452,-117.7627233
SUL & BEANS / SUL & BEANS,SUL & BEANS / SUL & BEANS | Sul & Beans,621 S WESTERN AVE #208A,V,FA0164766,False,True,34.06273063,-118.3091322
SUN NONG DAN / SUN NONG DAN,SUN NONG DAN / SUN NONG DAN | Sun Nong Dan,710 S WESTERN AVE,V,FA0300971,False,True,34.05924602,-118.308833
SUPER PEACH / SUPER PEACH,SUPER PEACH / SUPER PEACH | Super Peach by Momofuku,10250 SANTA MONICA BLVD,V,FA0364027,False,True,34.06002308,-118.4199394
SYTK Sullungtang,SYTK Sullungtang,2717 West Olympic Boulevard,O,,False,True,34.053032,-118.2925263
Saekdong Juhgori,Saekdong Juhgori,4083 W 3rd St,V,,False,True,34.06916998864445,-118.3025352447666
Sea Story,Sea Story,3470 West 6th Street,O,,False,True,34.0629108,-118.2975183
Seoraksan Charcoal BBQ,Seoraksan Charcoal BBQ,1790 W Garvey Ave A,V,,True,False,34.06194241,-118.1523416
Seoul Bistro,Seoul Bistro,4350 Laurel Canyon Boulevard,O,,False,True,34.1500022,-118.3962448
Seoul Jung,Seoul Jung,930 Wilshire Blvd,V,,False,True,34.04972812022683,-118.26000409991222
Seoul Korean Bbq,Seoul Korean Bbq,122 N San Fernando Blvd,V,,True,False,34.181301,-118.3090046
Seoul Sausage Company,Seoul Sausage Company,11313 Mississippi Ave.,V,,False,True,34.03934180295212,-118.44281093420341
Shila,Shila,440 N LA Cienega Blvd,V,,False,True,34.07925041952865,-118.37629886562519
Sik Gaek,Sik Gaek,21080 Golden Springs Dr,V,,False,False,33.99836181368052,-117.84433098812787
Siroodang,Siroodang,1059 S Alvarado St,V,,False,True,34.050879,-118.280754
Sogongdong and BBQ Tofu,Sogongdong and BBQ Tofu,1101 W Huntington Dr,V,,True,False,34.131657,-118.065815
Sorabol,Sorabol,6600 Topanga Canyon Blvd,V,,False,True,34.19026502778352,-118.602918667377
Spooner's,Spooner's,2325 D Street,O,,False,False,34.1009979,-117.7702742
Street Food Of Seoul,Street Food Of Seoul,3500 W 6th St  Ste 228,V,,False,True,34.06346,-118.29849
Sugo Social,Sugo Social,550 Deep Valley Drive,O,,False,False,33.7720801,-118.3733994
T Equals Fish,T Equals Fish,301 S Western Ave,V,,False,True,34.068723,-118.309601
TENORI / TENORI,TENORI / TENORI | California Gogi Korean Grill,3742 S FIGUEROA BLVD,V,FA0401427,True,True,34.01717242,-118.2827145
THE CLAM HOUSE / THE CLAM HOUSE,THE CLAM HOUSE / THE CLAM HOUSE | The Clam House,133 W GARVEY AVE,V,FA0313636,False,False,34.062720986,-118.123731035
THE CORNER PLACE / THE CORNER PLACE,THE CORNER PLACE / THE CORNER PLACE | Corner Place Restaurant,2817 W JAMES M WOOD BLVD,V,FA0288662,True,True,34.056022,-118.289745
THE GREEN OLIVE / THE GREEN OLIVE,THE GREEN OLIVE / THE GREEN OLIVE | Hawaii Grille,4840 S EASTERN AVE,V,FA0159739,False,False,33.99038414,-118.1611655
THE KIMBAP - TOGO ONLY,THE KIMBAP - TOGO ONLY,400 S Western Ave,V,,False,True,34.067005150179334,-118.30876353214464
THE LINE HOTEL / THE LINE HOTEL - OPENAIRE,THE LINE HOTEL / THE LINE HOTEL - OPENAIRE | Pot at the Line Hotel,3515 WILSHIRE BLVD,V,FA0159351,False,True,34.06190287,-118.3009436
THE MOO KOREAN BBQ / THE MOO KOREAN BBQ,THE MOO KOREAN BBQ / THE MOO KOREAN BBQ,231 ARIZONA AVE,K,FA0400096,True,False,34.01675792,-118.4980746
THE ONE JOKBAL INC / THE ONE JOKBAL,THE ONE JOKBAL INC / THE ONE JOKBAL,338 S WESTERN AVE A-B,K,FA0358109,False,True,34.06782483,-118.3090815
THE PPONG / THE PPONG,THE PPONG / THE PPONG | The Ppong Korea town,4003 WILSHIRE BLVD STE I,V,FA0247990,False,True,34.06171778,-118.3143794
THE PRINCE / THE PRINCE,THE PRINCE / THE PRINCE | The Prince,3198 W 7TH ST,V,FA0249118,False,True,34.05973652,-118.2950411
TOAD HOUSE / TOAD HOUSE,TOAD HOUSE / TOAD HOUSE | Toad House,4503 W BEVERLY BLVD,V,FA0052097,True,True,34.07641539,-118.3071223
TRIMANA / TRIMANA,TRIMANA / TRIMANA | Trimana,9841 AIRPORT BLVD,O,FA0053124,False,True,33.94646933,-118.386264
TWO HANDS / TWO HANDS,TWO HANDS / TWO HANDS | Two Hands Seoul Fresh Corn Dogs,450 S WESTERN AVE STE 313,V,FA0267845,False,True,34.065765,-118.3090708
TWO HANDS CORN DOGS / TWO HANDS CORN DOGS,TWO HANDS CORN DOGS / TWO HANDS CORN DOGS | Two Hands Corn Dogs,18431 NORDHOFF ST,V,FA0354465,False,True,34.23553153,-118.5352677
TWOZONE CHICKEN / TWOZONE CHICKEN,TWOZONE CHICKEN / TWOZONE CHICKEN | Halgatteok LA,3516 W 8TH ST # A,V,FA0270106,False,True,34.05764454,-118.3069825
Taekwon,Taekwon,250 W Valley Blvd,V,,True,False,34.07897,-118.103259
Tang88,Tang88,13349 Artesia Blvd,V,,False,False,33.8742821,-118.047327
Tasty Grill,Tasty Grill,301 S Western Ave suite 101-102,V,,False,True,34.0685206608878,-118.30959762699192
Toe Bang,Toe Bang,3465 W 6th St,V,,False,True,34.06414216,-118.29704663
Tofu Bean Korean BBQ,Tofu Bean Korean BBQ,18409 Colima Rd,V,,True,False,33.98846639,-117.90318064
Tofu House Valencia,Tofu House Valencia,23360 w. Valencia blvd.,V,,False,False,34.42111083859268,-118.54671536774262
Tofu Love,Tofu Love,3115 Foothill Blvd,V,,False,False,34.22867164640017,-118.24660897731906
Tofu Village,Tofu Village,,O,,False,True,34.0619072,-118.3096159
Touhmi,Touhmi,3500 W 6th St,V,,False,True,34.06339829177482,-118.29851793909894
Ttu Rak,Ttu Rak,125 N Western Ave,V,,False,True,34.0737282,-118.3094103
Tu Casa Deliciosa,Tu Casa Deliciosa,1111 Pacific Coast Hwy Ste 17,V,,False,True,33.790764016973235,-118.29650041380951
Twinkle Point,Twinkle Point,621 S Western Ave,V,,False,True,34.062776,-118.309488
Two Hands Seoul Fresh Corn Dogs,Two Hands Seoul Fresh Corn Dogs,4770 E Cesar E Chavez Ave,V,,False,False,34.040422,-118.162391
WANGDOYAJI / WANGDOYAJI,WANGDOYAJI / WANGDOYAJI | Wangdoyaji,7608 RESEDA BLVD,V,FA0073763,True,True,34.20859725,-118.5358807
WESTERN DOMA NOODLES / WESTERN DOMA NOODLES,WESTERN DOMA NOODLES / WESTERN DOMA NOODLES | Western Doma Noodles,429 N WESTERN AVE STE 10,V,FA0040635,False,True,34.07894238,-118.3093292
WHARO / WHARO,WHARO / WHARO | Wharo Korean BBQ,4029 LINCOLN BLVD,V,FA0040843,True,True,33.98958493,-118.4473056
WI KOREAN BBQ / KOREAN BBQ,WI KOREAN BBQ / KOREAN BBQ,4333 E FLORENCE AVE,K,FA0358491,True,False,33.97058889,-118.1905411
WINGS N STUFF / WINGS N STUFF,WINGS N STUFF / WINGS N STUFF | Wings N Stuff,3160 W OLYMPIC BLVD,V,FA0274367,False,True,34.05257347,-118.304891
WOOL UM MA RESTAURANT / WOOL UM MA RESTAURANT,WOOL UM MA RESTAURANT / WOOL UM MA RESTAURANT | Wool Um Ma Restaurant,124 N WESTERN AVE,V,FA0055110,False,True,34.0744653,-118.3089517
WOOWA / WOOWA,WOOWA / WOOWA | Cho Mak,15125 S WESTERN AVE,V,FA0361792,False,False,33.89408673,-118.3091675
WUSO KOREAN BBQ / WUSO KOREAN BBQ,WUSO KOREAN BBQ / WUSO KOREAN BBQ,23410 LYONS AVE,K,FA0322530,True,False,34.37856,-118.542778
Wawa Grill,Wawa Grill,5625 Avalon Blvd,V,,False,True,33.990952,-118.265561
Witch's Chicken,Witch's Chicken | VNS Chicken,3250 W Olympic Blvd,V,,False,True,34.05253701,-118.30863319
Woori Korean Restaurant,Woori Korean Restaurant,19143 Bloomfield Ave,V,,False,False,33.85713577270508,-118.06398010253906
YANG BAN SUL LUNG TANG INC / YANG BAN SUL LUNG TANG INC,YANG BAN SUL LUNG TANG INC / YANG BAN SUL LUNG TANG INC | Yangban Sul Lung Tang,1515 MAPLE AVE STE 1,V,FA0249670,False,True,34.03219704,-118.259164
YANG GANE / YANG GANE,YANG GANE / YANG GANE | Yang Ga Neh,1676 W 11TH ST,V,FA0041598,False,True,34.04863592,-118.2774056
YANGMANI / YANGMANI,YANGMANI / YANGMANI | Yangmani,414 S WESTERN AVE E,V,FA0353185,False,True,34.066598,-118.308717
YARD BBQ INC / YARD BBQ INC,YARD BBQ INC / YARD BBQ INC | Jin Ju Korean Restaurant,1700 BATSON AVE,V,FA0329110,False,False,33.988031,-117.903721
YEI SAN JIB RESTAURANT / YEI SAN JIB RESTAURANT,YEI SAN JIB RESTAURANT / YEI SAN JIB RESTAURANT | Yei San Jib,18301 COLIMA RD,V,FA0269329,False,False,33.98854804,-117.9056073
YERIM / YERIM,YERIM / YERIM | Yerim Korean BBQ,300 S HOBART BLVD # 100,V,FA0177226,True,True,34.06863289,-118.3053361
YI CHA / YI CHA,YI CHA / YI CHA | YICHA,5715 N FIGUEROA ST 101,V,FA0354483,False,True,34.10981178,-118.1924167
YONNY / YONNY,YONNY / YONNY | Fork Over Pork,1431 S BALDWIN AVE,V,FA0401178,False,False,34.12294006,-118.0551454
YOONI TABLE / YOONI TABLE,YOONI TABLE / YOONI TABLE | Yooni Table,3250 W OLYMPIC BLVD # 315,V,FA0265051,False,True,34.05262853,-118.3077315
YOSHINOYA #1127 / YOSHINOYA BEEF BOWL REST,YOSHINOYA #1127 / YOSHINOYA BEEF BOWL REST | Yellow Cow Korean BBQ,1825 W REDONDO BEACH BLVD,V,FA0074320,True,False,33.88861632,-118.3102466
YOU JUNG RESTAURANT / YOU JUNG RESTAURANT,YOU JUNG RESTAURANT / YOU JUNG RESTAURANT | Won Jo Kokerang Agurang,533 S WESTERN AVE # 100,V,FA0074332,False,True,33.73911708,-118.3122723
YOUNGDONG NOODLE / YOUNGDONG NOODLE,YOUNGDONG NOODLE / YOUNGDONG NOODLE,928 S WESTERN AVE # 131,K,FA0356718,False,True,34.055147,-118.308655
YUK DAE JANG RH / YUK DAE JANG RH,YUK DAE JANG RH / YUK DAE JANG RH | Yuk Dae Jang,19732 COLIMA RD,V,FA0319324,False,False,33.985576003,-117.871630042
Yang Ban Sul Lung Tahng,Yang Ban Sul Lung Tahng,716 E 9th Pl,V,,False,True,34.03600611123784,-118.25076508403481
Yang San Bak,Yang San Bak,3601 W 6th St,V,,False,True,34.06395506423922,-118.30053980654353
Yangmani K.BBQ Rowland Heights,Yangmani K.BBQ Rowland Heights,1390 Fullerton Rd,V,,True,False,33.99357531709887,-117.90402352963136
Yasik Time,Yasik Time,3660 Wilshire Blvd,V,,False,True,34.06151242,-118.30517717
Yasiknara,Yasiknara,3871 Wilshire Blvd,V,,False,True,34.061953,-118.3111
Yeogiyo,Yeogiyo,956 S San Pedro St,V,,False,True,34.036266926622446,-118.251052880189
Yeosu Restaurant,Yeosu Restaurant,3411 W Olympic Blvd,V,,False,True,34.0528,-118.3126
Yogiyo,Yogiyo,510 Santa Monica Blvd,V,,False,False,34.017264705398624,-118.49381386644359
ZIP BANCHAN & CATERING / ZIP BANCHAN & CATERING,ZIP BANCHAN & CATERING / ZIP BANCHAN & CATERING | Zipbanchan Korean Food,16320 S WESTERN AVE,V,FA0354747,False,False,33.88239925,-118.3091194
ZWONNY KITCHEN INC / ZWONNY KITCHEN INC,ZWONNY KITCHEN INC / ZWONNY KITCHEN INC | JangTuh Bossam 장터보쌈,857 S WESTERN AVE,V,FA0160087,False,True,34.05658409,-118.3092905
ZZAMONG / ZZAMONG,ZZAMONG / ZZAMONG | Zzamong,4255 W 3RD ST,V,FA0074451,False,True,34.06912832,-118.3072199
bb.q Chicken,bb.q Chicken,2131 Sawtelle Boulevard,O,,False,True,34.0388025,-118.442236
bb.q Chicken,bb.q Chicken,,O,,False,True,34.0976182,-118.3654272
bb.q Chicken,bb.q Chicken,1101 West Huntington Drive,O,,False,False,34.1318361,-118.0657601
bb.q Chicken,bb.q Chicken,560 West Main Street,O,,False,False,34.0922103,-118.1325767
bb.q Chicken,bb.q Chicken,,V,,False,False,34.181184,-118.309141
bibigo,bibigo,1091 Broxton Ave,V,,False,True,34.06082311915291,-118.44586256260756
han kook market,han kook market,3157 Foothill Blvd #G,V,,False,False,34.229636027507446,-118.248044186871
무봉리 순대국,무봉리 순대국,,V,,False,True,34.064623,-118.30991
왕돼지,왕돼지,,O,,False,True,34.2086799,-118.5354089
